1779450909: mosquitto version 2.0.22 starting
1779450909: Config loaded from /mosquitto/config/mosquitto.conf.
1779450909: Opening ipv4 listen socket on port 1883.
1779450909: Opening ipv6 listen socket on port 1883.
1779450909: Opening websockets listen socket on port 9001.
1779450909: mosquitto version 2.0.22 running
1779450939: New connection from ::1:52486 on port 1883.
1779450939: New client connected from ::1:52486 as auto-7B31C7E3-0AB3-6459-824D-24E92FA9D9F5 (p2, c1, k60).
1779450939: Client auto-7B31C7E3-0AB3-6459-824D-24E92FA9D9F5 disconnected.
1779450969: New connection from ::1:58818 on port 1883.
1779450969: New client connected from ::1:58818 as auto-A09F825E-7C0E-ACEF-7D49-F3A03F247D8E (p2, c1, k60).
1779450969: Client auto-A09F825E-7C0E-ACEF-7D49-F3A03F247D8E disconnected.
1779451000: New connection from ::1:41248 on port 1883.
1779451000: New client connected from ::1:41248 as auto-88CF9ED5-6F25-A8FB-DA2E-EC45636DD301 (p2, c1, k60).
1779451000: Client auto-88CF9ED5-6F25-A8FB-DA2E-EC45636DD301 disconnected.
1779451030: New connection from ::1:44810 on port 1883.
1779451030: New client connected from ::1:44810 as auto-20A9CC20-F953-666F-BBA4-117391EA2D0C (p2, c1, k60).
1779451030: Client auto-20A9CC20-F953-666F-BBA4-117391EA2D0C disconnected.
1779451060: New connection from ::1:56524 on port 1883.
1779451060: New client connected from ::1:56524 as auto-B4D2165D-28A8-3AC6-7C0C-FB1E92B3F90A (p2, c1, k60).
1779451060: Client auto-B4D2165D-28A8-3AC6-7C0C-FB1E92B3F90A disconnected.
1779451090: New connection from ::1:37998 on port 1883.
1779451090: New client connected from ::1:37998 as auto-6207367C-385D-E428-4A26-18A18A30B59C (p2, c1, k60).
1779451090: Client auto-6207367C-385D-E428-4A26-18A18A30B59C disconnected.
1779451120: New connection from ::1:39672 on port 1883.
1779451120: New client connected from ::1:39672 as auto-8EF7EDFA-85F5-D80A-7FDF-D0B4BD61C8C0 (p2, c1, k60).
1779451120: Client auto-8EF7EDFA-85F5-D80A-7FDF-D0B4BD61C8C0 disconnected.
1779451150: New connection from ::1:60374 on port 1883.
1779451150: New client connected from ::1:60374 as auto-C9AEC373-7A44-06B1-1F7F-A259D4FAADA9 (p2, c1, k60).
1779451150: Client auto-C9AEC373-7A44-06B1-1F7F-A259D4FAADA9 disconnected.
1779451180: New connection from ::1:39336 on port 1883.
1779451180: New client connected from ::1:39336 as auto-C39384A3-B940-3FF0-92B2-2E87DBA33B51 (p2, c1, k60).
1779451180: Client auto-C39384A3-B940-3FF0-92B2-2E87DBA33B51 disconnected.
1779451210: New connection from ::1:45012 on port 1883.
1779451210: New client connected from ::1:45012 as auto-A61898F6-8AF5-F4AD-7C05-CB33A81133DF (p2, c1, k60).
1779451210: Client auto-A61898F6-8AF5-F4AD-7C05-CB33A81133DF disconnected.
1779451240: New connection from ::1:36522 on port 1883.
1779451240: New client connected from ::1:36522 as auto-35092D65-C44A-5B28-3067-D4D07CD53C77 (p2, c1, k60).
1779451240: Client auto-35092D65-C44A-5B28-3067-D4D07CD53C77 disconnected.
1779451270: New connection from ::1:49776 on port 1883.
1779451270: New client connected from ::1:49776 as auto-CA3D36E6-6E69-6FD7-04AD-70EB47DF2904 (p2, c1, k60).
1779451270: Client auto-CA3D36E6-6E69-6FD7-04AD-70EB47DF2904 disconnected.
1779451300: New connection from ::1:55558 on port 1883.
1779451300: New client connected from ::1:55558 as auto-EC2985DA-FF53-2024-A67B-2356B1B6987C (p2, c1, k60).
1779451300: Client auto-EC2985DA-FF53-2024-A67B-2356B1B6987C disconnected.
1779451330: New connection from ::1:58946 on port 1883.
1779451330: New client connected from ::1:58946 as auto-5845154F-435B-4F4D-53D4-3D3118A3F779 (p2, c1, k60).
1779451330: Client auto-5845154F-435B-4F4D-53D4-3D3118A3F779 disconnected.
1779451361: New connection from ::1:44082 on port 1883.
1779451361: New client connected from ::1:44082 as auto-0864D7B1-0637-0361-757E-13BB2FE1994B (p2, c1, k60).
1779451361: Client auto-0864D7B1-0637-0361-757E-13BB2FE1994B disconnected.
1779451490: New connection from ::1:37696 on port 1883.
1779451490: New client connected from ::1:37696 as auto-4ECC4882-E813-BBDE-74FF-286826868649 (p2, c1, k60).
1779451490: Client auto-4ECC4882-E813-BBDE-74FF-286826868649 disconnected.
1779451520: New connection from ::1:53250 on port 1883.
1779451520: New client connected from ::1:53250 as auto-58F2C68C-583B-7D8D-3313-7769F09DCD26 (p2, c1, k60).
1779451520: Client auto-58F2C68C-583B-7D8D-3313-7769F09DCD26 disconnected.
1779451552: New connection from ::1:45376 on port 1883.
1779451552: New client connected from ::1:45376 as auto-87C6F09D-539A-5660-08FA-ADF25BEBD932 (p2, c1, k60).
1779451552: Client auto-87C6F09D-539A-5660-08FA-ADF25BEBD932 disconnected.
1779451787: New connection from ::1:51974 on port 1883.
1779451787: New client connected from ::1:51974 as auto-0A3DC0BE-FC11-D857-35DE-EB4F7C11039D (p2, c1, k60).
1779451787: Client auto-0A3DC0BE-FC11-D857-35DE-EB4F7C11039D disconnected.
1779451817: New connection from ::1:60020 on port 1883.
1779451817: New client connected from ::1:60020 as auto-A892A00B-FDD2-7CFC-D382-E1ACF312DD7B (p2, c1, k60).
1779451817: Client auto-A892A00B-FDD2-7CFC-D382-E1ACF312DD7B disconnected.
1779451910: New connection from ::1:57514 on port 1883.
1779451910: New client connected from ::1:57514 as auto-42CDD082-9667-509F-4906-419BE89A7939 (p2, c1, k60).
1779451910: Client auto-42CDD082-9667-509F-4906-419BE89A7939 disconnected.
1779452003: New connection from ::1:38766 on port 1883.
1779452003: New client connected from ::1:38766 as auto-01F05405-F988-5E20-2BAF-2E9B64FB28AD (p2, c1, k60).
1779452003: Client auto-01F05405-F988-5E20-2BAF-2E9B64FB28AD disconnected.
1779452033: New connection from ::1:38484 on port 1883.
1779452033: New client connected from ::1:38484 as auto-B3B67F6E-3FBE-6A62-DDC0-FE250CA00472 (p2, c1, k60).
1779452033: Client auto-B3B67F6E-3FBE-6A62-DDC0-FE250CA00472 disconnected.
1779452176: New connection from ::1:53392 on port 1883.
1779452176: New client connected from ::1:53392 as auto-05C170EF-EF32-ABB8-3918-380E7AEA67E5 (p2, c1, k60).
1779452176: Client auto-05C170EF-EF32-ABB8-3918-380E7AEA67E5 disconnected.
1779452206: New connection from ::1:55138 on port 1883.
1779452206: New client connected from ::1:55138 as auto-AA056C4C-8A16-FEB0-9F99-AC26E7E1D089 (p2, c1, k60).
1779452206: Client auto-AA056C4C-8A16-FEB0-9F99-AC26E7E1D089 disconnected.
1779452322: New connection from ::1:42218 on port 1883.
1779452322: New client connected from ::1:42218 as auto-77A20E3C-527F-55B5-85F2-9D37A469FCC3 (p2, c1, k60).
1779452322: Client auto-77A20E3C-527F-55B5-85F2-9D37A469FCC3 disconnected.
1779452920: New connection from ::1:56860 on port 1883.
1779452920: New client connected from ::1:56860 as auto-08BE166B-8409-DBCA-11D1-48858741C394 (p2, c1, k60).
1779452920: Client auto-08BE166B-8409-DBCA-11D1-48858741C394 disconnected.
1779453035: New connection from ::1:53262 on port 1883.
1779453035: New client connected from ::1:53262 as auto-06439B6A-8024-C626-D6B7-DDF51A101672 (p2, c1, k60).
1779453035: Client auto-06439B6A-8024-C626-D6B7-DDF51A101672 disconnected.
1779453278: New connection from ::1:49942 on port 1883.
1779453278: New client connected from ::1:49942 as auto-57CB1944-2952-82FE-0A82-8E6D7E9DB273 (p2, c1, k60).
1779453278: Client auto-57CB1944-2952-82FE-0A82-8E6D7E9DB273 disconnected.
1779453986: New connection from ::1:40182 on port 1883.
1779453986: New client connected from ::1:40182 as auto-9975B4CD-48B6-CF81-46F5-9CA92543E041 (p2, c1, k60).
1779453986: Client auto-9975B4CD-48B6-CF81-46F5-9CA92543E041 disconnected.
1779454016: New connection from ::1:33756 on port 1883.
1779454016: New client connected from ::1:33756 as auto-75C51DE6-CA89-0754-4B60-ED2F5BF9FA6B (p2, c1, k60).
1779454016: Client auto-75C51DE6-CA89-0754-4B60-ED2F5BF9FA6B disconnected.
1779454504: New connection from ::1:53306 on port 1883.
1779454504: New client connected from ::1:53306 as auto-1116B5EB-3F07-A8F8-A354-C76E867901CC (p2, c1, k60).
1779454504: Client auto-1116B5EB-3F07-A8F8-A354-C76E867901CC disconnected.
1779454629: New connection from ::1:58820 on port 1883.
1779454629: New client connected from ::1:58820 as auto-0E8AFAD9-EBDE-C39E-B3CA-A1094B6E979A (p2, c1, k60).
1779454629: Client auto-0E8AFAD9-EBDE-C39E-B3CA-A1094B6E979A disconnected.
1779454659: New connection from ::1:33406 on port 1883.
1779454659: New client connected from ::1:33406 as auto-62E45912-DEB7-0A0C-1EF6-713AA8FDE578 (p2, c1, k60).
1779454659: Client auto-62E45912-DEB7-0A0C-1EF6-713AA8FDE578 disconnected.
1779454689: New connection from ::1:51826 on port 1883.
1779454689: New client connected from ::1:51826 as auto-5657A592-2AD3-0F34-1999-A10D80E26862 (p2, c1, k60).
1779454689: Client auto-5657A592-2AD3-0F34-1999-A10D80E26862 disconnected.
1779454719: New connection from ::1:33044 on port 1883.
1779454719: New client connected from ::1:33044 as auto-8F4F2A4E-F8CC-B306-5F9D-A0D11B4964F0 (p2, c1, k60).
1779454719: Client auto-8F4F2A4E-F8CC-B306-5F9D-A0D11B4964F0 disconnected.
1779454749: New connection from ::1:47282 on port 1883.
1779454749: New client connected from ::1:47282 as auto-74743686-631B-F838-A63F-756857733F1A (p2, c1, k60).
1779454749: Client auto-74743686-631B-F838-A63F-756857733F1A disconnected.
1779454779: New connection from ::1:40018 on port 1883.
1779454779: New client connected from ::1:40018 as auto-641D53D8-EA7A-DAAE-943A-D5636BF62A12 (p2, c1, k60).
1779454779: Client auto-641D53D8-EA7A-DAAE-943A-D5636BF62A12 disconnected.
1779454809: New connection from ::1:50820 on port 1883.
1779454809: New client connected from ::1:50820 as auto-B32ECA74-8B9B-BA2A-AF38-F065F69DAA49 (p2, c1, k60).
1779454809: Client auto-B32ECA74-8B9B-BA2A-AF38-F065F69DAA49 disconnected.
1779454840: New connection from ::1:40282 on port 1883.
1779454840: New client connected from ::1:40282 as auto-BDFA7FFC-1FFE-335C-75BC-93582DAB7FA7 (p2, c1, k60).
1779454840: Client auto-BDFA7FFC-1FFE-335C-75BC-93582DAB7FA7 disconnected.
1779454870: New connection from ::1:38600 on port 1883.
1779454870: New client connected from ::1:38600 as auto-DF765E6D-43E9-CE4F-3E39-FB78107133B2 (p2, c1, k60).
1779454870: Client auto-DF765E6D-43E9-CE4F-3E39-FB78107133B2 disconnected.
1779454900: New connection from ::1:42932 on port 1883.
1779454900: New client connected from ::1:42932 as auto-6582B535-9643-12A2-3BEE-CAEF42D57A81 (p2, c1, k60).
1779454900: Client auto-6582B535-9643-12A2-3BEE-CAEF42D57A81 disconnected.
1779454930: New connection from ::1:47318 on port 1883.
1779454930: New client connected from ::1:47318 as auto-37E1C933-E1AF-23CC-E320-67FE32362B59 (p2, c1, k60).
1779454930: Client auto-37E1C933-E1AF-23CC-E320-67FE32362B59 disconnected.
1779454960: New connection from ::1:53280 on port 1883.
1779454960: New client connected from ::1:53280 as auto-291022A5-77A9-C155-A427-4963BD37E46B (p2, c1, k60).
1779454960: Client auto-291022A5-77A9-C155-A427-4963BD37E46B disconnected.
1779454990: New connection from ::1:60280 on port 1883.
1779454990: New client connected from ::1:60280 as auto-2A353845-01D1-31D0-A3B3-1C71184AEC78 (p2, c1, k60).
1779454990: Client auto-2A353845-01D1-31D0-A3B3-1C71184AEC78 disconnected.
1779455020: New connection from ::1:34442 on port 1883.
1779455020: New client connected from ::1:34442 as auto-6B8B5E5E-3DDB-6607-6ED0-9858B2C9A90B (p2, c1, k60).
1779455020: Client auto-6B8B5E5E-3DDB-6607-6ED0-9858B2C9A90B disconnected.
1779455050: New connection from ::1:59278 on port 1883.
1779455050: New client connected from ::1:59278 as auto-AC4309B1-9943-54C0-0049-7E4489EDF0F4 (p2, c1, k60).
1779455050: Client auto-AC4309B1-9943-54C0-0049-7E4489EDF0F4 disconnected.
1779455080: New connection from ::1:59450 on port 1883.
1779455080: New client connected from ::1:59450 as auto-AD36A849-E5FD-38C9-3A7A-A4841FC7F566 (p2, c1, k60).
1779455080: Client auto-AD36A849-E5FD-38C9-3A7A-A4841FC7F566 disconnected.
1779455110: New connection from ::1:39828 on port 1883.
1779455110: New client connected from ::1:39828 as auto-D0012338-1BB0-5590-E603-0D17FC88B3BB (p2, c1, k60).
1779455110: Client auto-D0012338-1BB0-5590-E603-0D17FC88B3BB disconnected.
1779455140: New connection from ::1:36770 on port 1883.
1779455140: New client connected from ::1:36770 as auto-B85D6CEE-096F-DE77-335F-05B8E43D492B (p2, c1, k60).
1779455140: Client auto-B85D6CEE-096F-DE77-335F-05B8E43D492B disconnected.
1779455170: New connection from ::1:34546 on port 1883.
1779455170: New client connected from ::1:34546 as auto-7BCDBD8D-8D9F-815B-C388-7FF78D22DF86 (p2, c1, k60).
1779455170: Client auto-7BCDBD8D-8D9F-815B-C388-7FF78D22DF86 disconnected.
1779455200: New connection from ::1:59964 on port 1883.
1779455200: New client connected from ::1:59964 as auto-626A2349-E191-ECA3-0347-8E145BDC898F (p2, c1, k60).
1779455200: Client auto-626A2349-E191-ECA3-0347-8E145BDC898F disconnected.
1779455413: New connection from ::1:54212 on port 1883.
1779455413: New client connected from ::1:54212 as auto-BB8D3EBE-8CB6-AF9F-AE33-959AFAC02DC5 (p2, c1, k60).
1779455413: Client auto-BB8D3EBE-8CB6-AF9F-AE33-959AFAC02DC5 disconnected.
1779455443: New connection from ::1:44126 on port 1883.
1779455443: New client connected from ::1:44126 as auto-63A4A693-83DB-79AB-9499-E415746B5753 (p2, c1, k60).
1779455443: Client auto-63A4A693-83DB-79AB-9499-E415746B5753 disconnected.
1779455565: New connection from ::1:44354 on port 1883.
1779455565: New client connected from ::1:44354 as auto-385F4D35-672B-E12C-3D42-F98EAA47FE98 (p2, c1, k60).
1779455565: Client auto-385F4D35-672B-E12C-3D42-F98EAA47FE98 disconnected.
1779455595: New connection from ::1:41664 on port 1883.
1779455595: New client connected from ::1:41664 as auto-4CF1DB3A-2D29-B256-8397-BF90F7941D50 (p2, c1, k60).
1779455595: Client auto-4CF1DB3A-2D29-B256-8397-BF90F7941D50 disconnected.
1779455626: New connection from ::1:52334 on port 1883.
1779455626: New client connected from ::1:52334 as auto-B2DED59E-10DC-6874-C4B4-1EA2CAA91272 (p2, c1, k60).
1779455626: Client auto-B2DED59E-10DC-6874-C4B4-1EA2CAA91272 disconnected.
1779455656: New connection from ::1:52884 on port 1883.
1779455656: New client connected from ::1:52884 as auto-51480852-2876-C03E-0353-4691E7FDE7DC (p2, c1, k60).
1779455656: Client auto-51480852-2876-C03E-0353-4691E7FDE7DC disconnected.
1779455686: New connection from ::1:39150 on port 1883.
1779455686: New client connected from ::1:39150 as auto-4D3E4B31-6168-BF07-DD82-E3C496399183 (p2, c1, k60).
1779455686: Client auto-4D3E4B31-6168-BF07-DD82-E3C496399183 disconnected.
1779455712: Saving in-memory database to /mosquitto/data//mosquitto.db.
1779455716: New connection from ::1:47846 on port 1883.
1779455716: New client connected from ::1:47846 as auto-F550DB95-BC1C-F112-4399-7EF064A4CACE (p2, c1, k60).
1779455716: Client auto-F550DB95-BC1C-F112-4399-7EF064A4CACE disconnected.
1779455746: New connection from ::1:50732 on port 1883.
1779455746: New client connected from ::1:50732 as auto-F67121B7-0A93-B883-CA2A-761533631283 (p2, c1, k60).
1779455746: Client auto-F67121B7-0A93-B883-CA2A-761533631283 disconnected.
1779455776: New connection from ::1:34778 on port 1883.
1779455776: New client connected from ::1:34778 as auto-A468BB46-E9CD-2818-E3EB-902CA7FE2FE7 (p2, c1, k60).
1779455776: Client auto-A468BB46-E9CD-2818-E3EB-902CA7FE2FE7 disconnected.
1779455806: New connection from ::1:46608 on port 1883.
1779455806: New client connected from ::1:46608 as auto-40F5707F-73C7-B208-A015-521979939222 (p2, c1, k60).
1779455806: Client auto-40F5707F-73C7-B208-A015-521979939222 disconnected.
1779455836: New connection from ::1:57882 on port 1883.
1779455836: New client connected from ::1:57882 as auto-94674182-B9D5-7B7B-5F33-97D29F98C2EF (p2, c1, k60).
1779455836: Client auto-94674182-B9D5-7B7B-5F33-97D29F98C2EF disconnected.
1779455866: New connection from ::1:44144 on port 1883.
1779455866: New client connected from ::1:44144 as auto-8DCE0CBE-6679-0D6B-B20C-D2C7F0FF3782 (p2, c1, k60).
1779455866: Client auto-8DCE0CBE-6679-0D6B-B20C-D2C7F0FF3782 disconnected.
1779455896: New connection from ::1:49916 on port 1883.
1779455896: New client connected from ::1:49916 as auto-F82A5BB7-527F-410A-FDF6-1619510091DB (p2, c1, k60).
1779455896: Client auto-F82A5BB7-527F-410A-FDF6-1619510091DB disconnected.
1779455926: New connection from ::1:51208 on port 1883.
1779455926: New client connected from ::1:51208 as auto-B0140346-F2E7-F94E-B7F0-FDAB3F82F451 (p2, c1, k60).
1779455926: Client auto-B0140346-F2E7-F94E-B7F0-FDAB3F82F451 disconnected.
1779455956: New connection from ::1:36056 on port 1883.
1779455956: New client connected from ::1:36056 as auto-E93121D0-90FC-38E0-9375-4FA254ECD78E (p2, c1, k60).
1779455956: Client auto-E93121D0-90FC-38E0-9375-4FA254ECD78E disconnected.
1779455986: New connection from ::1:58736 on port 1883.
1779455986: New client connected from ::1:58736 as auto-5CEAEA97-22D4-077E-4139-A68154163842 (p2, c1, k60).
1779455986: Client auto-5CEAEA97-22D4-077E-4139-A68154163842 disconnected.
1779456016: New connection from ::1:39010 on port 1883.
1779456016: New client connected from ::1:39010 as auto-D51C4EEB-F039-5CBB-C3BC-F23A98DB0C2E (p2, c1, k60).
1779456016: Client auto-D51C4EEB-F039-5CBB-C3BC-F23A98DB0C2E disconnected.
1779456046: New connection from ::1:52812 on port 1883.
1779456046: New client connected from ::1:52812 as auto-89D4BF90-8426-D453-4590-D40475B8F8E9 (p2, c1, k60).
1779456046: Client auto-89D4BF90-8426-D453-4590-D40475B8F8E9 disconnected.
1779456076: New connection from ::1:46732 on port 1883.
1779456076: New client connected from ::1:46732 as auto-BE0A1116-FE29-4FE0-0705-277B72865017 (p2, c1, k60).
1779456076: Client auto-BE0A1116-FE29-4FE0-0705-277B72865017 disconnected.
1779456107: New connection from ::1:59806 on port 1883.
1779456107: New client connected from ::1:59806 as auto-2A485924-4B39-7E03-7376-2A23EABA2F59 (p2, c1, k60).
1779456107: Client auto-2A485924-4B39-7E03-7376-2A23EABA2F59 disconnected.
1779456137: New connection from ::1:41544 on port 1883.
1779456137: New client connected from ::1:41544 as auto-B47EC63A-06B6-ECD6-B96D-B24DC2C9FAE6 (p2, c1, k60).
1779456137: Client auto-B47EC63A-06B6-ECD6-B96D-B24DC2C9FAE6 disconnected.
1779456167: New connection from ::1:39376 on port 1883.
1779456167: New client connected from ::1:39376 as auto-7ACF6DEF-AB26-80C3-FB44-A577E4C1BA5B (p2, c1, k60).
1779456167: Client auto-7ACF6DEF-AB26-80C3-FB44-A577E4C1BA5B disconnected.
1779456197: New connection from ::1:57826 on port 1883.
1779456197: New client connected from ::1:57826 as auto-DDC8FE8B-3DE8-ED94-47F2-D44BDB2DBAD0 (p2, c1, k60).
1779456197: Client auto-DDC8FE8B-3DE8-ED94-47F2-D44BDB2DBAD0 disconnected.
1779456227: New connection from ::1:33358 on port 1883.
1779456227: New client connected from ::1:33358 as auto-0F7BB473-9810-0B71-E234-E14E640E92FF (p2, c1, k60).
1779456227: Client auto-0F7BB473-9810-0B71-E234-E14E640E92FF disconnected.
1779456257: New connection from ::1:59320 on port 1883.
1779456257: New client connected from ::1:59320 as auto-5A1B306E-2589-6C16-8581-B030B806C7EA (p2, c1, k60).
1779456257: Client auto-5A1B306E-2589-6C16-8581-B030B806C7EA disconnected.
1779456287: New connection from ::1:45252 on port 1883.
1779456287: New client connected from ::1:45252 as auto-6372044C-4673-4E44-06D9-C2F92193EE62 (p2, c1, k60).
1779456287: Client auto-6372044C-4673-4E44-06D9-C2F92193EE62 disconnected.
1779456317: New connection from ::1:56956 on port 1883.
1779456317: New client connected from ::1:56956 as auto-CD1C160D-D4E6-2A39-F97A-B4E14944FBDE (p2, c1, k60).
1779456317: Client auto-CD1C160D-D4E6-2A39-F97A-B4E14944FBDE disconnected.
1779456347: New connection from ::1:42734 on port 1883.
1779456347: New client connected from ::1:42734 as auto-769920B5-0107-C81D-3280-F64C36678C6F (p2, c1, k60).
1779456347: Client auto-769920B5-0107-C81D-3280-F64C36678C6F disconnected.
1779456377: New connection from ::1:47430 on port 1883.
1779456377: New client connected from ::1:47430 as auto-6FBE07EF-047A-1631-4A7E-DF37410E84F1 (p2, c1, k60).
1779456377: Client auto-6FBE07EF-047A-1631-4A7E-DF37410E84F1 disconnected.
1779456407: New connection from ::1:60834 on port 1883.
1779456407: New client connected from ::1:60834 as auto-14FD7FE6-71E5-7BD5-47CF-452A850A0DFF (p2, c1, k60).
1779456407: Client auto-14FD7FE6-71E5-7BD5-47CF-452A850A0DFF disconnected.
1779456437: New connection from ::1:39646 on port 1883.
1779456437: New client connected from ::1:39646 as auto-99ADC8A9-8819-9DC7-3535-3D082A3E5C20 (p2, c1, k60).
1779456437: Client auto-99ADC8A9-8819-9DC7-3535-3D082A3E5C20 disconnected.
1779456467: New connection from ::1:60618 on port 1883.
1779456467: New client connected from ::1:60618 as auto-5E0C4BDA-07CF-4345-AD29-8B2DD87AABDA (p2, c1, k60).
1779456467: Client auto-5E0C4BDA-07CF-4345-AD29-8B2DD87AABDA disconnected.
1779456497: New connection from ::1:60994 on port 1883.
1779456497: New client connected from ::1:60994 as auto-9C986A6D-0113-35A9-FB1C-86D837780BD6 (p2, c1, k60).
1779456497: Client auto-9C986A6D-0113-35A9-FB1C-86D837780BD6 disconnected.
1779456527: New connection from ::1:45890 on port 1883.
1779456527: New client connected from ::1:45890 as auto-31553AF5-FB94-2E33-09FA-845A4462C780 (p2, c1, k60).
1779456527: Client auto-31553AF5-FB94-2E33-09FA-845A4462C780 disconnected.
1779456557: New connection from ::1:46470 on port 1883.
1779456558: New client connected from ::1:46470 as auto-5D99B47B-6D21-2952-F48A-98CEEF25C857 (p2, c1, k60).
1779456558: Client auto-5D99B47B-6D21-2952-F48A-98CEEF25C857 disconnected.
1779456588: New connection from ::1:57714 on port 1883.
1779456588: New client connected from ::1:57714 as auto-E890F533-CCE0-91A9-F44F-167D50103D97 (p2, c1, k60).
1779456588: Client auto-E890F533-CCE0-91A9-F44F-167D50103D97 disconnected.
1779456618: New connection from ::1:34032 on port 1883.
1779456618: New client connected from ::1:34032 as auto-368AB038-0AF1-0444-46A3-ACDEE8207326 (p2, c1, k60).
1779456618: Client auto-368AB038-0AF1-0444-46A3-ACDEE8207326 disconnected.
1779456648: New connection from ::1:38508 on port 1883.
1779456648: New client connected from ::1:38508 as auto-552B5575-A4EC-6FBD-BC0E-75215D61473A (p2, c1, k60).
1779456648: Client auto-552B5575-A4EC-6FBD-BC0E-75215D61473A disconnected.
1779456678: New connection from ::1:49396 on port 1883.
1779456678: New client connected from ::1:49396 as auto-575E3872-4CFC-C5A8-0F46-9D693A1F2D09 (p2, c1, k60).
1779456678: Client auto-575E3872-4CFC-C5A8-0F46-9D693A1F2D09 disconnected.
1779456708: New connection from ::1:43736 on port 1883.
1779456708: New client connected from ::1:43736 as auto-B2E092CA-6847-DFF2-9070-008E243DA8B7 (p2, c1, k60).
1779456708: Client auto-B2E092CA-6847-DFF2-9070-008E243DA8B7 disconnected.
1779456738: New connection from ::1:56616 on port 1883.
1779456738: New client connected from ::1:56616 as auto-7CE04EF4-FF58-B8DD-24FB-EAE94107793D (p2, c1, k60).
1779456738: Client auto-7CE04EF4-FF58-B8DD-24FB-EAE94107793D disconnected.
1779456768: New connection from ::1:37762 on port 1883.
1779456768: New client connected from ::1:37762 as auto-A2EA4652-F767-1325-D5A0-50F88648F58D (p2, c1, k60).
1779456768: Client auto-A2EA4652-F767-1325-D5A0-50F88648F58D disconnected.
1779456798: New connection from ::1:44638 on port 1883.
1779456798: New client connected from ::1:44638 as auto-E0ACF094-D9D5-7842-77CF-0B97B1348ABB (p2, c1, k60).
1779456798: Client auto-E0ACF094-D9D5-7842-77CF-0B97B1348ABB disconnected.
1779456828: New connection from ::1:36868 on port 1883.
1779456828: New client connected from ::1:36868 as auto-95EDB127-D1F8-27F3-B13E-CD69CC5B1541 (p2, c1, k60).
1779456828: Client auto-95EDB127-D1F8-27F3-B13E-CD69CC5B1541 disconnected.
1779456858: New connection from ::1:50132 on port 1883.
1779456858: New client connected from ::1:50132 as auto-8B78D9DE-B826-B550-53A1-289D4008C1F3 (p2, c1, k60).
1779456858: Client auto-8B78D9DE-B826-B550-53A1-289D4008C1F3 disconnected.
1779456888: New connection from ::1:58126 on port 1883.
1779456888: New client connected from ::1:58126 as auto-5161017B-6FEE-814D-CD3C-8A9E8A6FCCD6 (p2, c1, k60).
1779456888: Client auto-5161017B-6FEE-814D-CD3C-8A9E8A6FCCD6 disconnected.
1779456918: New connection from ::1:41042 on port 1883.
1779456918: New client connected from ::1:41042 as auto-47FDC729-B197-B2EA-12A3-47DC2DAA49F1 (p2, c1, k60).
1779456918: Client auto-47FDC729-B197-B2EA-12A3-47DC2DAA49F1 disconnected.
1779456948: New connection from ::1:44378 on port 1883.
1779456948: New client connected from ::1:44378 as auto-AB0C5F9F-28A7-0760-D4FC-411E17FA0A28 (p2, c1, k60).
1779456948: Client auto-AB0C5F9F-28A7-0760-D4FC-411E17FA0A28 disconnected.
1779456978: New connection from ::1:45254 on port 1883.
1779456978: New client connected from ::1:45254 as auto-BB6FF395-3BF5-A38D-CBC7-DF7BCDE6536A (p2, c1, k60).
1779456978: Client auto-BB6FF395-3BF5-A38D-CBC7-DF7BCDE6536A disconnected.
1779457008: New connection from ::1:42794 on port 1883.
1779457008: New client connected from ::1:42794 as auto-08C8A2C0-BA9C-A909-3642-024688A88EBD (p2, c1, k60).
1779457008: Client auto-08C8A2C0-BA9C-A909-3642-024688A88EBD disconnected.
1779457039: New connection from ::1:49330 on port 1883.
1779457039: New client connected from ::1:49330 as auto-2D5318FA-BE84-1AC0-8F63-F58EEB4EDF9B (p2, c1, k60).
1779457039: Client auto-2D5318FA-BE84-1AC0-8F63-F58EEB4EDF9B disconnected.
1779457069: New connection from ::1:54012 on port 1883.
1779457069: New client connected from ::1:54012 as auto-48F28F99-F6C6-6BFF-53AF-A5A28022A1B2 (p2, c1, k60).
1779457069: Client auto-48F28F99-F6C6-6BFF-53AF-A5A28022A1B2 disconnected.
1779457099: New connection from ::1:33570 on port 1883.
1779457099: New client connected from ::1:33570 as auto-972188D1-36D6-0D13-538E-12D65398637B (p2, c1, k60).
1779457099: Client auto-972188D1-36D6-0D13-538E-12D65398637B disconnected.
1779457129: New connection from ::1:50650 on port 1883.
1779457129: New client connected from ::1:50650 as auto-EED18545-FA0A-8C38-66D6-58AAD8C6C44A (p2, c1, k60).
1779457129: Client auto-EED18545-FA0A-8C38-66D6-58AAD8C6C44A disconnected.
1779457159: New connection from ::1:37920 on port 1883.
1779457159: New client connected from ::1:37920 as auto-FDF47E9C-96BE-7E70-66F9-8192CD194392 (p2, c1, k60).
1779457159: Client auto-FDF47E9C-96BE-7E70-66F9-8192CD194392 disconnected.
1779457189: New connection from ::1:44006 on port 1883.
1779457189: New client connected from ::1:44006 as auto-E4D10A24-C17B-C21D-9658-E2E62630D285 (p2, c1, k60).
1779457189: Client auto-E4D10A24-C17B-C21D-9658-E2E62630D285 disconnected.
1779457219: New connection from ::1:41798 on port 1883.
1779457219: New client connected from ::1:41798 as auto-4F4AA415-235F-F2D5-C352-EED43A6A05DF (p2, c1, k60).
1779457219: Client auto-4F4AA415-235F-F2D5-C352-EED43A6A05DF disconnected.
1779457249: New connection from ::1:34782 on port 1883.
1779457249: New client connected from ::1:34782 as auto-6C62B616-6CFC-0E50-C4B1-A33C551F1006 (p2, c1, k60).
1779457249: Client auto-6C62B616-6CFC-0E50-C4B1-A33C551F1006 disconnected.
1779457279: New connection from ::1:58316 on port 1883.
1779457279: New client connected from ::1:58316 as auto-FA645BF9-69BE-E1C3-1CCE-F2F6484E9A09 (p2, c1, k60).
1779457279: Client auto-FA645BF9-69BE-E1C3-1CCE-F2F6484E9A09 disconnected.
1779457309: New connection from ::1:35830 on port 1883.
1779457309: New client connected from ::1:35830 as auto-D504BC60-C13D-BF1C-DA16-E0CB1C5EF678 (p2, c1, k60).
1779457309: Client auto-D504BC60-C13D-BF1C-DA16-E0CB1C5EF678 disconnected.
1779457339: New connection from ::1:48718 on port 1883.
1779457339: New client connected from ::1:48718 as auto-FE29B2AD-8E0D-5C9C-AA25-8AA9DD04CA2B (p2, c1, k60).
1779457339: Client auto-FE29B2AD-8E0D-5C9C-AA25-8AA9DD04CA2B disconnected.
1779457369: New connection from ::1:55492 on port 1883.
1779457369: New client connected from ::1:55492 as auto-9D31F3B3-414B-17B1-EEF2-2564C0A196B7 (p2, c1, k60).
1779457369: Client auto-9D31F3B3-414B-17B1-EEF2-2564C0A196B7 disconnected.
1779457399: New connection from ::1:54188 on port 1883.
1779457399: New client connected from ::1:54188 as auto-BA21262B-20D4-B47F-702B-440005E0BDF6 (p2, c1, k60).
1779457399: Client auto-BA21262B-20D4-B47F-702B-440005E0BDF6 disconnected.
1779457429: New connection from ::1:53824 on port 1883.
1779457429: New client connected from ::1:53824 as auto-D9D1A51D-E385-5E16-0988-7C6D5E4AE552 (p2, c1, k60).
1779457429: Client auto-D9D1A51D-E385-5E16-0988-7C6D5E4AE552 disconnected.
1779457459: New connection from ::1:42682 on port 1883.
1779457459: New client connected from ::1:42682 as auto-6DB085B4-4E16-8122-2EA8-E596A583D424 (p2, c1, k60).
1779457459: Client auto-6DB085B4-4E16-8122-2EA8-E596A583D424 disconnected.
1779457489: New connection from ::1:43158 on port 1883.
1779457489: New client connected from ::1:43158 as auto-549CA71C-EDB2-42BC-FF5F-1F0F3C4D7428 (p2, c1, k60).
1779457489: Client auto-549CA71C-EDB2-42BC-FF5F-1F0F3C4D7428 disconnected.
1779457513: Saving in-memory database to /mosquitto/data//mosquitto.db.
1779457519: New connection from ::1:37976 on port 1883.
1779457519: New client connected from ::1:37976 as auto-515AA4F5-1069-2AE7-62BF-6473020FB0E2 (p2, c1, k60).
1779457519: Client auto-515AA4F5-1069-2AE7-62BF-6473020FB0E2 disconnected.
1779457550: New connection from ::1:50546 on port 1883.
1779457550: New client connected from ::1:50546 as auto-F7E68AE8-40E9-9B03-E67B-3D89A83AAD5A (p2, c1, k60).
1779457550: Client auto-F7E68AE8-40E9-9B03-E67B-3D89A83AAD5A disconnected.
1779457580: New connection from ::1:50722 on port 1883.
1779457580: New client connected from ::1:50722 as auto-FA628D89-31CA-EFDC-C48E-C089D6636728 (p2, c1, k60).
1779457580: Client auto-FA628D89-31CA-EFDC-C48E-C089D6636728 disconnected.
1779457610: New connection from ::1:34074 on port 1883.
1779457610: New client connected from ::1:34074 as auto-350BA74A-8405-540C-AE0E-742BD8D1ACAF (p2, c1, k60).
1779457610: Client auto-350BA74A-8405-540C-AE0E-742BD8D1ACAF disconnected.
1779457640: New connection from ::1:57474 on port 1883.
1779457640: New client connected from ::1:57474 as auto-2143E0E9-48D4-EA3C-DCB4-71EB1E96CD68 (p2, c1, k60).
1779457640: Client auto-2143E0E9-48D4-EA3C-DCB4-71EB1E96CD68 disconnected.
1779457670: New connection from ::1:35484 on port 1883.
1779457670: New client connected from ::1:35484 as auto-8E170E48-2DBF-454C-DAF1-825DF2AB16E7 (p2, c1, k60).
1779457670: Client auto-8E170E48-2DBF-454C-DAF1-825DF2AB16E7 disconnected.
1779457700: New connection from ::1:59120 on port 1883.
1779457700: New client connected from ::1:59120 as auto-725BBD05-85E1-D7E4-A1DD-C95363D571B7 (p2, c1, k60).
1779457700: Client auto-725BBD05-85E1-D7E4-A1DD-C95363D571B7 disconnected.
1779457730: New connection from ::1:60122 on port 1883.
1779457730: New client connected from ::1:60122 as auto-DB3AD543-6711-6927-D1A9-0E2F044E8451 (p2, c1, k60).
1779457730: Client auto-DB3AD543-6711-6927-D1A9-0E2F044E8451 disconnected.
1779457760: New connection from ::1:47702 on port 1883.
1779457760: New client connected from ::1:47702 as auto-E55BF3D2-0F2B-F667-556F-1AB697D3E3BB (p2, c1, k60).
1779457760: Client auto-E55BF3D2-0F2B-F667-556F-1AB697D3E3BB disconnected.
1779457790: New connection from ::1:52110 on port 1883.
1779457790: New client connected from ::1:52110 as auto-121583AB-A45A-8E17-6822-ADC003EB6B52 (p2, c1, k60).
1779457790: Client auto-121583AB-A45A-8E17-6822-ADC003EB6B52 disconnected.
1779457820: New connection from ::1:49708 on port 1883.
1779457820: New client connected from ::1:49708 as auto-4B05C97D-151B-720D-43BE-077EF50D1CA5 (p2, c1, k60).
1779457820: Client auto-4B05C97D-151B-720D-43BE-077EF50D1CA5 disconnected.
1779457850: New connection from ::1:52520 on port 1883.
1779457850: New client connected from ::1:52520 as auto-9BA816D8-A4B1-AB41-24F6-A6DE265C0F8B (p2, c1, k60).
1779457850: Client auto-9BA816D8-A4B1-AB41-24F6-A6DE265C0F8B disconnected.
1779457880: New connection from ::1:42292 on port 1883.
1779457880: New client connected from ::1:42292 as auto-FD01BF7A-F901-36CF-1226-6D8113757CAC (p2, c1, k60).
1779457880: Client auto-FD01BF7A-F901-36CF-1226-6D8113757CAC disconnected.
1779457910: New connection from ::1:34262 on port 1883.
1779457910: New client connected from ::1:34262 as auto-924B1178-D883-A05A-9315-3FE8D9F6EBFC (p2, c1, k60).
1779457910: Client auto-924B1178-D883-A05A-9315-3FE8D9F6EBFC disconnected.
1779457940: New connection from ::1:37988 on port 1883.
1779457940: New client connected from ::1:37988 as auto-1AC96E22-21AB-FB28-47EC-E96E4D42A46E (p2, c1, k60).
1779457940: Client auto-1AC96E22-21AB-FB28-47EC-E96E4D42A46E disconnected.
1779457970: New connection from ::1:39596 on port 1883.
1779457970: New client connected from ::1:39596 as auto-179622DA-3C76-1D4E-DD1C-033BAB8BC24D (p2, c1, k60).
1779457970: Client auto-179622DA-3C76-1D4E-DD1C-033BAB8BC24D disconnected.
1779458000: New connection from ::1:41932 on port 1883.
1779458000: New client connected from ::1:41932 as auto-8517915F-9755-E652-2DD5-E058CD4EB5F9 (p2, c1, k60).
1779458000: Client auto-8517915F-9755-E652-2DD5-E058CD4EB5F9 disconnected.
1779458030: New connection from ::1:56564 on port 1883.
1779458030: New client connected from ::1:56564 as auto-6BFD67E2-CC3D-ADDA-1A07-18875370A8DF (p2, c1, k60).
1779458030: Client auto-6BFD67E2-CC3D-ADDA-1A07-18875370A8DF disconnected.
1779458060: New connection from ::1:57388 on port 1883.
1779458060: New client connected from ::1:57388 as auto-4F322A22-7CDC-9163-E0B0-086A2AD33768 (p2, c1, k60).
1779458060: Client auto-4F322A22-7CDC-9163-E0B0-086A2AD33768 disconnected.
1779458091: New connection from ::1:60822 on port 1883.
1779458091: New client connected from ::1:60822 as auto-FC14429A-1836-D89E-D534-846CA61BCE34 (p2, c1, k60).
1779458091: Client auto-FC14429A-1836-D89E-D534-846CA61BCE34 disconnected.
1779458121: New connection from ::1:35516 on port 1883.
1779458121: New client connected from ::1:35516 as auto-F8713045-A36C-42DC-8A3D-947E10619AE0 (p2, c1, k60).
1779458121: Client auto-F8713045-A36C-42DC-8A3D-947E10619AE0 disconnected.
1779458151: New connection from ::1:58206 on port 1883.
1779458151: New client connected from ::1:58206 as auto-4890C4AC-CA77-B0C3-EFBA-A23E9CE695E9 (p2, c1, k60).
1779458151: Client auto-4890C4AC-CA77-B0C3-EFBA-A23E9CE695E9 disconnected.
1779458181: New connection from ::1:53202 on port 1883.
1779458181: New client connected from ::1:53202 as auto-689AA857-73AC-0104-A006-EF50D7562D3F (p2, c1, k60).
1779458181: Client auto-689AA857-73AC-0104-A006-EF50D7562D3F disconnected.
1779458211: New connection from ::1:57630 on port 1883.
1779458211: New client connected from ::1:57630 as auto-E3EAD691-D4D3-7A1D-687C-518C62CB4E82 (p2, c1, k60).
1779458211: Client auto-E3EAD691-D4D3-7A1D-687C-518C62CB4E82 disconnected.
1779458241: New connection from ::1:34954 on port 1883.
1779458241: New client connected from ::1:34954 as auto-126E4DD7-EC8B-F4EC-853D-B49E29DCA17A (p2, c1, k60).
1779458241: Client auto-126E4DD7-EC8B-F4EC-853D-B49E29DCA17A disconnected.
1779458271: New connection from ::1:37614 on port 1883.
1779458271: New client connected from ::1:37614 as auto-6203E19D-70B8-2956-BCB1-1311FF6069FF (p2, c1, k60).
1779458271: Client auto-6203E19D-70B8-2956-BCB1-1311FF6069FF disconnected.
1779458301: New connection from ::1:53100 on port 1883.
1779458301: New client connected from ::1:53100 as auto-0ECAAEEB-EA33-8CCE-0985-415D7447951B (p2, c1, k60).
1779458301: Client auto-0ECAAEEB-EA33-8CCE-0985-415D7447951B disconnected.
1779458331: New connection from ::1:41906 on port 1883.
1779458331: New client connected from ::1:41906 as auto-D2F03B42-4652-CA72-D385-EF07346EC35C (p2, c1, k60).
1779458331: Client auto-D2F03B42-4652-CA72-D385-EF07346EC35C disconnected.
1779458361: New connection from ::1:60158 on port 1883.
1779458361: New client connected from ::1:60158 as auto-F21EF844-916D-1FC5-1C2E-6B9A3C5024CD (p2, c1, k60).
1779458361: Client auto-F21EF844-916D-1FC5-1C2E-6B9A3C5024CD disconnected.
1779458391: New connection from ::1:43302 on port 1883.
1779458391: New client connected from ::1:43302 as auto-0A7F1985-B67A-14F4-EE8B-1ECA4EA9D1C3 (p2, c1, k60).
1779458391: Client auto-0A7F1985-B67A-14F4-EE8B-1ECA4EA9D1C3 disconnected.
1779458421: New connection from ::1:43648 on port 1883.
1779458421: New client connected from ::1:43648 as auto-5DA02A16-D9A7-4E78-E6C2-09875368C1C1 (p2, c1, k60).
1779458421: Client auto-5DA02A16-D9A7-4E78-E6C2-09875368C1C1 disconnected.
1779458451: New connection from ::1:44438 on port 1883.
1779458451: New client connected from ::1:44438 as auto-F801DB81-008B-4E9D-BA6E-E97FAE52CF92 (p2, c1, k60).
1779458451: Client auto-F801DB81-008B-4E9D-BA6E-E97FAE52CF92 disconnected.
1779458481: New connection from ::1:41982 on port 1883.
1779458481: New client connected from ::1:41982 as auto-60B4765F-8A7D-9CAC-C7FE-2025226D681A (p2, c1, k60).
1779458481: Client auto-60B4765F-8A7D-9CAC-C7FE-2025226D681A disconnected.
1779458511: New connection from ::1:40800 on port 1883.
1779458511: New client connected from ::1:40800 as auto-A2E5FF51-961D-4626-7373-7DA3D947AF41 (p2, c1, k60).
1779458511: Client auto-A2E5FF51-961D-4626-7373-7DA3D947AF41 disconnected.
1779458541: New connection from ::1:60996 on port 1883.
1779458541: New client connected from ::1:60996 as auto-85686746-D3A8-7E47-1561-975287CA51F0 (p2, c1, k60).
1779458541: Client auto-85686746-D3A8-7E47-1561-975287CA51F0 disconnected.
1779458571: New connection from ::1:32810 on port 1883.
1779458571: New client connected from ::1:32810 as auto-9BAB852C-12CE-A01A-8D28-9E3FF5438F0B (p2, c1, k60).
1779458571: Client auto-9BAB852C-12CE-A01A-8D28-9E3FF5438F0B disconnected.
1779458601: New connection from ::1:58484 on port 1883.
1779458601: New client connected from ::1:58484 as auto-3E789081-E1EF-1879-0D32-29084AB88D69 (p2, c1, k60).
1779458601: Client auto-3E789081-E1EF-1879-0D32-29084AB88D69 disconnected.
1779458632: New connection from ::1:41112 on port 1883.
1779458632: New client connected from ::1:41112 as auto-21CA0605-58E9-D913-6990-C37C5E943B3C (p2, c1, k60).
1779458632: Client auto-21CA0605-58E9-D913-6990-C37C5E943B3C disconnected.
1779458662: New connection from ::1:49822 on port 1883.
1779458662: New client connected from ::1:49822 as auto-B7486A69-3BAA-271F-7F17-6BB2FBC16716 (p2, c1, k60).
1779458662: Client auto-B7486A69-3BAA-271F-7F17-6BB2FBC16716 disconnected.
1779458692: New connection from ::1:41520 on port 1883.
1779458692: New client connected from ::1:41520 as auto-55FBF478-F420-962A-001C-DF3F0114411B (p2, c1, k60).
1779458692: Client auto-55FBF478-F420-962A-001C-DF3F0114411B disconnected.
1779458722: New connection from ::1:51202 on port 1883.
1779458722: New client connected from ::1:51202 as auto-1F520AF6-033E-C9A0-1BA7-5346803B656C (p2, c1, k60).
1779458722: Client auto-1F520AF6-033E-C9A0-1BA7-5346803B656C disconnected.
1779458752: New connection from ::1:33446 on port 1883.
1779458752: New client connected from ::1:33446 as auto-E7EE2EF3-37B8-90C3-EC98-447637756D98 (p2, c1, k60).
1779458752: Client auto-E7EE2EF3-37B8-90C3-EC98-447637756D98 disconnected.
1779458782: New connection from ::1:52186 on port 1883.
1779458782: New client connected from ::1:52186 as auto-730AA570-BF27-4F40-6F43-40136FCB0C88 (p2, c1, k60).
1779458782: Client auto-730AA570-BF27-4F40-6F43-40136FCB0C88 disconnected.
1779458812: New connection from ::1:39756 on port 1883.
1779458812: New client connected from ::1:39756 as auto-60E831F0-A010-70B7-3661-2D66A196BB8F (p2, c1, k60).
1779458812: Client auto-60E831F0-A010-70B7-3661-2D66A196BB8F disconnected.
1779458842: New connection from ::1:39600 on port 1883.
1779458842: New client connected from ::1:39600 as auto-B5ED44EE-8108-CC28-0599-B4E95CB79B20 (p2, c1, k60).
1779458842: Client auto-B5ED44EE-8108-CC28-0599-B4E95CB79B20 disconnected.
1779458872: New connection from ::1:41626 on port 1883.
1779458872: New client connected from ::1:41626 as auto-1EC87A4B-8C16-72FB-B979-3B2BDE356433 (p2, c1, k60).
1779458872: Client auto-1EC87A4B-8C16-72FB-B979-3B2BDE356433 disconnected.
1779458902: New connection from ::1:36036 on port 1883.
1779458902: New client connected from ::1:36036 as auto-84914766-A0AF-1B00-9984-9B1D18F9D5FD (p2, c1, k60).
1779458902: Client auto-84914766-A0AF-1B00-9984-9B1D18F9D5FD disconnected.
1779458932: New connection from ::1:36520 on port 1883.
1779458932: New client connected from ::1:36520 as auto-EEEEC04C-DAF9-28C6-F105-F4693BD2D378 (p2, c1, k60).
1779458932: Client auto-EEEEC04C-DAF9-28C6-F105-F4693BD2D378 disconnected.
1779458962: New connection from ::1:42790 on port 1883.
1779458962: New client connected from ::1:42790 as auto-8ED77B45-4289-A83F-F06A-244E800D283D (p2, c1, k60).
1779458962: Client auto-8ED77B45-4289-A83F-F06A-244E800D283D disconnected.
1779458992: New connection from ::1:44094 on port 1883.
1779458992: New client connected from ::1:44094 as auto-0D3A870A-4409-78B5-EDCF-F1D1D2F4207E (p2, c1, k60).
1779458992: Client auto-0D3A870A-4409-78B5-EDCF-F1D1D2F4207E disconnected.
1779459022: New connection from ::1:43494 on port 1883.
1779459022: New client connected from ::1:43494 as auto-4B0E1EAB-3112-1892-E2A9-A298BF917ABF (p2, c1, k60).
1779459022: Client auto-4B0E1EAB-3112-1892-E2A9-A298BF917ABF disconnected.
1779459052: New connection from ::1:49324 on port 1883.
1779459052: New client connected from ::1:49324 as auto-5666423F-5506-B8A6-9D0B-0BF7547431A3 (p2, c1, k60).
1779459052: Client auto-5666423F-5506-B8A6-9D0B-0BF7547431A3 disconnected.
1779459082: New connection from ::1:60220 on port 1883.
1779459082: New client connected from ::1:60220 as auto-F918554D-3740-8CF6-A4CC-3E57E8DFFBAE (p2, c1, k60).
1779459082: Client auto-F918554D-3740-8CF6-A4CC-3E57E8DFFBAE disconnected.
1779459112: New connection from ::1:37860 on port 1883.
1779459112: New client connected from ::1:37860 as auto-CF0A5A38-FA47-339F-16C0-60A498C75831 (p2, c1, k60).
1779459112: Client auto-CF0A5A38-FA47-339F-16C0-60A498C75831 disconnected.
1779459143: New connection from ::1:57990 on port 1883.
1779459143: New client connected from ::1:57990 as auto-26726D74-4C36-2E90-CAF3-DBC8C902717C (p2, c1, k60).
1779459143: Client auto-26726D74-4C36-2E90-CAF3-DBC8C902717C disconnected.
1779459173: New connection from ::1:51960 on port 1883.
1779459173: New client connected from ::1:51960 as auto-22BFC539-6B4E-AECA-FDDE-0C2FFE3D2016 (p2, c1, k60).
1779459173: Client auto-22BFC539-6B4E-AECA-FDDE-0C2FFE3D2016 disconnected.
1779459203: New connection from ::1:35084 on port 1883.
1779459203: New client connected from ::1:35084 as auto-2E778EAD-F899-3659-5FE0-7E7427472311 (p2, c1, k60).
1779459203: Client auto-2E778EAD-F899-3659-5FE0-7E7427472311 disconnected.
1779459233: New connection from ::1:51976 on port 1883.
1779459233: New client connected from ::1:51976 as auto-A5E77967-80DF-A2AD-9256-78F26B9C9E16 (p2, c1, k60).
1779459233: Client auto-A5E77967-80DF-A2AD-9256-78F26B9C9E16 disconnected.
1779459263: New connection from ::1:45994 on port 1883.
1779459263: New client connected from ::1:45994 as auto-D8E447C6-64FE-D9EE-454B-9CEAAE1BBC74 (p2, c1, k60).
1779459263: Client auto-D8E447C6-64FE-D9EE-454B-9CEAAE1BBC74 disconnected.
1779459293: New connection from ::1:38884 on port 1883.
1779459293: New client connected from ::1:38884 as auto-5D872972-06B3-B161-4547-FDF1090A03D2 (p2, c1, k60).
1779459293: Client auto-5D872972-06B3-B161-4547-FDF1090A03D2 disconnected.
1779459314: Saving in-memory database to /mosquitto/data//mosquitto.db.
1779459323: New connection from ::1:56010 on port 1883.
1779459323: New client connected from ::1:56010 as auto-192ABA79-1C04-1D57-8F24-5E35992865E0 (p2, c1, k60).
1779459323: Client auto-192ABA79-1C04-1D57-8F24-5E35992865E0 disconnected.
1779459353: New connection from ::1:50348 on port 1883.
1779459353: New client connected from ::1:50348 as auto-1C8C7F12-EBE7-ECD2-A86A-7DFC1D27010B (p2, c1, k60).
1779459353: Client auto-1C8C7F12-EBE7-ECD2-A86A-7DFC1D27010B disconnected.
1779459383: New connection from ::1:37944 on port 1883.
1779459383: New client connected from ::1:37944 as auto-4C56B77B-6563-041A-C809-3ED3608B5B60 (p2, c1, k60).
1779459383: Client auto-4C56B77B-6563-041A-C809-3ED3608B5B60 disconnected.
1779459413: New connection from ::1:46602 on port 1883.
1779459413: New client connected from ::1:46602 as auto-34739916-948E-D45F-9B28-6920BE899433 (p2, c1, k60).
1779459413: Client auto-34739916-948E-D45F-9B28-6920BE899433 disconnected.
1779459443: New connection from ::1:51226 on port 1883.
1779459443: New client connected from ::1:51226 as auto-8DB6EFE6-9799-0AE1-04A7-491F340EB6CB (p2, c1, k60).
1779459443: Client auto-8DB6EFE6-9799-0AE1-04A7-491F340EB6CB disconnected.
1779459473: New connection from ::1:43998 on port 1883.
1779459473: New client connected from ::1:43998 as auto-4A63CAC9-EC4D-B053-D192-3C4853E7C26D (p2, c1, k60).
1779459473: Client auto-4A63CAC9-EC4D-B053-D192-3C4853E7C26D disconnected.
1779459503: New connection from ::1:35580 on port 1883.
1779459503: New client connected from ::1:35580 as auto-E1B2A963-C6F1-9AE9-18AB-AA883AC80760 (p2, c1, k60).
1779459503: Client auto-E1B2A963-C6F1-9AE9-18AB-AA883AC80760 disconnected.
1779459533: New connection from ::1:47744 on port 1883.
1779459533: New client connected from ::1:47744 as auto-C7FC3CF8-218B-4710-DC64-55A2FE67873C (p2, c1, k60).
1779459533: Client auto-C7FC3CF8-218B-4710-DC64-55A2FE67873C disconnected.
1779459563: New connection from ::1:48690 on port 1883.
1779459563: New client connected from ::1:48690 as auto-B4FD1E86-F4D5-7D09-68AF-F228D931ADE2 (p2, c1, k60).
1779459563: Client auto-B4FD1E86-F4D5-7D09-68AF-F228D931ADE2 disconnected.
1779459593: New connection from ::1:55680 on port 1883.
1779459593: New client connected from ::1:55680 as auto-CE6C75A5-1C0B-8BB3-4E1B-4EEEA1579DE6 (p2, c1, k60).
1779459593: Client auto-CE6C75A5-1C0B-8BB3-4E1B-4EEEA1579DE6 disconnected.
1779459623: New connection from ::1:49566 on port 1883.
1779459623: New client connected from ::1:49566 as auto-7D56A7D1-3E1E-8CEB-B88C-5984CE768294 (p2, c1, k60).
1779459623: Client auto-7D56A7D1-3E1E-8CEB-B88C-5984CE768294 disconnected.
1779459653: New connection from ::1:41960 on port 1883.
1779459653: New client connected from ::1:41960 as auto-4AA57F6B-E051-4B5E-C1D3-E3B10AADDA03 (p2, c1, k60).
1779459653: Client auto-4AA57F6B-E051-4B5E-C1D3-E3B10AADDA03 disconnected.
1779459683: New connection from ::1:35686 on port 1883.
1779459683: New client connected from ::1:35686 as auto-FFF7BDB6-E03D-8B9C-5157-644EBAAE5B90 (p2, c1, k60).
1779459683: Client auto-FFF7BDB6-E03D-8B9C-5157-644EBAAE5B90 disconnected.
1779459714: New connection from ::1:42822 on port 1883.
1779459714: New client connected from ::1:42822 as auto-CAE45230-7346-DC7A-508F-3E18B1ADBB39 (p2, c1, k60).
1779459714: Client auto-CAE45230-7346-DC7A-508F-3E18B1ADBB39 disconnected.
1779459744: New connection from ::1:59988 on port 1883.
1779459744: New client connected from ::1:59988 as auto-1001042E-96FD-44B3-8F4A-8DFCD2F0A57E (p2, c1, k60).
1779459744: Client auto-1001042E-96FD-44B3-8F4A-8DFCD2F0A57E disconnected.
1779459774: New connection from ::1:59614 on port 1883.
1779459774: New client connected from ::1:59614 as auto-F0A5D981-4BEF-05D5-2CEE-08E4C93AF0FA (p2, c1, k60).
1779459774: Client auto-F0A5D981-4BEF-05D5-2CEE-08E4C93AF0FA disconnected.
1779459804: New connection from ::1:56006 on port 1883.
1779459804: New client connected from ::1:56006 as auto-BCD7DB9E-7521-EE51-CA43-65852D3845FA (p2, c1, k60).
1779459804: Client auto-BCD7DB9E-7521-EE51-CA43-65852D3845FA disconnected.
1779459834: New connection from ::1:51460 on port 1883.
1779459834: New client connected from ::1:51460 as auto-4763C789-EAE7-DDF7-0C2A-8E7D1A54C2E5 (p2, c1, k60).
1779459834: Client auto-4763C789-EAE7-DDF7-0C2A-8E7D1A54C2E5 disconnected.
1779459864: New connection from ::1:54932 on port 1883.
1779459864: New client connected from ::1:54932 as auto-BA7A7EA7-0ECB-2B7C-03C5-20621737F533 (p2, c1, k60).
1779459864: Client auto-BA7A7EA7-0ECB-2B7C-03C5-20621737F533 disconnected.
1779459894: New connection from ::1:47244 on port 1883.
1779459894: New client connected from ::1:47244 as auto-7A1EBC50-B78D-D3B7-FEDA-E3243D3D4D49 (p2, c1, k60).
1779459894: Client auto-7A1EBC50-B78D-D3B7-FEDA-E3243D3D4D49 disconnected.
1779459924: New connection from ::1:43518 on port 1883.
1779459924: New client connected from ::1:43518 as auto-3698E836-229F-3245-3890-0B2BBC71773E (p2, c1, k60).
1779459924: Client auto-3698E836-229F-3245-3890-0B2BBC71773E disconnected.
1779459954: New connection from ::1:53964 on port 1883.
1779459954: New client connected from ::1:53964 as auto-DF81E7E1-06FD-49AF-E712-A927F8CC23F1 (p2, c1, k60).
1779459954: Client auto-DF81E7E1-06FD-49AF-E712-A927F8CC23F1 disconnected.
1779459984: New connection from ::1:46122 on port 1883.
1779459984: New client connected from ::1:46122 as auto-698822DF-6830-8BB5-5301-98676C213639 (p2, c1, k60).
1779459984: Client auto-698822DF-6830-8BB5-5301-98676C213639 disconnected.
1779460014: New connection from ::1:50256 on port 1883.
1779460014: New client connected from ::1:50256 as auto-DE2C7939-27D6-C746-9025-45C9FE873A60 (p2, c1, k60).
1779460014: Client auto-DE2C7939-27D6-C746-9025-45C9FE873A60 disconnected.
1779460044: New connection from ::1:56616 on port 1883.
1779460044: New client connected from ::1:56616 as auto-9B25F069-C73A-975A-4244-783047822DC9 (p2, c1, k60).
1779460044: Client auto-9B25F069-C73A-975A-4244-783047822DC9 disconnected.
1779460074: New connection from ::1:44876 on port 1883.
1779460074: New client connected from ::1:44876 as auto-47646A5D-5671-8BFF-5749-5E2792958EFF (p2, c1, k60).
1779460074: Client auto-47646A5D-5671-8BFF-5749-5E2792958EFF disconnected.
1779460104: New connection from ::1:52420 on port 1883.
1779460104: New client connected from ::1:52420 as auto-47AF1AC4-751A-6E1B-E610-098AA06EAB61 (p2, c1, k60).
1779460104: Client auto-47AF1AC4-751A-6E1B-E610-098AA06EAB61 disconnected.
1779460134: New connection from ::1:55756 on port 1883.
1779460134: New client connected from ::1:55756 as auto-6FFB701D-3B33-8BAF-B2AA-B4743F765335 (p2, c1, k60).
1779460134: Client auto-6FFB701D-3B33-8BAF-B2AA-B4743F765335 disconnected.
1779460164: New connection from ::1:58922 on port 1883.
1779460164: New client connected from ::1:58922 as auto-029578A9-B47F-98D8-2560-04DAA9D36CDB (p2, c1, k60).
1779460164: Client auto-029578A9-B47F-98D8-2560-04DAA9D36CDB disconnected.
1779460194: New connection from ::1:36742 on port 1883.
1779460194: New client connected from ::1:36742 as auto-6F2DB0D9-C815-B1B0-7C7F-674B9B7301CA (p2, c1, k60).
1779460194: Client auto-6F2DB0D9-C815-B1B0-7C7F-674B9B7301CA disconnected.
1779460225: New connection from ::1:46462 on port 1883.
1779460225: New client connected from ::1:46462 as auto-4635FEE3-905D-DEA5-7DF4-EC07FC85760E (p2, c1, k60).
1779460225: Client auto-4635FEE3-905D-DEA5-7DF4-EC07FC85760E disconnected.
1779460255: New connection from ::1:56006 on port 1883.
1779460255: New client connected from ::1:56006 as auto-71319DBC-DEEC-185C-EB53-B98C55E26BF8 (p2, c1, k60).
1779460255: Client auto-71319DBC-DEEC-185C-EB53-B98C55E26BF8 disconnected.
1779460285: New connection from ::1:39204 on port 1883.
1779460285: New client connected from ::1:39204 as auto-674070C2-3865-3421-2136-85EC17BB5664 (p2, c1, k60).
1779460285: Client auto-674070C2-3865-3421-2136-85EC17BB5664 disconnected.
1779460315: New connection from ::1:57736 on port 1883.
1779460315: New client connected from ::1:57736 as auto-64E62EC5-A2D0-5418-BD8F-DA25796155DB (p2, c1, k60).
1779460315: Client auto-64E62EC5-A2D0-5418-BD8F-DA25796155DB disconnected.
1779460345: New connection from ::1:52506 on port 1883.
1779460345: New client connected from ::1:52506 as auto-919B16BA-F5C1-8751-3820-C30A6A8C171A (p2, c1, k60).
1779460345: Client auto-919B16BA-F5C1-8751-3820-C30A6A8C171A disconnected.
1779460375: New connection from ::1:40224 on port 1883.
1779460375: New client connected from ::1:40224 as auto-040DABB4-0A33-C2B4-259F-2E8A13330921 (p2, c1, k60).
1779460375: Client auto-040DABB4-0A33-C2B4-259F-2E8A13330921 disconnected.
1779460405: New connection from ::1:51516 on port 1883.
1779460405: New client connected from ::1:51516 as auto-A86DE6FB-B69A-4CA7-3A3B-0962687D64A3 (p2, c1, k60).
1779460405: Client auto-A86DE6FB-B69A-4CA7-3A3B-0962687D64A3 disconnected.
1779460435: New connection from ::1:36200 on port 1883.
1779460435: New client connected from ::1:36200 as auto-156F6031-F0A2-DB89-C291-36D75D771DF9 (p2, c1, k60).
1779460435: Client auto-156F6031-F0A2-DB89-C291-36D75D771DF9 disconnected.
1779460465: New connection from ::1:45844 on port 1883.
1779460465: New client connected from ::1:45844 as auto-A971AD2A-BFF4-141B-816F-CF132D9819F1 (p2, c1, k60).
1779460465: Client auto-A971AD2A-BFF4-141B-816F-CF132D9819F1 disconnected.
1779460495: New connection from ::1:48392 on port 1883.
1779460495: New client connected from ::1:48392 as auto-8EC0B2A6-A88B-9570-7984-3FD0735758CD (p2, c1, k60).
1779460495: Client auto-8EC0B2A6-A88B-9570-7984-3FD0735758CD disconnected.
1779460525: New connection from ::1:48312 on port 1883.
1779460525: New client connected from ::1:48312 as auto-10118950-870A-D650-148A-54464537598D (p2, c1, k60).
1779460525: Client auto-10118950-870A-D650-148A-54464537598D disconnected.
1779460555: New connection from ::1:43738 on port 1883.
1779460555: New client connected from ::1:43738 as auto-38ED7C7C-72C6-F79F-8592-AD1856886AE0 (p2, c1, k60).
1779460555: Client auto-38ED7C7C-72C6-F79F-8592-AD1856886AE0 disconnected.
1779460585: New connection from ::1:49470 on port 1883.
1779460585: New client connected from ::1:49470 as auto-8680D5A7-E0EA-ED56-A5E2-1BD00CAD0ACD (p2, c1, k60).
1779460585: Client auto-8680D5A7-E0EA-ED56-A5E2-1BD00CAD0ACD disconnected.
1779460615: New connection from ::1:58692 on port 1883.
1779460615: New client connected from ::1:58692 as auto-DEB6DC6F-A0D4-432C-3ABB-8EFF8C45D257 (p2, c1, k60).
1779460615: Client auto-DEB6DC6F-A0D4-432C-3ABB-8EFF8C45D257 disconnected.
1779460645: New connection from ::1:43786 on port 1883.
1779460645: New client connected from ::1:43786 as auto-483528B4-17D1-1FE3-317C-DFE16D436159 (p2, c1, k60).
1779460645: Client auto-483528B4-17D1-1FE3-317C-DFE16D436159 disconnected.
1779460675: New connection from ::1:49578 on port 1883.
1779460675: New client connected from ::1:49578 as auto-2DBE2F32-CFF1-AD27-6C78-AA45E5D61FBA (p2, c1, k60).
1779460675: Client auto-2DBE2F32-CFF1-AD27-6C78-AA45E5D61FBA disconnected.
1779460705: New connection from ::1:49036 on port 1883.
1779460705: New client connected from ::1:49036 as auto-14BC310B-9FEB-DBC9-A3E0-89D5A1135D98 (p2, c1, k60).
1779460705: Client auto-14BC310B-9FEB-DBC9-A3E0-89D5A1135D98 disconnected.
1779460735: New connection from ::1:41486 on port 1883.
1779460735: New client connected from ::1:41486 as auto-2D29BE4E-F0E4-C20F-5504-F759156E387B (p2, c1, k60).
1779460735: Client auto-2D29BE4E-F0E4-C20F-5504-F759156E387B disconnected.
1779460766: New connection from ::1:42108 on port 1883.
1779460766: New client connected from ::1:42108 as auto-484C03B5-A45C-C7AB-EB8C-80C3CB49004E (p2, c1, k60).
1779460766: Client auto-484C03B5-A45C-C7AB-EB8C-80C3CB49004E disconnected.
1779460796: New connection from ::1:60924 on port 1883.
1779460796: New client connected from ::1:60924 as auto-1CE6D9AF-B3B8-8CEE-EFF2-C99E2613738D (p2, c1, k60).
1779460796: Client auto-1CE6D9AF-B3B8-8CEE-EFF2-C99E2613738D disconnected.
1779460826: New connection from ::1:53592 on port 1883.
1779460826: New client connected from ::1:53592 as auto-F3443911-B41A-894E-825B-FCE676ADAF17 (p2, c1, k60).
1779460826: Client auto-F3443911-B41A-894E-825B-FCE676ADAF17 disconnected.
1779460856: New connection from ::1:58592 on port 1883.
1779460856: New client connected from ::1:58592 as auto-76E4D649-897D-AD84-E986-B0ADD7100B53 (p2, c1, k60).
1779460856: Client auto-76E4D649-897D-AD84-E986-B0ADD7100B53 disconnected.
1779460886: New connection from ::1:60004 on port 1883.
1779460886: New client connected from ::1:60004 as auto-1F52E84D-4B17-1398-1DDB-827E24D1D501 (p2, c1, k60).
1779460886: Client auto-1F52E84D-4B17-1398-1DDB-827E24D1D501 disconnected.
1779460916: New connection from ::1:57608 on port 1883.
1779460916: New client connected from ::1:57608 as auto-6B2CF682-8805-6751-3E92-6606049C7532 (p2, c1, k60).
1779460916: Client auto-6B2CF682-8805-6751-3E92-6606049C7532 disconnected.
1779460946: New connection from ::1:33080 on port 1883.
1779460946: New client connected from ::1:33080 as auto-10D10EF7-213D-03F8-33D7-58C2CB031486 (p2, c1, k60).
1779460946: Client auto-10D10EF7-213D-03F8-33D7-58C2CB031486 disconnected.
1779460976: New connection from ::1:48910 on port 1883.
1779460976: New client connected from ::1:48910 as auto-4452C2DB-EDD9-219C-21C2-3C6DE22C10BB (p2, c1, k60).
1779460976: Client auto-4452C2DB-EDD9-219C-21C2-3C6DE22C10BB disconnected.
1779461006: New connection from ::1:56710 on port 1883.
1779461006: New client connected from ::1:56710 as auto-12D865F5-94D2-5765-6710-584BC2799176 (p2, c1, k60).
1779461006: Client auto-12D865F5-94D2-5765-6710-584BC2799176 disconnected.
1779461036: New connection from ::1:39778 on port 1883.
1779461036: New client connected from ::1:39778 as auto-3229CA95-BB50-35AF-2E9C-D64FBDF19A82 (p2, c1, k60).
1779461036: Client auto-3229CA95-BB50-35AF-2E9C-D64FBDF19A82 disconnected.
1779461066: New connection from ::1:33380 on port 1883.
1779461066: New client connected from ::1:33380 as auto-F5726DB8-90CE-C36F-58B8-FBBF991E94EC (p2, c1, k60).
1779461066: Client auto-F5726DB8-90CE-C36F-58B8-FBBF991E94EC disconnected.
1779461096: New connection from ::1:54052 on port 1883.
1779461096: New client connected from ::1:54052 as auto-ED46D9DA-7E02-F8ED-285C-86710D59319A (p2, c1, k60).
1779461096: Client auto-ED46D9DA-7E02-F8ED-285C-86710D59319A disconnected.
1779461115: Saving in-memory database to /mosquitto/data//mosquitto.db.
1779461126: New connection from ::1:52964 on port 1883.
1779461126: New client connected from ::1:52964 as auto-346628E2-308B-862E-02FD-25449F5E0896 (p2, c1, k60).
1779461126: Client auto-346628E2-308B-862E-02FD-25449F5E0896 disconnected.
1779461156: New connection from ::1:54080 on port 1883.
1779461156: New client connected from ::1:54080 as auto-C41796C0-4AF5-0814-04CD-FD12FC2FED48 (p2, c1, k60).
1779461156: Client auto-C41796C0-4AF5-0814-04CD-FD12FC2FED48 disconnected.
1779461186: New connection from ::1:57846 on port 1883.
1779461186: New client connected from ::1:57846 as auto-A59867D5-44C1-9CFF-B181-EB0A80B87A12 (p2, c1, k60).
1779461186: Client auto-A59867D5-44C1-9CFF-B181-EB0A80B87A12 disconnected.
1779461216: New connection from ::1:37104 on port 1883.
1779461216: New client connected from ::1:37104 as auto-0EAD160C-8F0B-61B7-B60D-8D45868314A3 (p2, c1, k60).
1779461216: Client auto-0EAD160C-8F0B-61B7-B60D-8D45868314A3 disconnected.
1779461246: New connection from ::1:52088 on port 1883.
1779461246: New client connected from ::1:52088 as auto-0269DB21-7D30-9B67-8A0D-540E56A19BA4 (p2, c1, k60).
1779461246: Client auto-0269DB21-7D30-9B67-8A0D-540E56A19BA4 disconnected.
1779461276: New connection from ::1:59898 on port 1883.
1779461276: New client connected from ::1:59898 as auto-409DE6B7-6262-BB0E-A423-B7AA9D8C1EC3 (p2, c1, k60).
1779461276: Client auto-409DE6B7-6262-BB0E-A423-B7AA9D8C1EC3 disconnected.
1779461307: New connection from ::1:55100 on port 1883.
1779461307: New client connected from ::1:55100 as auto-48E6D20D-927F-82F3-8F01-2CCD9922B7ED (p2, c1, k60).
1779461307: Client auto-48E6D20D-927F-82F3-8F01-2CCD9922B7ED disconnected.
1779461337: New connection from ::1:44472 on port 1883.
1779461337: New client connected from ::1:44472 as auto-2B438410-344D-83C9-DEAD-6CEEC091441C (p2, c1, k60).
1779461337: Client auto-2B438410-344D-83C9-DEAD-6CEEC091441C disconnected.
1779461367: New connection from ::1:38882 on port 1883.
1779461367: New client connected from ::1:38882 as auto-2CE6CAE3-C857-23FD-E5E2-531C387B645D (p2, c1, k60).
1779461367: Client auto-2CE6CAE3-C857-23FD-E5E2-531C387B645D disconnected.
1779461397: New connection from ::1:48372 on port 1883.
1779461397: New client connected from ::1:48372 as auto-F0CF8D88-4B21-759C-139B-CBE8CE60E923 (p2, c1, k60).
1779461397: Client auto-F0CF8D88-4B21-759C-139B-CBE8CE60E923 disconnected.
1779461427: New connection from ::1:54266 on port 1883.
1779461427: New client connected from ::1:54266 as auto-11C4CA12-147B-05C2-8435-9924EE846024 (p2, c1, k60).
1779461427: Client auto-11C4CA12-147B-05C2-8435-9924EE846024 disconnected.
1779461457: New connection from ::1:45576 on port 1883.
1779461457: New client connected from ::1:45576 as auto-B042241D-840E-D6C3-7C24-90CCE4A30C11 (p2, c1, k60).
1779461457: Client auto-B042241D-840E-D6C3-7C24-90CCE4A30C11 disconnected.
1779461487: New connection from ::1:58350 on port 1883.
1779461487: New client connected from ::1:58350 as auto-B7E51959-62E0-DD03-A879-07D5C410439B (p2, c1, k60).
1779461487: Client auto-B7E51959-62E0-DD03-A879-07D5C410439B disconnected.
1779461517: New connection from ::1:59790 on port 1883.
1779461517: New client connected from ::1:59790 as auto-8F3A059C-EEED-2E67-F5E4-F8B5824CEB8A (p2, c1, k60).
1779461517: Client auto-8F3A059C-EEED-2E67-F5E4-F8B5824CEB8A disconnected.
1779461547: New connection from ::1:56180 on port 1883.
1779461547: New client connected from ::1:56180 as auto-8FF8BA08-31AA-3429-96D9-AA6C23F714DA (p2, c1, k60).
1779461547: Client auto-8FF8BA08-31AA-3429-96D9-AA6C23F714DA disconnected.
1779461577: New connection from ::1:35000 on port 1883.
1779461577: New client connected from ::1:35000 as auto-BA3DA166-942A-2886-7E0A-9E17C060AABA (p2, c1, k60).
1779461577: Client auto-BA3DA166-942A-2886-7E0A-9E17C060AABA disconnected.
1779461607: New connection from ::1:52142 on port 1883.
1779461607: New client connected from ::1:52142 as auto-0B12494D-5C86-02A7-87A8-06D7CA297FF9 (p2, c1, k60).
1779461607: Client auto-0B12494D-5C86-02A7-87A8-06D7CA297FF9 disconnected.
1779461637: New connection from ::1:58612 on port 1883.
1779461637: New client connected from ::1:58612 as auto-856FEAD8-BACC-C4B1-7DD2-81E655B333EB (p2, c1, k60).
1779461637: Client auto-856FEAD8-BACC-C4B1-7DD2-81E655B333EB disconnected.
1779461667: New connection from ::1:54110 on port 1883.
1779461667: New client connected from ::1:54110 as auto-7F657302-5BAC-46E0-9001-0E344FF84A92 (p2, c1, k60).
1779461667: Client auto-7F657302-5BAC-46E0-9001-0E344FF84A92 disconnected.
1779461697: New connection from ::1:49516 on port 1883.
1779461697: New client connected from ::1:49516 as auto-4095A13A-D77D-AC93-781F-C25930833094 (p2, c1, k60).
1779461697: Client auto-4095A13A-D77D-AC93-781F-C25930833094 disconnected.
1779461727: New connection from ::1:58624 on port 1883.
1779461727: New client connected from ::1:58624 as auto-014B5993-058D-6FC7-D2B1-2BCACA36D445 (p2, c1, k60).
1779461727: Client auto-014B5993-058D-6FC7-D2B1-2BCACA36D445 disconnected.
1779461757: New connection from ::1:53888 on port 1883.
1779461757: New client connected from ::1:53888 as auto-3D77EF6A-0D75-B18E-8580-5F88EAFD4E0B (p2, c1, k60).
1779461757: Client auto-3D77EF6A-0D75-B18E-8580-5F88EAFD4E0B disconnected.
1779461787: New connection from ::1:46392 on port 1883.
1779461787: New client connected from ::1:46392 as auto-7D866CB9-A603-68EA-A6B0-948283ECB01E (p2, c1, k60).
1779461787: Client auto-7D866CB9-A603-68EA-A6B0-948283ECB01E disconnected.
1779461818: New connection from ::1:50854 on port 1883.
1779461818: New client connected from ::1:50854 as auto-5FF5C15A-6EBB-7C74-DE6B-C9F70A681F46 (p2, c1, k60).
1779461818: Client auto-5FF5C15A-6EBB-7C74-DE6B-C9F70A681F46 disconnected.
1779461848: New connection from ::1:59640 on port 1883.
1779461848: New client connected from ::1:59640 as auto-9C450719-6AE5-2D90-6F26-C467F659CB6B (p2, c1, k60).
1779461848: Client auto-9C450719-6AE5-2D90-6F26-C467F659CB6B disconnected.
1779461878: New connection from ::1:46048 on port 1883.
1779461878: New client connected from ::1:46048 as auto-C6A220B0-F526-96ED-143E-8F2CB138F1D3 (p2, c1, k60).
1779461878: Client auto-C6A220B0-F526-96ED-143E-8F2CB138F1D3 disconnected.
1779461908: New connection from ::1:57270 on port 1883.
1779461908: New client connected from ::1:57270 as auto-C8D73F90-C11B-0A42-CFD3-6B28087792E8 (p2, c1, k60).
1779461908: Client auto-C8D73F90-C11B-0A42-CFD3-6B28087792E8 disconnected.
1779461938: New connection from ::1:41266 on port 1883.
1779461938: New client connected from ::1:41266 as auto-C468FA72-8194-2A45-83A2-BD67C9E10F77 (p2, c1, k60).
1779461938: Client auto-C468FA72-8194-2A45-83A2-BD67C9E10F77 disconnected.
1779461968: New connection from ::1:58058 on port 1883.
1779461968: New client connected from ::1:58058 as auto-F12E2FE4-FEB2-E9CD-76C9-199B76778ED1 (p2, c1, k60).
1779461968: Client auto-F12E2FE4-FEB2-E9CD-76C9-199B76778ED1 disconnected.
1779461998: New connection from ::1:37778 on port 1883.
1779461998: New client connected from ::1:37778 as auto-CA2D19BA-6F68-45ED-AE97-59DD25F53590 (p2, c1, k60).
1779461998: Client auto-CA2D19BA-6F68-45ED-AE97-59DD25F53590 disconnected.
1779462028: New connection from ::1:33806 on port 1883.
1779462028: New client connected from ::1:33806 as auto-80D93F25-E7AB-591B-7F57-CC8457E3E4A1 (p2, c1, k60).
1779462028: Client auto-80D93F25-E7AB-591B-7F57-CC8457E3E4A1 disconnected.
1779462058: New connection from ::1:45142 on port 1883.
1779462058: New client connected from ::1:45142 as auto-A153988A-AAA2-BFEF-8A32-269CF8153857 (p2, c1, k60).
1779462058: Client auto-A153988A-AAA2-BFEF-8A32-269CF8153857 disconnected.
1779462088: New connection from ::1:47302 on port 1883.
1779462088: New client connected from ::1:47302 as auto-63468632-BA07-16D0-8D61-F13659FE0D7B (p2, c1, k60).
1779462088: Client auto-63468632-BA07-16D0-8D61-F13659FE0D7B disconnected.
1779462118: New connection from ::1:52946 on port 1883.
1779462118: New client connected from ::1:52946 as auto-CEC281AD-9680-9CA2-20C0-30B01FA91E42 (p2, c1, k60).
1779462118: Client auto-CEC281AD-9680-9CA2-20C0-30B01FA91E42 disconnected.
1779462148: New connection from ::1:35388 on port 1883.
1779462148: New client connected from ::1:35388 as auto-88A6CD7C-E6BD-7281-2AEF-B89916F8E692 (p2, c1, k60).
1779462148: Client auto-88A6CD7C-E6BD-7281-2AEF-B89916F8E692 disconnected.
1779462178: New connection from ::1:37508 on port 1883.
1779462178: New client connected from ::1:37508 as auto-12E3D8CE-3FAC-0397-23E4-B2CE8202DE1D (p2, c1, k60).
1779462178: Client auto-12E3D8CE-3FAC-0397-23E4-B2CE8202DE1D disconnected.
1779462208: New connection from ::1:57860 on port 1883.
1779462208: New client connected from ::1:57860 as auto-CE126848-B240-3FFD-4916-8247FDE5E1BF (p2, c1, k60).
1779462208: Client auto-CE126848-B240-3FFD-4916-8247FDE5E1BF disconnected.
1779462238: New connection from ::1:36414 on port 1883.
1779462238: New client connected from ::1:36414 as auto-302ED63C-7515-585D-F010-7694FF83CCD2 (p2, c1, k60).
1779462238: Client auto-302ED63C-7515-585D-F010-7694FF83CCD2 disconnected.
1779462268: New connection from ::1:40614 on port 1883.
1779462268: New client connected from ::1:40614 as auto-3A267888-D05E-ED7A-0800-054B94E647B4 (p2, c1, k60).
1779462268: Client auto-3A267888-D05E-ED7A-0800-054B94E647B4 disconnected.
1779462298: New connection from ::1:40414 on port 1883.
1779462298: New client connected from ::1:40414 as auto-F42490E9-1E69-A7BA-84F9-0D54E8512B77 (p2, c1, k60).
1779462298: Client auto-F42490E9-1E69-A7BA-84F9-0D54E8512B77 disconnected.
1779462329: New connection from ::1:57720 on port 1883.
1779462329: New client connected from ::1:57720 as auto-C248278E-EBD5-CEDA-AAAC-384E46B78A6C (p2, c1, k60).
1779462329: Client auto-C248278E-EBD5-CEDA-AAAC-384E46B78A6C disconnected.
1779462359: New connection from ::1:57704 on port 1883.
1779462359: New client connected from ::1:57704 as auto-9CE4E495-6F0D-65FD-7CC8-206E7B0F1AE1 (p2, c1, k60).
1779462359: Client auto-9CE4E495-6F0D-65FD-7CC8-206E7B0F1AE1 disconnected.
1779462389: New connection from ::1:47702 on port 1883.
1779462389: New client connected from ::1:47702 as auto-F64DFAF6-17D4-1AD1-3F89-E77C25008AD4 (p2, c1, k60).
1779462389: Client auto-F64DFAF6-17D4-1AD1-3F89-E77C25008AD4 disconnected.
1779462419: New connection from ::1:51992 on port 1883.
1779462419: New client connected from ::1:51992 as auto-A690B946-89D6-92C5-AE31-0C146D10DEA1 (p2, c1, k60).
1779462419: Client auto-A690B946-89D6-92C5-AE31-0C146D10DEA1 disconnected.
1779462449: New connection from ::1:55632 on port 1883.
1779462449: New client connected from ::1:55632 as auto-471C51B7-4C42-E6A8-E5A6-690CEC884093 (p2, c1, k60).
1779462449: Client auto-471C51B7-4C42-E6A8-E5A6-690CEC884093 disconnected.
1779462479: New connection from ::1:51702 on port 1883.
1779462479: New client connected from ::1:51702 as auto-5BA61AC9-2C77-CC15-F520-C9AEEC70E3BE (p2, c1, k60).
1779462479: Client auto-5BA61AC9-2C77-CC15-F520-C9AEEC70E3BE disconnected.
1779462509: New connection from ::1:60300 on port 1883.
1779462509: New client connected from ::1:60300 as auto-7B499B2E-6490-8213-6498-FB60ECBBDA01 (p2, c1, k60).
1779462509: Client auto-7B499B2E-6490-8213-6498-FB60ECBBDA01 disconnected.
1779462539: New connection from ::1:35336 on port 1883.
1779462539: New client connected from ::1:35336 as auto-FA17D9AB-4C27-134A-EE71-CF5CC3C8173C (p2, c1, k60).
1779462539: Client auto-FA17D9AB-4C27-134A-EE71-CF5CC3C8173C disconnected.
1779462581: New connection from ::1:47118 on port 1883.
1779462581: New client connected from ::1:47118 as auto-4055E477-4CA6-0EFD-FF89-F821FD1855E4 (p2, c1, k60).
1779462581: Client auto-4055E477-4CA6-0EFD-FF89-F821FD1855E4 disconnected.
1779462611: New connection from ::1:54168 on port 1883.
1779462611: New client connected from ::1:54168 as auto-A73A5F21-ABD5-7E49-DD93-0FBEE46B5297 (p2, c1, k60).
1779462611: Client auto-A73A5F21-ABD5-7E49-DD93-0FBEE46B5297 disconnected.
1779462641: New connection from ::1:37114 on port 1883.
1779462641: New client connected from ::1:37114 as auto-0B90D67F-E89D-6F2B-C152-172006D6E14B (p2, c1, k60).
1779462641: Client auto-0B90D67F-E89D-6F2B-C152-172006D6E14B disconnected.
1779463569: New connection from ::1:47174 on port 1883.
1779463569: New client connected from ::1:47174 as auto-56DC8CF7-0529-F1AA-C27A-3CF15101825B (p2, c1, k60).
1779463569: Client auto-56DC8CF7-0529-F1AA-C27A-3CF15101825B disconnected.
1779463599: New connection from ::1:51860 on port 1883.
1779463599: New client connected from ::1:51860 as auto-62923DB8-12D2-9CC5-D9C4-5A31F29F5FF7 (p2, c1, k60).
1779463599: Client auto-62923DB8-12D2-9CC5-D9C4-5A31F29F5FF7 disconnected.
1779463629: New connection from ::1:49048 on port 1883.
1779463629: New client connected from ::1:49048 as auto-EE603C46-25D6-8282-3855-C4B854BBD2FB (p2, c1, k60).
1779463629: Client auto-EE603C46-25D6-8282-3855-C4B854BBD2FB disconnected.
1779463659: New connection from ::1:55436 on port 1883.
1779463659: New client connected from ::1:55436 as auto-9B36F812-A440-7B84-1EA0-C16A66912C3B (p2, c1, k60).
1779463659: Client auto-9B36F812-A440-7B84-1EA0-C16A66912C3B disconnected.
1779463689: New connection from ::1:48584 on port 1883.
1779463689: New client connected from ::1:48584 as auto-78BA4AE5-D676-112C-0868-556EE7BAD789 (p2, c1, k60).
1779463689: Client auto-78BA4AE5-D676-112C-0868-556EE7BAD789 disconnected.
1779463719: New connection from ::1:45036 on port 1883.
1779463719: New client connected from ::1:45036 as auto-D8F4B112-B601-67EA-7E4F-F43CC554D568 (p2, c1, k60).
1779463719: Client auto-D8F4B112-B601-67EA-7E4F-F43CC554D568 disconnected.
1779463749: New connection from ::1:46904 on port 1883.
1779463749: New client connected from ::1:46904 as auto-95B2252B-52F7-B6A9-F16D-F57ABAA38746 (p2, c1, k60).
1779463749: Client auto-95B2252B-52F7-B6A9-F16D-F57ABAA38746 disconnected.
1779463779: New connection from ::1:49510 on port 1883.
1779463779: New client connected from ::1:49510 as auto-7D9C2986-F5E7-050C-E2C9-AAF1A36A3A6E (p2, c1, k60).
1779463779: Client auto-7D9C2986-F5E7-050C-E2C9-AAF1A36A3A6E disconnected.
1779463809: New connection from ::1:45010 on port 1883.
1779463810: New client connected from ::1:45010 as auto-2B5B38A2-E6E9-983A-F5C5-851ACA297971 (p2, c1, k60).
1779463810: Client auto-2B5B38A2-E6E9-983A-F5C5-851ACA297971 disconnected.
1779463826: Saving in-memory database to /mosquitto/data//mosquitto.db.
1779463840: New connection from ::1:60584 on port 1883.
1779463840: New client connected from ::1:60584 as auto-78507119-CE48-B517-AB70-1DB24110EF02 (p2, c1, k60).
1779463840: Client auto-78507119-CE48-B517-AB70-1DB24110EF02 disconnected.
1779463870: New connection from ::1:51172 on port 1883.
1779463870: New client connected from ::1:51172 as auto-70E0C5A1-F65A-6E35-B3A3-99DCACDF1421 (p2, c1, k60).
1779463870: Client auto-70E0C5A1-F65A-6E35-B3A3-99DCACDF1421 disconnected.
1779463900: New connection from ::1:45984 on port 1883.
1779463900: New client connected from ::1:45984 as auto-49EF52A6-4889-1C88-8887-1734D81A73D8 (p2, c1, k60).
1779463900: Client auto-49EF52A6-4889-1C88-8887-1734D81A73D8 disconnected.
1779463930: New connection from ::1:52764 on port 1883.
1779463930: New client connected from ::1:52764 as auto-6E9E19DE-D40B-3D9D-A1EF-A2359B818BBD (p2, c1, k60).
1779463930: Client auto-6E9E19DE-D40B-3D9D-A1EF-A2359B818BBD disconnected.
1779463960: New connection from ::1:55130 on port 1883.
1779463960: New client connected from ::1:55130 as auto-A8C0A715-D6B2-FE05-F1D7-1C1EBD54EFFE (p2, c1, k60).
1779463960: Client auto-A8C0A715-D6B2-FE05-F1D7-1C1EBD54EFFE disconnected.
1779463990: New connection from ::1:56330 on port 1883.
1779463990: New client connected from ::1:56330 as auto-C583E3BF-B20B-7655-133F-822014EDE5E4 (p2, c1, k60).
1779463990: Client auto-C583E3BF-B20B-7655-133F-822014EDE5E4 disconnected.
1779464020: New connection from ::1:34350 on port 1883.
1779464020: New client connected from ::1:34350 as auto-7773538C-F7CF-3007-FF4F-16524DDE8032 (p2, c1, k60).
1779464020: Client auto-7773538C-F7CF-3007-FF4F-16524DDE8032 disconnected.
1779464050: New connection from ::1:40078 on port 1883.
1779464050: New client connected from ::1:40078 as auto-5644C827-B5D2-F866-DCF6-D78B91BF37C6 (p2, c1, k60).
1779464050: Client auto-5644C827-B5D2-F866-DCF6-D78B91BF37C6 disconnected.
1779464080: New connection from ::1:45370 on port 1883.
1779464080: New client connected from ::1:45370 as auto-1D88F2C1-086F-2AA4-D54C-69032542EAD6 (p2, c1, k60).
1779464080: Client auto-1D88F2C1-086F-2AA4-D54C-69032542EAD6 disconnected.
1779464868: New connection from ::1:45128 on port 1883.
1779464868: New client connected from ::1:45128 as auto-3C85B27E-E9DA-3EFA-9347-F35F102CD766 (p2, c1, k60).
1779464868: Client auto-3C85B27E-E9DA-3EFA-9347-F35F102CD766 disconnected.
1779464898: New connection from ::1:46418 on port 1883.
1779464898: New client connected from ::1:46418 as auto-2EC71427-4506-8A37-E335-9BC099C3B757 (p2, c1, k60).
1779464898: Client auto-2EC71427-4506-8A37-E335-9BC099C3B757 disconnected.
1779464928: New connection from ::1:45218 on port 1883.
1779464928: New client connected from ::1:45218 as auto-8510E02A-E5B7-3E24-9255-252F3FFFAD24 (p2, c1, k60).
1779464928: Client auto-8510E02A-E5B7-3E24-9255-252F3FFFAD24 disconnected.
1779465085: New connection from ::1:53864 on port 1883.
1779465085: New client connected from ::1:53864 as auto-7BF602A0-0BAE-068E-3B90-6572663F7F06 (p2, c1, k60).
1779465085: Client auto-7BF602A0-0BAE-068E-3B90-6572663F7F06 disconnected.
1779465115: New connection from ::1:36862 on port 1883.
1779465115: New client connected from ::1:36862 as auto-791FF23E-DD1F-E7C6-C38E-F3B43BF2597E (p2, c1, k60).
1779465115: Client auto-791FF23E-DD1F-E7C6-C38E-F3B43BF2597E disconnected.
1779465145: New connection from ::1:54502 on port 1883.
1779465145: New client connected from ::1:54502 as auto-E6D0A720-0E7B-5796-0A57-5885F6B68709 (p2, c1, k60).
1779465145: Client auto-E6D0A720-0E7B-5796-0A57-5885F6B68709 disconnected.
1779465175: New connection from ::1:57094 on port 1883.
1779465175: New client connected from ::1:57094 as auto-335F5348-386A-8D92-BC82-89B56B5E4D85 (p2, c1, k60).
1779465175: Client auto-335F5348-386A-8D92-BC82-89B56B5E4D85 disconnected.
1779465205: New connection from ::1:34268 on port 1883.
1779465205: New client connected from ::1:34268 as auto-49E0D504-F1EC-3B03-FE46-F9F99B2473F2 (p2, c1, k60).
1779465205: Client auto-49E0D504-F1EC-3B03-FE46-F9F99B2473F2 disconnected.
1779465235: New connection from ::1:39948 on port 1883.
1779465235: New client connected from ::1:39948 as auto-B52F298E-5BD2-DED3-2A41-A40493C61E48 (p2, c1, k60).
1779465235: Client auto-B52F298E-5BD2-DED3-2A41-A40493C61E48 disconnected.
1779465265: New connection from ::1:51922 on port 1883.
1779465265: New client connected from ::1:51922 as auto-8CB243B1-3386-54F6-8A5C-EB73C4DA58A5 (p2, c1, k60).
1779465265: Client auto-8CB243B1-3386-54F6-8A5C-EB73C4DA58A5 disconnected.
1779465295: New connection from ::1:43284 on port 1883.
1779465295: New client connected from ::1:43284 as auto-1D59CE97-2015-84D6-49A2-63107868A40E (p2, c1, k60).
1779465295: Client auto-1D59CE97-2015-84D6-49A2-63107868A40E disconnected.
1779465325: New connection from ::1:39048 on port 1883.
1779465325: New client connected from ::1:39048 as auto-0D054151-8632-48E1-14E4-AAFE92FBD06C (p2, c1, k60).
1779465325: Client auto-0D054151-8632-48E1-14E4-AAFE92FBD06C disconnected.
1779465355: New connection from ::1:50014 on port 1883.
1779465355: New client connected from ::1:50014 as auto-DBEBB937-3F0B-54FB-7331-D3FA7E100FAF (p2, c1, k60).
1779465355: Client auto-DBEBB937-3F0B-54FB-7331-D3FA7E100FAF disconnected.
1779465385: New connection from ::1:39988 on port 1883.
1779465385: New client connected from ::1:39988 as auto-EAF253FA-5614-F713-0769-454BA47FB5F8 (p2, c1, k60).
1779465385: Client auto-EAF253FA-5614-F713-0769-454BA47FB5F8 disconnected.
1779465415: New connection from ::1:38436 on port 1883.
1779465415: New client connected from ::1:38436 as auto-11FAB602-A0B0-6F07-5B6A-AAFC12228DA4 (p2, c1, k60).
1779465415: Client auto-11FAB602-A0B0-6F07-5B6A-AAFC12228DA4 disconnected.
1779465445: New connection from ::1:51264 on port 1883.
1779465445: New client connected from ::1:51264 as auto-17E17F5D-EA63-EE70-92E4-CF5D9CAC80D8 (p2, c1, k60).
1779465445: Client auto-17E17F5D-EA63-EE70-92E4-CF5D9CAC80D8 disconnected.
1779465475: New connection from ::1:58820 on port 1883.
1779465475: New client connected from ::1:58820 as auto-70E8D8A2-3878-7A29-2DEC-4E5EDF0C8D41 (p2, c1, k60).
1779465475: Client auto-70E8D8A2-3878-7A29-2DEC-4E5EDF0C8D41 disconnected.
1779465505: New connection from ::1:43306 on port 1883.
1779465505: New client connected from ::1:43306 as auto-1C6F4128-927D-3966-B2D1-4BA9147445C4 (p2, c1, k60).
1779465505: Client auto-1C6F4128-927D-3966-B2D1-4BA9147445C4 disconnected.
1779465536: New connection from ::1:49732 on port 1883.
1779465536: New client connected from ::1:49732 as auto-C43AAAE6-6315-A678-F869-9ADAA21372CD (p2, c1, k60).
1779465536: Client auto-C43AAAE6-6315-A678-F869-9ADAA21372CD disconnected.
1779465914: New connection from ::1:48900 on port 1883.
1779465914: New client connected from ::1:48900 as auto-5A55EA28-65DE-FFD9-9C5D-74916A0F066D (p2, c1, k60).
1779465914: Client auto-5A55EA28-65DE-FFD9-9C5D-74916A0F066D disconnected.
1779465944: New connection from ::1:47732 on port 1883.
1779465944: New client connected from ::1:47732 as auto-D498BE39-B869-5675-7E3A-2EC2EE3FAA6D (p2, c1, k60).
1779465944: Client auto-D498BE39-B869-5675-7E3A-2EC2EE3FAA6D disconnected.
1779465975: New connection from ::1:41334 on port 1883.
1779465975: New client connected from ::1:41334 as auto-151807AD-FFB5-CB5D-57ED-A46EEB85EC75 (p2, c1, k60).
1779465975: Client auto-151807AD-FFB5-CB5D-57ED-A46EEB85EC75 disconnected.
1779466005: New connection from ::1:39066 on port 1883.
1779466005: New client connected from ::1:39066 as auto-2023A02C-8872-6D2C-CBB2-0EC7346BF30B (p2, c1, k60).
1779466005: Client auto-2023A02C-8872-6D2C-CBB2-0EC7346BF30B disconnected.
1779466035: New connection from ::1:41556 on port 1883.
1779466035: New client connected from ::1:41556 as auto-E057B90F-90B6-FF7C-8386-8BAA39004EE8 (p2, c1, k60).
1779466035: Client auto-E057B90F-90B6-FF7C-8386-8BAA39004EE8 disconnected.
1779466065: New connection from ::1:55510 on port 1883.
1779466065: New client connected from ::1:55510 as auto-53E77800-6D7B-6E54-4CAC-20C6BA6D6948 (p2, c1, k60).
1779466065: Client auto-53E77800-6D7B-6E54-4CAC-20C6BA6D6948 disconnected.
1779466095: New connection from ::1:58160 on port 1883.
1779466095: New client connected from ::1:58160 as auto-99930517-BDF4-5546-7C35-FBD6E5A02706 (p2, c1, k60).
1779466095: Client auto-99930517-BDF4-5546-7C35-FBD6E5A02706 disconnected.
1779466125: New connection from ::1:41642 on port 1883.
1779466125: New client connected from ::1:41642 as auto-DBADE7AB-02DD-4A99-BA86-3EF91EF0E55A (p2, c1, k60).
1779466125: Client auto-DBADE7AB-02DD-4A99-BA86-3EF91EF0E55A disconnected.
1779466155: New connection from ::1:38758 on port 1883.
1779466155: New client connected from ::1:38758 as auto-E93DBEDD-E6C4-ADDA-9071-E0E54A43C033 (p2, c1, k60).
1779466155: Client auto-E93DBEDD-E6C4-ADDA-9071-E0E54A43C033 disconnected.
1779466185: New connection from ::1:37636 on port 1883.
1779466185: New client connected from ::1:37636 as auto-65E458A0-1426-DAE0-E364-6F0CFAC5CAC0 (p2, c1, k60).
1779466185: Client auto-65E458A0-1426-DAE0-E364-6F0CFAC5CAC0 disconnected.
1779466215: New connection from ::1:34000 on port 1883.
1779466215: New client connected from ::1:34000 as auto-26878AE7-2A4B-AADE-081A-668C0671DA0C (p2, c1, k60).
1779466215: Client auto-26878AE7-2A4B-AADE-081A-668C0671DA0C disconnected.
1779466245: New connection from ::1:60596 on port 1883.
1779466245: New client connected from ::1:60596 as auto-F2F0B949-6EA6-5F16-F38C-76D15439E0AD (p2, c1, k60).
1779466245: Client auto-F2F0B949-6EA6-5F16-F38C-76D15439E0AD disconnected.
1779466275: New connection from ::1:38852 on port 1883.
1779466275: New client connected from ::1:38852 as auto-072F942E-0DA1-1C68-7023-51D858E610CE (p2, c1, k60).
1779466275: Client auto-072F942E-0DA1-1C68-7023-51D858E610CE disconnected.
1779466305: New connection from ::1:59204 on port 1883.
1779466305: New client connected from ::1:59204 as auto-D7458DDA-5AAB-51DA-48CE-A36A3CFC7172 (p2, c1, k60).
1779466305: Client auto-D7458DDA-5AAB-51DA-48CE-A36A3CFC7172 disconnected.
1779466335: New connection from ::1:38394 on port 1883.
1779466335: New client connected from ::1:38394 as auto-9B717BE5-928F-26F5-4F4F-D9AEEA6A6C5B (p2, c1, k60).
1779466335: Client auto-9B717BE5-928F-26F5-4F4F-D9AEEA6A6C5B disconnected.
1779466365: New connection from ::1:33094 on port 1883.
1779466365: New client connected from ::1:33094 as auto-2CC848D4-18BC-7BDB-8109-B6CED971FF2A (p2, c1, k60).
1779466365: Client auto-2CC848D4-18BC-7BDB-8109-B6CED971FF2A disconnected.
1779466395: New connection from ::1:36674 on port 1883.
1779466395: New client connected from ::1:36674 as auto-3CB9F3F2-72AE-85A6-3ECF-ADFD31680C90 (p2, c1, k60).
1779466395: Client auto-3CB9F3F2-72AE-85A6-3ECF-ADFD31680C90 disconnected.
1779466425: New connection from ::1:41914 on port 1883.
1779466425: New client connected from ::1:41914 as auto-79315436-948D-10DE-8E23-B8D08A7AC077 (p2, c1, k60).
1779466425: Client auto-79315436-948D-10DE-8E23-B8D08A7AC077 disconnected.
1779466455: New connection from ::1:49400 on port 1883.
1779466455: New client connected from ::1:49400 as auto-92EFB1EC-4F90-5839-9DAB-23B7ACD85F5C (p2, c1, k60).
1779466455: Client auto-92EFB1EC-4F90-5839-9DAB-23B7ACD85F5C disconnected.
1779466486: New connection from ::1:46740 on port 1883.
1779466486: New client connected from ::1:46740 as auto-9F196426-02A0-CF11-E57A-B2BF5B5BAD75 (p2, c1, k60).
1779466486: Client auto-9F196426-02A0-CF11-E57A-B2BF5B5BAD75 disconnected.
1779466516: New connection from ::1:41684 on port 1883.
1779466516: New client connected from ::1:41684 as auto-30A12A16-2445-642C-49DF-E4297602629B (p2, c1, k60).
1779466516: Client auto-30A12A16-2445-642C-49DF-E4297602629B disconnected.
1779466546: New connection from ::1:36814 on port 1883.
1779466546: New client connected from ::1:36814 as auto-1562EDB8-AE54-CE63-7DFB-C3ECE5EA2074 (p2, c1, k60).
1779466546: Client auto-1562EDB8-AE54-CE63-7DFB-C3ECE5EA2074 disconnected.
1779466864: New connection from ::1:54942 on port 1883.
1779466864: New client connected from ::1:54942 as auto-CA8FC250-528A-58C3-5723-2B1C26E13153 (p2, c1, k60).
1779466864: Client auto-CA8FC250-528A-58C3-5723-2B1C26E13153 disconnected.
1779467793: New connection from ::1:56558 on port 1883.
1779467793: New client connected from ::1:56558 as auto-9A899809-1A0F-DD65-0F4D-989EF22628EE (p2, c1, k60).
1779467793: Client auto-9A899809-1A0F-DD65-0F4D-989EF22628EE disconnected.
1779467823: New connection from ::1:42594 on port 1883.
1779467823: New client connected from ::1:42594 as auto-01B2580B-8B21-52CC-D284-9F41E98E7C63 (p2, c1, k60).
1779467823: Client auto-01B2580B-8B21-52CC-D284-9F41E98E7C63 disconnected.
1779467853: New connection from ::1:36610 on port 1883.
1779467853: New client connected from ::1:36610 as auto-D05ABFA7-8F85-3706-4E2A-C69448305AA1 (p2, c1, k60).
1779467853: Client auto-D05ABFA7-8F85-3706-4E2A-C69448305AA1 disconnected.
1779468388: New connection from ::1:40216 on port 1883.
1779468388: New client connected from ::1:40216 as auto-204570A7-3918-4FB6-5BAE-9490EFEFAA01 (p2, c1, k60).
1779468388: Client auto-204570A7-3918-4FB6-5BAE-9490EFEFAA01 disconnected.
1779468418: New connection from ::1:51128 on port 1883.
1779468418: New client connected from ::1:51128 as auto-B951B8E0-077B-85AC-F641-A5F6DAB0207F (p2, c1, k60).
1779468418: Client auto-B951B8E0-077B-85AC-F641-A5F6DAB0207F disconnected.
1779468448: New connection from ::1:46164 on port 1883.
1779468448: New client connected from ::1:46164 as auto-A142FBF0-2554-911E-C949-D249CC950927 (p2, c1, k60).
1779468448: Client auto-A142FBF0-2554-911E-C949-D249CC950927 disconnected.
1779468478: New connection from ::1:41702 on port 1883.
1779468478: New client connected from ::1:41702 as auto-1C82527A-A7B9-D9D9-8618-836DB5F5BBE0 (p2, c1, k60).
1779468478: Client auto-1C82527A-A7B9-D9D9-8618-836DB5F5BBE0 disconnected.
1779468508: New connection from ::1:43400 on port 1883.
1779468508: New client connected from ::1:43400 as auto-EB8D50E1-617A-DBEE-B908-377BFC739262 (p2, c1, k60).
1779468508: Client auto-EB8D50E1-617A-DBEE-B908-377BFC739262 disconnected.
1779468538: New connection from ::1:54474 on port 1883.
1779468538: New client connected from ::1:54474 as auto-8C4CAEDC-3C51-BBB8-16C6-7FD45AE6208A (p2, c1, k60).
1779468538: Client auto-8C4CAEDC-3C51-BBB8-16C6-7FD45AE6208A disconnected.
1779468552: Saving in-memory database to /mosquitto/data//mosquitto.db.
1779468665: New connection from ::1:60304 on port 1883.
1779468665: New client connected from ::1:60304 as auto-3B9F1CFB-C105-4DBB-8051-7AF4A1A84F81 (p2, c1, k60).
1779468665: Client auto-3B9F1CFB-C105-4DBB-8051-7AF4A1A84F81 disconnected.
1779468695: New connection from ::1:59310 on port 1883.
1779468695: New client connected from ::1:59310 as auto-1369F31D-7AAF-C03D-667D-693634603B2E (p2, c1, k60).
1779468695: Client auto-1369F31D-7AAF-C03D-667D-693634603B2E disconnected.
1779468725: New connection from ::1:49708 on port 1883.
1779468725: New client connected from ::1:49708 as auto-8BB53F69-0F47-97B9-1480-D268C0933B5A (p2, c1, k60).
1779468725: Client auto-8BB53F69-0F47-97B9-1480-D268C0933B5A disconnected.
1779468755: New connection from ::1:40790 on port 1883.
1779468755: New client connected from ::1:40790 as auto-59A22BCC-00EF-90C4-D88E-653D06394FBF (p2, c1, k60).
1779468755: Client auto-59A22BCC-00EF-90C4-D88E-653D06394FBF disconnected.
1779468785: New connection from ::1:42552 on port 1883.
1779468785: New client connected from ::1:42552 as auto-0D278E54-720E-888D-D195-E77C37C93A58 (p2, c1, k60).
1779468785: Client auto-0D278E54-720E-888D-D195-E77C37C93A58 disconnected.
1779468815: New connection from ::1:57298 on port 1883.
1779468815: New client connected from ::1:57298 as auto-6941D7F5-AED1-C3FE-4F99-8EC4374393DF (p2, c1, k60).
1779468815: Client auto-6941D7F5-AED1-C3FE-4F99-8EC4374393DF disconnected.
1779468846: New connection from ::1:53832 on port 1883.
1779468846: New client connected from ::1:53832 as auto-879954BC-19F7-EB2E-B5D3-3AC7498B1304 (p2, c1, k60).
1779468846: Client auto-879954BC-19F7-EB2E-B5D3-3AC7498B1304 disconnected.
1779468876: New connection from ::1:53320 on port 1883.
1779468876: New client connected from ::1:53320 as auto-5369DEE4-AA0F-4329-B98B-67017C61206D (p2, c1, k60).
1779468876: Client auto-5369DEE4-AA0F-4329-B98B-67017C61206D disconnected.
1779468906: New connection from ::1:51064 on port 1883.
1779468906: New client connected from ::1:51064 as auto-6322509C-F889-9B87-AECB-7AB501F92F7F (p2, c1, k60).
1779468906: Client auto-6322509C-F889-9B87-AECB-7AB501F92F7F disconnected.
1779468936: New connection from ::1:49138 on port 1883.
1779468936: New client connected from ::1:49138 as auto-BFBF9CDA-8340-690D-8C58-AF4ED2A6C8F7 (p2, c1, k60).
1779468936: Client auto-BFBF9CDA-8340-690D-8C58-AF4ED2A6C8F7 disconnected.
1779468966: New connection from ::1:33856 on port 1883.
1779468966: New client connected from ::1:33856 as auto-33C29CC2-8596-E653-1228-C8142C04026A (p2, c1, k60).
1779468966: Client auto-33C29CC2-8596-E653-1228-C8142C04026A disconnected.
1779468996: New connection from ::1:57396 on port 1883.
1779468996: New client connected from ::1:57396 as auto-92B9AD5F-5249-2276-EB5C-869ED45EBFC6 (p2, c1, k60).
1779468996: Client auto-92B9AD5F-5249-2276-EB5C-869ED45EBFC6 disconnected.
1779469026: New connection from ::1:39432 on port 1883.
1779469026: New client connected from ::1:39432 as auto-E1B12F03-973C-4CFE-9FF9-B2775C44D360 (p2, c1, k60).
1779469026: Client auto-E1B12F03-973C-4CFE-9FF9-B2775C44D360 disconnected.
1779469056: New connection from ::1:57570 on port 1883.
1779469056: New client connected from ::1:57570 as auto-F90137BD-EDB9-D947-5F8E-306BAE7C9D1E (p2, c1, k60).
1779469056: Client auto-F90137BD-EDB9-D947-5F8E-306BAE7C9D1E disconnected.
1779469086: New connection from ::1:33750 on port 1883.
1779469086: New client connected from ::1:33750 as auto-5037188B-C212-E1A2-8F4E-C62ED8F8B554 (p2, c1, k60).
1779469086: Client auto-5037188B-C212-E1A2-8F4E-C62ED8F8B554 disconnected.
1779469116: New connection from ::1:54466 on port 1883.
1779469116: New client connected from ::1:54466 as auto-40DCD5A3-DF38-0640-EEF0-52B96E9A3E73 (p2, c1, k60).
1779469116: Client auto-40DCD5A3-DF38-0640-EEF0-52B96E9A3E73 disconnected.
1779469146: New connection from ::1:41846 on port 1883.
1779469146: New client connected from ::1:41846 as auto-6A6F8650-6066-2A99-229B-5C3CD973D170 (p2, c1, k60).
1779469146: Client auto-6A6F8650-6066-2A99-229B-5C3CD973D170 disconnected.
1779469176: New connection from ::1:44214 on port 1883.
1779469176: New client connected from ::1:44214 as auto-E3E9C639-5E28-65F8-0EEE-776B5E2851E2 (p2, c1, k60).
1779469176: Client auto-E3E9C639-5E28-65F8-0EEE-776B5E2851E2 disconnected.
1779469206: New connection from ::1:37452 on port 1883.
1779469206: New client connected from ::1:37452 as auto-456361DC-EC75-7E50-082F-AE72F57B1958 (p2, c1, k60).
1779469206: Client auto-456361DC-EC75-7E50-082F-AE72F57B1958 disconnected.
1779469236: New connection from ::1:36946 on port 1883.
1779469236: New client connected from ::1:36946 as auto-8AA1C343-CB87-483D-9751-FB9AD20ACFC0 (p2, c1, k60).
1779469236: Client auto-8AA1C343-CB87-483D-9751-FB9AD20ACFC0 disconnected.
1779469266: New connection from ::1:32998 on port 1883.
1779469266: New client connected from ::1:32998 as auto-AF8A28F2-2229-5452-512D-6527813BAC4F (p2, c1, k60).
1779469266: Client auto-AF8A28F2-2229-5452-512D-6527813BAC4F disconnected.
1779469296: New connection from ::1:54180 on port 1883.
1779469296: New client connected from ::1:54180 as auto-A64ED515-7133-DF79-27A9-100205B7E64B (p2, c1, k60).
1779469296: Client auto-A64ED515-7133-DF79-27A9-100205B7E64B disconnected.
1779469711: New connection from ::1:55146 on port 1883.
1779469711: New client connected from ::1:55146 as auto-2325A41C-7ADF-4B66-7E7D-B9286E67DFDF (p2, c1, k60).
1779469711: Client auto-2325A41C-7ADF-4B66-7E7D-B9286E67DFDF disconnected.
1779469742: New connection from ::1:43982 on port 1883.
1779469742: New client connected from ::1:43982 as auto-29E55691-34FF-7F05-C33D-423F06ED9EAF (p2, c1, k60).
1779469742: Client auto-29E55691-34FF-7F05-C33D-423F06ED9EAF disconnected.
1779469772: New connection from ::1:57628 on port 1883.
1779469772: New client connected from ::1:57628 as auto-3C5BF9BF-464A-A257-231E-4602893FFFCD (p2, c1, k60).
1779469772: Client auto-3C5BF9BF-464A-A257-231E-4602893FFFCD disconnected.
1779469802: New connection from ::1:46798 on port 1883.
1779469802: New client connected from ::1:46798 as auto-D06DA70E-96EC-20C4-B45F-2AA9EF6B36C9 (p2, c1, k60).
1779469802: Client auto-D06DA70E-96EC-20C4-B45F-2AA9EF6B36C9 disconnected.
1779469832: New connection from ::1:34392 on port 1883.
1779469832: New client connected from ::1:34392 as auto-3F15DC68-4DFB-F164-9642-1649923E193E (p2, c1, k60).
1779469832: Client auto-3F15DC68-4DFB-F164-9642-1649923E193E disconnected.
1779469862: New connection from ::1:51026 on port 1883.
1779469862: New client connected from ::1:51026 as auto-D0C0F50B-1E91-24B1-75ED-D9321B7AF1AC (p2, c1, k60).
1779469862: Client auto-D0C0F50B-1E91-24B1-75ED-D9321B7AF1AC disconnected.
1779469892: New connection from ::1:48126 on port 1883.
1779469892: New client connected from ::1:48126 as auto-AA76ABCB-1D6F-796C-08C2-DE627D90E8AC (p2, c1, k60).
1779469892: Client auto-AA76ABCB-1D6F-796C-08C2-DE627D90E8AC disconnected.
1779469922: New connection from ::1:46994 on port 1883.
1779469922: New client connected from ::1:46994 as auto-6FDC8FB0-A7FF-68A3-206B-C0C4FE6AEA5D (p2, c1, k60).
1779469922: Client auto-6FDC8FB0-A7FF-68A3-206B-C0C4FE6AEA5D disconnected.
1779469952: New connection from ::1:47804 on port 1883.
1779469952: New client connected from ::1:47804 as auto-8682F9FF-F43E-2A00-DEFB-BE39D823D5BE (p2, c1, k60).
1779469952: Client auto-8682F9FF-F43E-2A00-DEFB-BE39D823D5BE disconnected.
1779469982: New connection from ::1:54348 on port 1883.
1779469982: New client connected from ::1:54348 as auto-19F43B08-EBF6-0261-B3EC-EBA19A39E238 (p2, c1, k60).
1779469982: Client auto-19F43B08-EBF6-0261-B3EC-EBA19A39E238 disconnected.
1779470012: New connection from ::1:38150 on port 1883.
1779470012: New client connected from ::1:38150 as auto-A709B7EA-2ABA-B81A-FB05-D2B688425D04 (p2, c1, k60).
1779470012: Client auto-A709B7EA-2ABA-B81A-FB05-D2B688425D04 disconnected.
1779470042: New connection from ::1:49680 on port 1883.
1779470042: New client connected from ::1:49680 as auto-5B5CB8CE-9D00-92E5-44AD-51CC20442681 (p2, c1, k60).
1779470042: Client auto-5B5CB8CE-9D00-92E5-44AD-51CC20442681 disconnected.
1779470072: New connection from ::1:50640 on port 1883.
1779470072: New client connected from ::1:50640 as auto-9D20A8E6-77DB-DB15-F8A7-AA5295F75D9A (p2, c1, k60).
1779470072: Client auto-9D20A8E6-77DB-DB15-F8A7-AA5295F75D9A disconnected.
1779470102: New connection from ::1:44076 on port 1883.
1779470102: New client connected from ::1:44076 as auto-839C7C00-44EA-B142-1C8F-C0B8EA0FDD5B (p2, c1, k60).
1779470102: Client auto-839C7C00-44EA-B142-1C8F-C0B8EA0FDD5B disconnected.
1779470132: New connection from ::1:39480 on port 1883.
1779470132: New client connected from ::1:39480 as auto-667BBDF3-A2A3-569F-9DA3-E610D0A0B5B9 (p2, c1, k60).
1779470132: Client auto-667BBDF3-A2A3-569F-9DA3-E610D0A0B5B9 disconnected.
1779470162: New connection from ::1:35418 on port 1883.
1779470162: New client connected from ::1:35418 as auto-C3E6DA22-4674-6F3A-9CA4-94F04B816279 (p2, c1, k60).
1779470162: Client auto-C3E6DA22-4674-6F3A-9CA4-94F04B816279 disconnected.
1779470192: New connection from ::1:33182 on port 1883.
1779470192: New client connected from ::1:33182 as auto-A91F32DE-53A8-BF20-5FF8-316FFB278F79 (p2, c1, k60).
1779470192: Client auto-A91F32DE-53A8-BF20-5FF8-316FFB278F79 disconnected.
1779470222: New connection from ::1:55542 on port 1883.
1779470222: New client connected from ::1:55542 as auto-A3CA2C56-1165-DB3E-0CA0-AF30621244AD (p2, c1, k60).
1779470222: Client auto-A3CA2C56-1165-DB3E-0CA0-AF30621244AD disconnected.
1779470252: New connection from ::1:51270 on port 1883.
1779470252: New client connected from ::1:51270 as auto-08705949-CE0A-2C7C-D911-C4E22FEBD836 (p2, c1, k60).
1779470252: Client auto-08705949-CE0A-2C7C-D911-C4E22FEBD836 disconnected.
1779470283: New connection from ::1:38370 on port 1883.
1779470283: New client connected from ::1:38370 as auto-E91648E9-EEDB-E270-5846-2F02D51314CC (p2, c1, k60).
1779470283: Client auto-E91648E9-EEDB-E270-5846-2F02D51314CC disconnected.
1779470313: New connection from ::1:42340 on port 1883.
1779470313: New client connected from ::1:42340 as auto-4130BA56-8B5C-36CF-0344-7A4EE0B66436 (p2, c1, k60).
1779470313: Client auto-4130BA56-8B5C-36CF-0344-7A4EE0B66436 disconnected.
1779470343: New connection from ::1:57204 on port 1883.
1779470343: New client connected from ::1:57204 as auto-2BF3D1B4-46C4-F90A-A43C-16CF53B1F51D (p2, c1, k60).
1779470343: Client auto-2BF3D1B4-46C4-F90A-A43C-16CF53B1F51D disconnected.
1779470373: New connection from ::1:51942 on port 1883.
1779470373: New client connected from ::1:51942 as auto-9912C1D0-4D10-D40F-23DB-9E2E832F1EC9 (p2, c1, k60).
1779470373: Client auto-9912C1D0-4D10-D40F-23DB-9E2E832F1EC9 disconnected.
1779470403: New connection from ::1:48044 on port 1883.
1779470403: New client connected from ::1:48044 as auto-773DE0ED-8E5B-4760-6D73-D2606D7AF8BE (p2, c1, k60).
1779470403: Client auto-773DE0ED-8E5B-4760-6D73-D2606D7AF8BE disconnected.
1779470433: New connection from ::1:40150 on port 1883.
1779470433: New client connected from ::1:40150 as auto-0D203D2D-CB83-01BC-ED09-C11195947F79 (p2, c1, k60).
1779470433: Client auto-0D203D2D-CB83-01BC-ED09-C11195947F79 disconnected.
1779470463: New connection from ::1:60186 on port 1883.
1779470463: New client connected from ::1:60186 as auto-F4310B64-FC21-4DEF-6BED-4A136729DA03 (p2, c1, k60).
1779470463: Client auto-F4310B64-FC21-4DEF-6BED-4A136729DA03 disconnected.
1779470493: New connection from ::1:36766 on port 1883.
1779470493: New client connected from ::1:36766 as auto-25AD18B6-F938-C5CF-7C7D-AF99FC38810A (p2, c1, k60).
1779470493: Client auto-25AD18B6-F938-C5CF-7C7D-AF99FC38810A disconnected.
1779470523: New connection from ::1:42940 on port 1883.
1779470523: New client connected from ::1:42940 as auto-AE2103D9-65F0-1B7E-F37B-B1791FF94320 (p2, c1, k60).
1779470523: Client auto-AE2103D9-65F0-1B7E-F37B-B1791FF94320 disconnected.
1779470553: New connection from ::1:47480 on port 1883.
1779470553: New client connected from ::1:47480 as auto-C8906CAB-6F1C-B9CE-EDF4-47AC8ED20FFC (p2, c1, k60).
1779470553: Client auto-C8906CAB-6F1C-B9CE-EDF4-47AC8ED20FFC disconnected.
1779470583: New connection from ::1:40132 on port 1883.
1779470583: New client connected from ::1:40132 as auto-EAE27E9D-8C11-140A-7106-F3C39CA71847 (p2, c1, k60).
1779470583: Client auto-EAE27E9D-8C11-140A-7106-F3C39CA71847 disconnected.
1779470613: New connection from ::1:54890 on port 1883.
1779470613: New client connected from ::1:54890 as auto-0C78DB40-C535-93A9-5D71-60EDCD7E98BC (p2, c1, k60).
1779470613: Client auto-0C78DB40-C535-93A9-5D71-60EDCD7E98BC disconnected.
1779470643: New connection from ::1:38002 on port 1883.
1779470643: New client connected from ::1:38002 as auto-E8B6437A-AC50-954B-0FF2-758C9E89D4B4 (p2, c1, k60).
1779470643: Client auto-E8B6437A-AC50-954B-0FF2-758C9E89D4B4 disconnected.
1779470673: New connection from ::1:34628 on port 1883.
1779470673: New client connected from ::1:34628 as auto-C8FF5389-34CF-BE20-8E41-229C5DE6F2FF (p2, c1, k60).
1779470673: Client auto-C8FF5389-34CF-BE20-8E41-229C5DE6F2FF disconnected.
1779470704: New connection from ::1:54188 on port 1883.
1779470704: New client connected from ::1:54188 as auto-90A64494-E78C-85CE-C3E6-717444498C12 (p2, c1, k60).
1779470704: Client auto-90A64494-E78C-85CE-C3E6-717444498C12 disconnected.
1779470734: New connection from ::1:48682 on port 1883.
1779470734: New client connected from ::1:48682 as auto-5C608BC0-5408-2F9A-8AF9-E630E1EE2AC2 (p2, c1, k60).
1779470734: Client auto-5C608BC0-5408-2F9A-8AF9-E630E1EE2AC2 disconnected.
1779470764: New connection from ::1:39930 on port 1883.
1779470764: New client connected from ::1:39930 as auto-45FF2D1A-4E74-4BE5-0752-3C2AE27C3948 (p2, c1, k60).
1779470764: Client auto-45FF2D1A-4E74-4BE5-0752-3C2AE27C3948 disconnected.
1779470794: New connection from ::1:40476 on port 1883.
1779470794: New client connected from ::1:40476 as auto-965DCEB5-0679-7C5B-6C08-4C91AA664E7C (p2, c1, k60).
1779470794: Client auto-965DCEB5-0679-7C5B-6C08-4C91AA664E7C disconnected.
1779470824: New connection from ::1:56034 on port 1883.
1779470824: New client connected from ::1:56034 as auto-D4709073-AB6D-C256-B7C1-0020EA441745 (p2, c1, k60).
1779470824: Client auto-D4709073-AB6D-C256-B7C1-0020EA441745 disconnected.
1779470835: Saving in-memory database to /mosquitto/data//mosquitto.db.
1779470854: New connection from ::1:46544 on port 1883.
1779470854: New client connected from ::1:46544 as auto-A39195DD-1FEB-4CDC-1727-FD64FCF9A53B (p2, c1, k60).
1779470854: Client auto-A39195DD-1FEB-4CDC-1727-FD64FCF9A53B disconnected.
1779470884: New connection from ::1:33144 on port 1883.
1779470884: New client connected from ::1:33144 as auto-2B0507C2-AFB2-E762-A309-111EB0C3881A (p2, c1, k60).
1779470884: Client auto-2B0507C2-AFB2-E762-A309-111EB0C3881A disconnected.
1779470914: New connection from ::1:54712 on port 1883.
1779470914: New client connected from ::1:54712 as auto-CF1333C0-41CC-5F5F-9A5B-2822BD7AC880 (p2, c1, k60).
1779470914: Client auto-CF1333C0-41CC-5F5F-9A5B-2822BD7AC880 disconnected.
1779470944: New connection from ::1:46490 on port 1883.
1779470944: New client connected from ::1:46490 as auto-536D8479-700F-7903-ABD7-03AFE36B0413 (p2, c1, k60).
1779470944: Client auto-536D8479-700F-7903-ABD7-03AFE36B0413 disconnected.
1779470974: New connection from ::1:35202 on port 1883.
1779470974: New client connected from ::1:35202 as auto-9A1CE3FC-0B19-1DAB-F4FC-5FB25E99EC29 (p2, c1, k60).
1779470974: Client auto-9A1CE3FC-0B19-1DAB-F4FC-5FB25E99EC29 disconnected.
1779471004: New connection from ::1:58348 on port 1883.
1779471004: New client connected from ::1:58348 as auto-C1DA6BA9-4E30-96D5-A792-9933924810B5 (p2, c1, k60).
1779471004: Client auto-C1DA6BA9-4E30-96D5-A792-9933924810B5 disconnected.
1779471034: New connection from ::1:42088 on port 1883.
1779471034: New client connected from ::1:42088 as auto-A976DC2B-DAC4-90AA-B5F9-09F028E4350F (p2, c1, k60).
1779471034: Client auto-A976DC2B-DAC4-90AA-B5F9-09F028E4350F disconnected.
1779471064: New connection from ::1:53860 on port 1883.
1779471064: New client connected from ::1:53860 as auto-E4FCB589-A9D5-BD0E-FF56-F680ACB0AE0F (p2, c1, k60).
1779471064: Client auto-E4FCB589-A9D5-BD0E-FF56-F680ACB0AE0F disconnected.
1779471094: New connection from ::1:39884 on port 1883.
1779471094: New client connected from ::1:39884 as auto-1D9E35EB-7432-C975-94ED-79E258162103 (p2, c1, k60).
1779471094: Client auto-1D9E35EB-7432-C975-94ED-79E258162103 disconnected.
1779471125: New connection from ::1:52302 on port 1883.
1779471125: New client connected from ::1:52302 as auto-AE013E29-231B-B45E-0D96-44CFB7EB5A29 (p2, c1, k60).
1779471125: Client auto-AE013E29-231B-B45E-0D96-44CFB7EB5A29 disconnected.
1779471155: New connection from ::1:39824 on port 1883.
1779471155: New client connected from ::1:39824 as auto-E46B1A7F-62B4-B700-F1FF-FEF5C379655B (p2, c1, k60).
1779471155: Client auto-E46B1A7F-62B4-B700-F1FF-FEF5C379655B disconnected.
1779471185: New connection from ::1:42548 on port 1883.
1779471185: New client connected from ::1:42548 as auto-4A7976B9-4115-4A49-7EAC-D28E1F0454BC (p2, c1, k60).
1779471185: Client auto-4A7976B9-4115-4A49-7EAC-D28E1F0454BC disconnected.
1779471215: New connection from ::1:35592 on port 1883.
1779471215: New client connected from ::1:35592 as auto-BFB19BEC-F68B-68E5-31D7-375BD6E225D9 (p2, c1, k60).
1779471215: Client auto-BFB19BEC-F68B-68E5-31D7-375BD6E225D9 disconnected.
1779471245: New connection from ::1:34916 on port 1883.
1779471245: New client connected from ::1:34916 as auto-E8F69355-5ADA-B2A7-0C55-D05EBD94A3A0 (p2, c1, k60).
1779471245: Client auto-E8F69355-5ADA-B2A7-0C55-D05EBD94A3A0 disconnected.
1779471275: New connection from ::1:51370 on port 1883.
1779471275: New client connected from ::1:51370 as auto-AFEE6574-F2C7-CFD9-BD38-6E961309C060 (p2, c1, k60).
1779471275: Client auto-AFEE6574-F2C7-CFD9-BD38-6E961309C060 disconnected.
1779471305: New connection from ::1:48640 on port 1883.
1779471305: New client connected from ::1:48640 as auto-B20A23D9-F2E0-E437-E6FF-432CF4314C44 (p2, c1, k60).
1779471305: Client auto-B20A23D9-F2E0-E437-E6FF-432CF4314C44 disconnected.
1779471335: New connection from ::1:55786 on port 1883.
1779471335: New client connected from ::1:55786 as auto-CF3F42D4-8CF3-5D9C-2943-2DF5B5A918B1 (p2, c1, k60).
1779471335: Client auto-CF3F42D4-8CF3-5D9C-2943-2DF5B5A918B1 disconnected.
1779471365: New connection from ::1:50222 on port 1883.
1779471365: New client connected from ::1:50222 as auto-0E65A50C-5F56-048D-5280-86E07CA5F9AB (p2, c1, k60).
1779471365: Client auto-0E65A50C-5F56-048D-5280-86E07CA5F9AB disconnected.
1779471395: New connection from ::1:53856 on port 1883.
1779471395: New client connected from ::1:53856 as auto-703F4ABD-F53A-E331-93A0-2D36E14E8223 (p2, c1, k60).
1779471395: Client auto-703F4ABD-F53A-E331-93A0-2D36E14E8223 disconnected.
1779471425: New connection from ::1:53462 on port 1883.
1779471425: New client connected from ::1:53462 as auto-76FEBAA4-EA56-C480-40CB-722CA239080F (p2, c1, k60).
1779471425: Client auto-76FEBAA4-EA56-C480-40CB-722CA239080F disconnected.
1779471455: New connection from ::1:53212 on port 1883.
1779471455: New client connected from ::1:53212 as auto-18978A2E-5093-56FE-CF1A-11DB0E0B4F65 (p2, c1, k60).
1779471455: Client auto-18978A2E-5093-56FE-CF1A-11DB0E0B4F65 disconnected.
1779471485: New connection from ::1:48314 on port 1883.
1779471485: New client connected from ::1:48314 as auto-7818B0A8-641C-A31B-6D64-B0A7CE2FE7FD (p2, c1, k60).
1779471485: Client auto-7818B0A8-641C-A31B-6D64-B0A7CE2FE7FD disconnected.
1779471515: New connection from ::1:42874 on port 1883.
1779471515: New client connected from ::1:42874 as auto-F0786D53-C991-186B-57E3-C26B290FA134 (p2, c1, k60).
1779471515: Client auto-F0786D53-C991-186B-57E3-C26B290FA134 disconnected.
1779471546: New connection from ::1:50104 on port 1883.
1779471546: New client connected from ::1:50104 as auto-507BD7E6-802F-6292-48D0-4437E1A6CD64 (p2, c1, k60).
1779471546: Client auto-507BD7E6-802F-6292-48D0-4437E1A6CD64 disconnected.
1779471576: New connection from ::1:35452 on port 1883.
1779471576: New client connected from ::1:35452 as auto-C5C22E02-78C1-CB26-70DA-03CB15EA13A5 (p2, c1, k60).
1779471576: Client auto-C5C22E02-78C1-CB26-70DA-03CB15EA13A5 disconnected.
1779471606: New connection from ::1:37208 on port 1883.
1779471606: New client connected from ::1:37208 as auto-672066CD-33DF-014C-00C8-2F3A9D29431B (p2, c1, k60).
1779471606: Client auto-672066CD-33DF-014C-00C8-2F3A9D29431B disconnected.
1779471636: New connection from ::1:34088 on port 1883.
1779471636: New client connected from ::1:34088 as auto-B57B3505-A296-BC35-8FD9-1F6A92810FB5 (p2, c1, k60).
1779471636: Client auto-B57B3505-A296-BC35-8FD9-1F6A92810FB5 disconnected.
1779471666: New connection from ::1:57844 on port 1883.
1779471666: New client connected from ::1:57844 as auto-C898EC4A-A278-2B4E-3BDC-7A1BDB6D1FDD (p2, c1, k60).
1779471666: Client auto-C898EC4A-A278-2B4E-3BDC-7A1BDB6D1FDD disconnected.
1779471696: New connection from ::1:47590 on port 1883.
1779471696: New client connected from ::1:47590 as auto-3F9C0D5F-2F88-EC38-1FFE-B300D95DC916 (p2, c1, k60).
1779471696: Client auto-3F9C0D5F-2F88-EC38-1FFE-B300D95DC916 disconnected.
1779471726: New connection from ::1:41098 on port 1883.
1779471726: New client connected from ::1:41098 as auto-1904750F-BF54-E3A9-3C47-4EE31F3F1E87 (p2, c1, k60).
1779471726: Client auto-1904750F-BF54-E3A9-3C47-4EE31F3F1E87 disconnected.
1779471756: New connection from ::1:49340 on port 1883.
1779471756: New client connected from ::1:49340 as auto-D12A3794-FCEE-EAC0-502D-EC6AF56F8CFD (p2, c1, k60).
1779471756: Client auto-D12A3794-FCEE-EAC0-502D-EC6AF56F8CFD disconnected.
1779471786: New connection from ::1:52208 on port 1883.
1779471786: New client connected from ::1:52208 as auto-01451C4F-1208-9BD2-F261-9F16DEBF221C (p2, c1, k60).
1779471786: Client auto-01451C4F-1208-9BD2-F261-9F16DEBF221C disconnected.
1779471816: New connection from ::1:57038 on port 1883.
1779471816: New client connected from ::1:57038 as auto-CDC0C91D-41C6-8DFF-5DAB-B2CDEC48F321 (p2, c1, k60).
1779471816: Client auto-CDC0C91D-41C6-8DFF-5DAB-B2CDEC48F321 disconnected.
1779471846: New connection from ::1:44124 on port 1883.
1779471846: New client connected from ::1:44124 as auto-47A34B3D-E08F-B2EF-8AB2-C456EBF4B7A7 (p2, c1, k60).
1779471846: Client auto-47A34B3D-E08F-B2EF-8AB2-C456EBF4B7A7 disconnected.
1779471876: New connection from ::1:47998 on port 1883.
1779471876: New client connected from ::1:47998 as auto-03C3A334-868B-102F-AF4A-C1395730C0A9 (p2, c1, k60).
1779471876: Client auto-03C3A334-868B-102F-AF4A-C1395730C0A9 disconnected.
1779471906: New connection from ::1:36138 on port 1883.
1779471906: New client connected from ::1:36138 as auto-F4E5931A-7A03-40D8-F048-02B868C8A7FA (p2, c1, k60).
1779471906: Client auto-F4E5931A-7A03-40D8-F048-02B868C8A7FA disconnected.
1779471936: New connection from ::1:51562 on port 1883.
1779471936: New client connected from ::1:51562 as auto-8AFA1C89-7CCC-1277-C22B-E8AE9F71E442 (p2, c1, k60).
1779471936: Client auto-8AFA1C89-7CCC-1277-C22B-E8AE9F71E442 disconnected.
1779471966: New connection from ::1:60006 on port 1883.
1779471966: New client connected from ::1:60006 as auto-754E3A30-12E8-6E65-57DA-5CE00A17DEA9 (p2, c1, k60).
1779471966: Client auto-754E3A30-12E8-6E65-57DA-5CE00A17DEA9 disconnected.
1779471997: New connection from ::1:41940 on port 1883.
1779471997: New client connected from ::1:41940 as auto-0460F0F0-46C4-A969-CF92-26A4A4E524AD (p2, c1, k60).
1779471997: Client auto-0460F0F0-46C4-A969-CF92-26A4A4E524AD disconnected.
1779472027: New connection from ::1:42642 on port 1883.
1779472027: New client connected from ::1:42642 as auto-5702CAA0-39A0-80CC-AB93-179156464237 (p2, c1, k60).
1779472027: Client auto-5702CAA0-39A0-80CC-AB93-179156464237 disconnected.
1779472057: New connection from ::1:36860 on port 1883.
1779472057: New client connected from ::1:36860 as auto-B356B799-21C0-9364-8FBC-AD3AD4A56CCB (p2, c1, k60).
1779472057: Client auto-B356B799-21C0-9364-8FBC-AD3AD4A56CCB disconnected.
1779472087: New connection from ::1:34380 on port 1883.
1779472087: New client connected from ::1:34380 as auto-83B9238B-1B94-2087-D4E1-79C3CB301C09 (p2, c1, k60).
1779472087: Client auto-83B9238B-1B94-2087-D4E1-79C3CB301C09 disconnected.
1779472117: New connection from ::1:54956 on port 1883.
1779472117: New client connected from ::1:54956 as auto-A8C3BE4A-CE53-E0C8-B58D-39620CC79EDA (p2, c1, k60).
1779472117: Client auto-A8C3BE4A-CE53-E0C8-B58D-39620CC79EDA disconnected.
1779472147: New connection from ::1:34186 on port 1883.
1779472147: New client connected from ::1:34186 as auto-FD4048EB-C55B-FDB2-A47A-551AB635B148 (p2, c1, k60).
1779472147: Client auto-FD4048EB-C55B-FDB2-A47A-551AB635B148 disconnected.
1779472177: New connection from ::1:48284 on port 1883.
1779472177: New client connected from ::1:48284 as auto-3E6B6B05-8ADC-3374-EFDF-233B99210D3E (p2, c1, k60).
1779472177: Client auto-3E6B6B05-8ADC-3374-EFDF-233B99210D3E disconnected.
1779472207: New connection from ::1:48722 on port 1883.
1779472207: New client connected from ::1:48722 as auto-C883C219-943F-98E6-D517-F75E6CD63D3F (p2, c1, k60).
1779472207: Client auto-C883C219-943F-98E6-D517-F75E6CD63D3F disconnected.
1779472237: New connection from ::1:44378 on port 1883.
1779472237: New client connected from ::1:44378 as auto-3E76B03B-5F7F-08E0-B24C-E4201AE57D26 (p2, c1, k60).
1779472237: Client auto-3E76B03B-5F7F-08E0-B24C-E4201AE57D26 disconnected.
1779472267: New connection from ::1:51162 on port 1883.
1779472267: New client connected from ::1:51162 as auto-A82548F9-5941-D09B-1C4F-CD57B02F0A74 (p2, c1, k60).
1779472267: Client auto-A82548F9-5941-D09B-1C4F-CD57B02F0A74 disconnected.
1779472297: New connection from ::1:36422 on port 1883.
1779472297: New client connected from ::1:36422 as auto-876DDE1D-B526-C772-13C9-A93D18D0DB99 (p2, c1, k60).
1779472297: Client auto-876DDE1D-B526-C772-13C9-A93D18D0DB99 disconnected.
1779472327: New connection from ::1:34098 on port 1883.
1779472327: New client connected from ::1:34098 as auto-C363D04B-3588-E66A-4AC2-F5761F1829E9 (p2, c1, k60).
1779472327: Client auto-C363D04B-3588-E66A-4AC2-F5761F1829E9 disconnected.
1779472357: New connection from ::1:36792 on port 1883.
1779472357: New client connected from ::1:36792 as auto-1D654E26-84EB-54B9-1162-344319D0FE78 (p2, c1, k60).
1779472357: Client auto-1D654E26-84EB-54B9-1162-344319D0FE78 disconnected.
1779472387: New connection from ::1:46732 on port 1883.
1779472387: New client connected from ::1:46732 as auto-AECC95D3-4DA1-B2BF-366C-EECEC2E39BC3 (p2, c1, k60).
1779472387: Client auto-AECC95D3-4DA1-B2BF-366C-EECEC2E39BC3 disconnected.
1779472417: New connection from ::1:46174 on port 1883.
1779472417: New client connected from ::1:46174 as auto-CB913652-7C6B-518C-4172-0831C3923A2D (p2, c1, k60).
1779472417: Client auto-CB913652-7C6B-518C-4172-0831C3923A2D disconnected.
1779472447: New connection from ::1:34398 on port 1883.
1779472447: New client connected from ::1:34398 as auto-1C959DA5-44C7-FEE6-2752-525B204BD3BF (p2, c1, k60).
1779472447: Client auto-1C959DA5-44C7-FEE6-2752-525B204BD3BF disconnected.
1779472478: New connection from ::1:46914 on port 1883.
1779472478: New client connected from ::1:46914 as auto-BDBC3FD5-B944-C184-97BB-D35608BE50BD (p2, c1, k60).
1779472478: Client auto-BDBC3FD5-B944-C184-97BB-D35608BE50BD disconnected.
1779472508: New connection from ::1:45160 on port 1883.
1779472508: New client connected from ::1:45160 as auto-B069DC0B-49FC-4CD0-E0B0-F502AE3CDDE0 (p2, c1, k60).
1779472508: Client auto-B069DC0B-49FC-4CD0-E0B0-F502AE3CDDE0 disconnected.
1779472512: mosquitto version 2.0.22 terminating
1779472512: Saving in-memory database to /mosquitto/data//mosquitto.db.
1779473359: mosquitto version 2.0.22 starting
1779473359: Config loaded from /mosquitto/config/mosquitto.conf.
1779473359: Opening ipv4 listen socket on port 1883.
1779473359: Opening ipv6 listen socket on port 1883.
1779473359: Opening websockets listen socket on port 9001.
1779473359: mosquitto version 2.0.22 running
1779473389: New connection from ::1:59248 on port 1883.
1779473389: New client connected from ::1:59248 as auto-891E0A8F-8DDC-01CF-BB6E-D428DC6D003F (p2, c1, k60).
1779473389: Client auto-891E0A8F-8DDC-01CF-BB6E-D428DC6D003F disconnected.
1779473419: New connection from ::1:37714 on port 1883.
1779473419: New client connected from ::1:37714 as auto-A0F0AE8A-DD53-7EA5-D161-FC0AA5C2323E (p2, c1, k60).
1779473419: Client auto-A0F0AE8A-DD53-7EA5-D161-FC0AA5C2323E disconnected.
1779473449: New connection from ::1:50092 on port 1883.
1779473449: New client connected from ::1:50092 as auto-85BE853A-DEEB-74E4-AD6C-8E6D5694285E (p2, c1, k60).
1779473449: Client auto-85BE853A-DEEB-74E4-AD6C-8E6D5694285E disconnected.
1779473479: New connection from ::1:54684 on port 1883.
1779473479: New client connected from ::1:54684 as auto-A902CFAC-6C89-59C8-216F-B6B804160FCA (p2, c1, k60).
1779473479: Client auto-A902CFAC-6C89-59C8-216F-B6B804160FCA disconnected.
1779473548: New connection from ::1:35184 on port 1883.
1779473548: New client connected from ::1:35184 as auto-FF03DEC0-4ED5-DFB3-1F40-8544D20D0149 (p2, c1, k60).
1779473548: Client auto-FF03DEC0-4ED5-DFB3-1F40-8544D20D0149 disconnected.
1779473578: New connection from ::1:40446 on port 1883.
1779473578: New client connected from ::1:40446 as auto-61E161D6-03DE-0E63-E9FB-085AFE7FCEBB (p2, c1, k60).
1779473578: Client auto-61E161D6-03DE-0E63-E9FB-085AFE7FCEBB disconnected.
1779473579: New client connected from 142.251.110.207:53969 as mqttjs_c389a788 (p2, c1, k60).
1779473608: New connection from ::1:43506 on port 1883.
1779473608: New client connected from ::1:43506 as auto-0C2C7FA0-E032-ACF3-CFDF-262B5057BB15 (p2, c1, k60).
1779473608: Client auto-0C2C7FA0-E032-ACF3-CFDF-262B5057BB15 disconnected.
1779473638: New connection from ::1:41160 on port 1883.
1779473638: New client connected from ::1:41160 as auto-4CBECA43-F686-E36F-45CC-F605BCFDC14F (p2, c1, k60).
1779473638: Client auto-4CBECA43-F686-E36F-45CC-F605BCFDC14F disconnected.
1779473668: New connection from ::1:51718 on port 1883.
1779473668: New client connected from ::1:51718 as auto-44D03BD4-73C9-529D-ACF2-3C43B4083C5D (p2, c1, k60).
1779473668: Client auto-44D03BD4-73C9-529D-ACF2-3C43B4083C5D disconnected.
1779473670: Client mqttjs_c389a788 closed its connection.
1779473698: New connection from ::1:40776 on port 1883.
1779473698: New client connected from ::1:40776 as auto-0F266203-B6BB-F6D9-1556-AC461918E428 (p2, c1, k60).
1779473698: Client auto-0F266203-B6BB-F6D9-1556-AC461918E428 disconnected.
1779473728: New connection from ::1:34382 on port 1883.
1779473728: New client connected from ::1:34382 as auto-8C4D722C-B246-9F9F-4EAB-137ED97CD1E2 (p2, c1, k60).
1779473728: Client auto-8C4D722C-B246-9F9F-4EAB-137ED97CD1E2 disconnected.
1779473758: New connection from ::1:38752 on port 1883.
1779473758: New client connected from ::1:38752 as auto-68EF3FDC-2CC6-EF50-5F4C-A63C63DBABA1 (p2, c1, k60).
1779473758: Client auto-68EF3FDC-2CC6-EF50-5F4C-A63C63DBABA1 disconnected.
1779473788: New connection from ::1:55704 on port 1883.
1779473788: New client connected from ::1:55704 as auto-5176689D-8D0D-D405-B0FF-39B2C8B84EC0 (p2, c1, k60).
1779473788: Client auto-5176689D-8D0D-D405-B0FF-39B2C8B84EC0 disconnected.
1779473818: New connection from ::1:60510 on port 1883.
1779473818: New client connected from ::1:60510 as auto-AF2C3F75-E999-6840-A8A4-21B3CFB89C80 (p2, c1, k60).
1779473818: Client auto-AF2C3F75-E999-6840-A8A4-21B3CFB89C80 disconnected.
1779473848: New connection from ::1:37542 on port 1883.
1779473848: New client connected from ::1:37542 as auto-0E8E6297-9A8E-FA91-46CB-1A99C36424A0 (p2, c1, k60).
1779473848: Client auto-0E8E6297-9A8E-FA91-46CB-1A99C36424A0 disconnected.
1779473878: New connection from ::1:32926 on port 1883.
1779473878: New client connected from ::1:32926 as auto-F1AF5F36-4257-3EC2-350D-4441F4DECB82 (p2, c1, k60).
1779473878: Client auto-F1AF5F36-4257-3EC2-350D-4441F4DECB82 disconnected.
1779473908: New connection from ::1:44116 on port 1883.
1779473908: New client connected from ::1:44116 as auto-6C1081C2-C98D-0DB8-7B59-488C339C7C11 (p2, c1, k60).
1779473908: Client auto-6C1081C2-C98D-0DB8-7B59-488C339C7C11 disconnected.
1779473939: New connection from ::1:36088 on port 1883.
1779473939: New client connected from ::1:36088 as auto-292E22BB-314E-EAED-3813-15926258A899 (p2, c1, k60).
1779473939: Client auto-292E22BB-314E-EAED-3813-15926258A899 disconnected.
1779473969: New connection from ::1:45788 on port 1883.
1779473969: New client connected from ::1:45788 as auto-6136F679-0345-2047-2805-D181166F460F (p2, c1, k60).
1779473969: Client auto-6136F679-0345-2047-2805-D181166F460F disconnected.
1779473999: New connection from ::1:43496 on port 1883.
1779473999: New client connected from ::1:43496 as auto-72E0B2BF-AE68-20C4-F0A0-A6BA402B54F6 (p2, c1, k60).
1779473999: Client auto-72E0B2BF-AE68-20C4-F0A0-A6BA402B54F6 disconnected.
1779474029: New connection from ::1:42496 on port 1883.
1779474029: New client connected from ::1:42496 as auto-F989E700-255A-CF19-A5B1-D50BFBBFDF3F (p2, c1, k60).
1779474029: Client auto-F989E700-255A-CF19-A5B1-D50BFBBFDF3F disconnected.
1779474059: New connection from ::1:58114 on port 1883.
1779474059: New client connected from ::1:58114 as auto-3ECFBC4E-47D2-8900-4027-7A32B6F5B501 (p2, c1, k60).
1779474059: Client auto-3ECFBC4E-47D2-8900-4027-7A32B6F5B501 disconnected.
1779474089: New connection from ::1:57206 on port 1883.
1779474089: New client connected from ::1:57206 as auto-E4919898-79A8-0904-779F-1EE50842D551 (p2, c1, k60).
1779474089: Client auto-E4919898-79A8-0904-779F-1EE50842D551 disconnected.
1779474119: New connection from ::1:49628 on port 1883.
1779474119: New client connected from ::1:49628 as auto-EEFDEB1C-DC54-6CA3-9A67-2369B7C6A64C (p2, c1, k60).
1779474119: Client auto-EEFDEB1C-DC54-6CA3-9A67-2369B7C6A64C disconnected.
1779474149: New connection from ::1:43208 on port 1883.
1779474149: New client connected from ::1:43208 as auto-3A45AAEC-6616-EC19-0EED-8C2F404A4626 (p2, c1, k60).
1779474149: Client auto-3A45AAEC-6616-EC19-0EED-8C2F404A4626 disconnected.
1779474179: New connection from ::1:51638 on port 1883.
1779474179: New client connected from ::1:51638 as auto-FA18A256-D9B2-720F-85B3-820AC99B0647 (p2, c1, k60).
1779474179: Client auto-FA18A256-D9B2-720F-85B3-820AC99B0647 disconnected.
1779474209: New connection from ::1:43462 on port 1883.
1779474209: New client connected from ::1:43462 as auto-8310D26A-DFD7-5047-586E-70F831AB6734 (p2, c1, k60).
1779474209: Client auto-8310D26A-DFD7-5047-586E-70F831AB6734 disconnected.
1779474239: New connection from ::1:35976 on port 1883.
1779474239: New client connected from ::1:35976 as auto-051C765D-30D8-D8CB-D4F8-E36A02659767 (p2, c1, k60).
1779474239: Client auto-051C765D-30D8-D8CB-D4F8-E36A02659767 disconnected.
1779474269: New connection from ::1:38488 on port 1883.
1779474269: New client connected from ::1:38488 as auto-D38989D0-53F3-21EA-4D6B-45DB20B7DFC7 (p2, c1, k60).
1779474269: Client auto-D38989D0-53F3-21EA-4D6B-45DB20B7DFC7 disconnected.
1779474299: New connection from ::1:54610 on port 1883.
1779474299: New client connected from ::1:54610 as auto-1A64A7C7-45DC-7C9F-018E-2B392AD4116C (p2, c1, k60).
1779474299: Client auto-1A64A7C7-45DC-7C9F-018E-2B392AD4116C disconnected.
1779474329: New connection from ::1:35450 on port 1883.
1779474329: New client connected from ::1:35450 as auto-D9E6CF6F-1A23-C904-D5A5-357289D0D279 (p2, c1, k60).
1779474329: Client auto-D9E6CF6F-1A23-C904-D5A5-357289D0D279 disconnected.
1779474359: New connection from ::1:48936 on port 1883.
1779474359: New client connected from ::1:48936 as auto-E1985CAE-03AF-78F8-8EFB-05F42366EDB8 (p2, c1, k60).
1779474359: Client auto-E1985CAE-03AF-78F8-8EFB-05F42366EDB8 disconnected.
1779474389: New connection from ::1:53510 on port 1883.
1779474389: New client connected from ::1:53510 as auto-3949E5BB-C76C-AB52-C05A-FAB0B6E2C82C (p2, c1, k60).
1779474389: Client auto-3949E5BB-C76C-AB52-C05A-FAB0B6E2C82C disconnected.
1779474420: New connection from ::1:48358 on port 1883.
1779474420: New client connected from ::1:48358 as auto-A7AB3B5C-DC0B-524A-04F8-3194159404EB (p2, c1, k60).
1779474420: Client auto-A7AB3B5C-DC0B-524A-04F8-3194159404EB disconnected.
1779474450: New connection from ::1:36224 on port 1883.
1779474450: New client connected from ::1:36224 as auto-18A6FB38-9D3D-A5F2-86C6-463F31B91CB3 (p2, c1, k60).
1779474450: Client auto-18A6FB38-9D3D-A5F2-86C6-463F31B91CB3 disconnected.
1779474480: New connection from ::1:51588 on port 1883.
1779474480: New client connected from ::1:51588 as auto-24461F1C-D3B2-8ACA-7ECB-2E8B15BB0B82 (p2, c1, k60).
1779474480: Client auto-24461F1C-D3B2-8ACA-7ECB-2E8B15BB0B82 disconnected.
1779474510: New connection from ::1:44512 on port 1883.
1779474510: New client connected from ::1:44512 as auto-A3B9A825-13CE-99FE-E827-3520A836189B (p2, c1, k60).
1779474510: Client auto-A3B9A825-13CE-99FE-E827-3520A836189B disconnected.
1779474540: New connection from ::1:42972 on port 1883.
1779474540: New client connected from ::1:42972 as auto-768B1117-D99A-961D-9B25-E20FF131DC71 (p2, c1, k60).
1779474540: Client auto-768B1117-D99A-961D-9B25-E20FF131DC71 disconnected.
1779474570: New connection from ::1:36880 on port 1883.
1779474570: New client connected from ::1:36880 as auto-D470BC60-3358-DA1D-111B-8FDF9F075378 (p2, c1, k60).
1779474570: Client auto-D470BC60-3358-DA1D-111B-8FDF9F075378 disconnected.
1779474600: New connection from ::1:46974 on port 1883.
1779474600: New client connected from ::1:46974 as auto-2C06D89C-BFAE-E054-5CBF-3C3C9C8044BE (p2, c1, k60).
1779474600: Client auto-2C06D89C-BFAE-E054-5CBF-3C3C9C8044BE disconnected.
1779474630: New connection from ::1:59052 on port 1883.
1779474630: New client connected from ::1:59052 as auto-D2F870A9-5499-DFEC-D1C1-2D7C1775614B (p2, c1, k60).
1779474630: Client auto-D2F870A9-5499-DFEC-D1C1-2D7C1775614B disconnected.
1779474660: New connection from ::1:44726 on port 1883.
1779474660: New client connected from ::1:44726 as auto-D6E611F5-B834-C9A7-D69E-12B3A34187DF (p2, c1, k60).
1779474660: Client auto-D6E611F5-B834-C9A7-D69E-12B3A34187DF disconnected.
1779474690: New connection from ::1:33200 on port 1883.
1779474690: New client connected from ::1:33200 as auto-8E31C43A-EF54-E23A-30C0-B7264D445158 (p2, c1, k60).
1779474690: Client auto-8E31C43A-EF54-E23A-30C0-B7264D445158 disconnected.
1779474720: New connection from ::1:59642 on port 1883.
1779474720: New client connected from ::1:59642 as auto-6057F39C-E391-63A7-D17F-EDD8AAFD11D8 (p2, c1, k60).
1779474720: Client auto-6057F39C-E391-63A7-D17F-EDD8AAFD11D8 disconnected.
1779474750: New connection from ::1:47280 on port 1883.
1779474750: New client connected from ::1:47280 as auto-426BEA81-0370-038B-2034-784A49BBD3DD (p2, c1, k60).
1779474750: Client auto-426BEA81-0370-038B-2034-784A49BBD3DD disconnected.
1779474780: New connection from ::1:33228 on port 1883.
1779474780: New client connected from ::1:33228 as auto-D6D77962-E360-3675-96C8-99F329008F7A (p2, c1, k60).
1779474780: Client auto-D6D77962-E360-3675-96C8-99F329008F7A disconnected.
1779474810: New connection from ::1:36836 on port 1883.
1779474810: New client connected from ::1:36836 as auto-F7BE19EC-F648-D277-C7C6-BA876276151E (p2, c1, k60).
1779474810: Client auto-F7BE19EC-F648-D277-C7C6-BA876276151E disconnected.
1779474840: New connection from ::1:39912 on port 1883.
1779474840: New client connected from ::1:39912 as auto-DDFB7674-1705-CE18-B490-DFB20BC7B281 (p2, c1, k60).
1779474840: Client auto-DDFB7674-1705-CE18-B490-DFB20BC7B281 disconnected.
1779474870: New connection from ::1:35508 on port 1883.
1779474870: New client connected from ::1:35508 as auto-9952CFF6-98EB-4010-6DF1-7B001C1A8079 (p2, c1, k60).
1779474870: Client auto-9952CFF6-98EB-4010-6DF1-7B001C1A8079 disconnected.
1779474900: New connection from ::1:42116 on port 1883.
1779474900: New client connected from ::1:42116 as auto-30064EC3-9FC3-4A65-3B9A-597936F76EC2 (p2, c1, k60).
1779474900: Client auto-30064EC3-9FC3-4A65-3B9A-597936F76EC2 disconnected.
1779474931: New connection from ::1:40166 on port 1883.
1779474931: New client connected from ::1:40166 as auto-836026C3-1098-C49E-7236-4B3177D2C3A0 (p2, c1, k60).
1779474931: Client auto-836026C3-1098-C49E-7236-4B3177D2C3A0 disconnected.
1779474961: New connection from ::1:35514 on port 1883.
1779474961: New client connected from ::1:35514 as auto-B7B757D7-BED8-E321-EA07-1EE547406FCE (p2, c1, k60).
1779474961: Client auto-B7B757D7-BED8-E321-EA07-1EE547406FCE disconnected.
1779474991: New connection from ::1:58392 on port 1883.
1779474991: New client connected from ::1:58392 as auto-499DDB9A-87ED-73CA-0E7D-CFBE4DFDDE5E (p2, c1, k60).
1779474991: Client auto-499DDB9A-87ED-73CA-0E7D-CFBE4DFDDE5E disconnected.
1779475021: New connection from ::1:50920 on port 1883.
1779475021: New client connected from ::1:50920 as auto-A0DAE48B-3B28-9C44-D09C-F10E7C6500EB (p2, c1, k60).
1779475021: Client auto-A0DAE48B-3B28-9C44-D09C-F10E7C6500EB disconnected.
1779475051: New connection from ::1:43198 on port 1883.
1779475051: New client connected from ::1:43198 as auto-80A190B2-721C-AF4B-674D-BDF4A6D42676 (p2, c1, k60).
1779475051: Client auto-80A190B2-721C-AF4B-674D-BDF4A6D42676 disconnected.
1779475081: New connection from ::1:36548 on port 1883.
1779475081: New client connected from ::1:36548 as auto-42516582-76FF-D576-2AFF-016222D34370 (p2, c1, k60).
1779475081: Client auto-42516582-76FF-D576-2AFF-016222D34370 disconnected.
1779475111: New connection from ::1:40782 on port 1883.
1779475111: New client connected from ::1:40782 as auto-80B2B1D9-AA35-45C3-C82D-787D6D4315A6 (p2, c1, k60).
1779475111: Client auto-80B2B1D9-AA35-45C3-C82D-787D6D4315A6 disconnected.
1779475141: New connection from ::1:43660 on port 1883.
1779475141: New client connected from ::1:43660 as auto-37B18AEC-6FE4-DFCF-C036-8C6E7DD6A298 (p2, c1, k60).
1779475141: Client auto-37B18AEC-6FE4-DFCF-C036-8C6E7DD6A298 disconnected.
1779475171: New connection from ::1:55718 on port 1883.
1779475171: New client connected from ::1:55718 as auto-85653E65-2293-5247-88FB-80A3EA1B82D1 (p2, c1, k60).
1779475171: Client auto-85653E65-2293-5247-88FB-80A3EA1B82D1 disconnected.
1779475198: Saving in-memory database to /mosquitto/data//mosquitto.db.
1779475201: New connection from ::1:47572 on port 1883.
1779475201: New client connected from ::1:47572 as auto-BB9324E2-1C61-5155-B104-3170D9859115 (p2, c1, k60).
1779475201: Client auto-BB9324E2-1C61-5155-B104-3170D9859115 disconnected.
1779475231: New connection from ::1:41670 on port 1883.
1779475231: New client connected from ::1:41670 as auto-58D13E1B-7E7D-0FB2-E65A-BECA2A33BE01 (p2, c1, k60).
1779475231: Client auto-58D13E1B-7E7D-0FB2-E65A-BECA2A33BE01 disconnected.
1779475261: New connection from ::1:40772 on port 1883.
1779475261: New client connected from ::1:40772 as auto-588FBB19-38FC-E24E-376F-D2F1B0CD729A (p2, c1, k60).
1779475261: Client auto-588FBB19-38FC-E24E-376F-D2F1B0CD729A disconnected.
1779475291: New connection from ::1:42524 on port 1883.
1779475291: New client connected from ::1:42524 as auto-D55FFF38-C453-8A54-1AA5-08D47E7EA5B4 (p2, c1, k60).
1779475291: Client auto-D55FFF38-C453-8A54-1AA5-08D47E7EA5B4 disconnected.
1779475321: New connection from ::1:41466 on port 1883.
1779475321: New client connected from ::1:41466 as auto-04975126-6DB4-4EB3-1059-5707BA4208C4 (p2, c1, k60).
1779475321: Client auto-04975126-6DB4-4EB3-1059-5707BA4208C4 disconnected.
1779475351: New connection from ::1:41522 on port 1883.
1779475351: New client connected from ::1:41522 as auto-7F566B18-E0CE-5E0F-9D56-6D8A8FA5F272 (p2, c1, k60).
1779475351: Client auto-7F566B18-E0CE-5E0F-9D56-6D8A8FA5F272 disconnected.
1779475381: New connection from ::1:54978 on port 1883.
1779475381: New client connected from ::1:54978 as auto-7BA9BF79-E3A0-656D-3B32-FA8111B8CF59 (p2, c1, k60).
1779475381: Client auto-7BA9BF79-E3A0-656D-3B32-FA8111B8CF59 disconnected.
1779475411: New connection from ::1:55496 on port 1883.
1779475411: New client connected from ::1:55496 as auto-62BF0956-D530-110F-8515-6291A5B5AF90 (p2, c1, k60).
1779475411: Client auto-62BF0956-D530-110F-8515-6291A5B5AF90 disconnected.
1779475441: New connection from ::1:46508 on port 1883.
1779475441: New client connected from ::1:46508 as auto-FC3AE3F0-0F1B-74A4-E4C6-48FD96EF9377 (p2, c1, k60).
1779475441: Client auto-FC3AE3F0-0F1B-74A4-E4C6-48FD96EF9377 disconnected.
1779475472: New connection from ::1:33894 on port 1883.
1779475472: New client connected from ::1:33894 as auto-EA23F447-8370-7FE5-D564-1CA878BEBD93 (p2, c1, k60).
1779475472: Client auto-EA23F447-8370-7FE5-D564-1CA878BEBD93 disconnected.
1779475502: New connection from ::1:43718 on port 1883.
1779475502: New client connected from ::1:43718 as auto-BE7FE15A-8015-F8A2-6D44-503EAC85EA61 (p2, c1, k60).
1779475502: Client auto-BE7FE15A-8015-F8A2-6D44-503EAC85EA61 disconnected.
1779475532: New connection from ::1:60898 on port 1883.
1779475532: New client connected from ::1:60898 as auto-F219F45A-EA54-3B04-A670-48B22B832A21 (p2, c1, k60).
1779475532: Client auto-F219F45A-EA54-3B04-A670-48B22B832A21 disconnected.
1779475562: New connection from ::1:33088 on port 1883.
1779475562: New client connected from ::1:33088 as auto-A60CD213-762B-64FC-724F-61D0FBA7BCC9 (p2, c1, k60).
1779475562: Client auto-A60CD213-762B-64FC-724F-61D0FBA7BCC9 disconnected.
1779475592: New connection from ::1:34600 on port 1883.
1779475592: New client connected from ::1:34600 as auto-47A32701-A9FC-0456-7A55-E99A3E029036 (p2, c1, k60).
1779475592: Client auto-47A32701-A9FC-0456-7A55-E99A3E029036 disconnected.
1779475602: New client connected from 142.251.110.207:55350 as mqttjs_c389a788 (p2, c1, k60).
1779475622: New connection from ::1:40304 on port 1883.
1779475622: New client connected from ::1:40304 as auto-32EAFA93-FE8C-EF9B-1887-A69BFFA1C4CD (p2, c1, k60).
1779475622: Client auto-32EAFA93-FE8C-EF9B-1887-A69BFFA1C4CD disconnected.
1779475652: New connection from ::1:49994 on port 1883.
1779475652: New client connected from ::1:49994 as auto-AE0AC61B-A619-1D98-5E25-FC60A2B030FD (p2, c1, k60).
1779475652: Client auto-AE0AC61B-A619-1D98-5E25-FC60A2B030FD disconnected.
1779475682: New connection from ::1:44840 on port 1883.
1779475682: New client connected from ::1:44840 as auto-9C568B35-3048-0898-7C1F-FE9A78374021 (p2, c1, k60).
1779475682: Client auto-9C568B35-3048-0898-7C1F-FE9A78374021 disconnected.
1779475693: Client mqttjs_c389a788 closed its connection.
1779475712: New connection from ::1:34296 on port 1883.
1779475712: New client connected from ::1:34296 as auto-90312AAE-9A46-9B98-6B78-5EEA654FBE96 (p2, c1, k60).
1779475712: Client auto-90312AAE-9A46-9B98-6B78-5EEA654FBE96 disconnected.
1779475742: New connection from ::1:45154 on port 1883.
1779475742: New client connected from ::1:45154 as auto-A8D1204D-F5BE-7C19-C8B0-EC1D9E82B504 (p2, c1, k60).
1779475742: Client auto-A8D1204D-F5BE-7C19-C8B0-EC1D9E82B504 disconnected.
1779475772: New connection from ::1:40262 on port 1883.
1779475772: New client connected from ::1:40262 as auto-57EC42E8-3A4B-B0FE-4B40-8369A4A5A80D (p2, c1, k60).
1779475772: Client auto-57EC42E8-3A4B-B0FE-4B40-8369A4A5A80D disconnected.
1779475802: New connection from ::1:51642 on port 1883.
1779475802: New client connected from ::1:51642 as auto-40B2EEE1-BB21-DC29-73E2-A0E18C0C41B1 (p2, c1, k60).
1779475802: Client auto-40B2EEE1-BB21-DC29-73E2-A0E18C0C41B1 disconnected.
1779475832: New connection from ::1:40070 on port 1883.
1779475832: New client connected from ::1:40070 as auto-B3C5BB8E-1418-5CB1-F8FF-C35E6535F296 (p2, c1, k60).
1779475832: Client auto-B3C5BB8E-1418-5CB1-F8FF-C35E6535F296 disconnected.
1779475862: New connection from ::1:57734 on port 1883.
1779475862: New client connected from ::1:57734 as auto-BC85F5EB-F023-AA6F-CC79-1E3B412B7A51 (p2, c1, k60).
1779475862: Client auto-BC85F5EB-F023-AA6F-CC79-1E3B412B7A51 disconnected.
1779475892: New connection from ::1:35710 on port 1883.
1779475892: New client connected from ::1:35710 as auto-0FFA5725-7F5A-485A-9B2C-93B00174E467 (p2, c1, k60).
1779475892: Client auto-0FFA5725-7F5A-485A-9B2C-93B00174E467 disconnected.
1779475922: New connection from ::1:34536 on port 1883.
1779475922: New client connected from ::1:34536 as auto-08349A21-D88F-57E4-EC4A-1CAC7F31F642 (p2, c1, k60).
1779475922: Client auto-08349A21-D88F-57E4-EC4A-1CAC7F31F642 disconnected.
1779475953: New connection from ::1:52668 on port 1883.
1779475953: New client connected from ::1:52668 as auto-F74E2F57-8A06-3D46-3D18-CE015FEE5260 (p2, c1, k60).
1779475953: Client auto-F74E2F57-8A06-3D46-3D18-CE015FEE5260 disconnected.
1779475983: New connection from ::1:33428 on port 1883.
1779475983: New client connected from ::1:33428 as auto-54012464-E82A-B56C-9110-0254E8B6B3AD (p2, c1, k60).
1779475983: Client auto-54012464-E82A-B56C-9110-0254E8B6B3AD disconnected.
1779476013: New connection from ::1:59480 on port 1883.
1779476013: New client connected from ::1:59480 as auto-BEEF1ED3-0276-58F3-CB72-B5A3815AAD41 (p2, c1, k60).
1779476013: Client auto-BEEF1ED3-0276-58F3-CB72-B5A3815AAD41 disconnected.
1779476043: New connection from ::1:45540 on port 1883.
1779476043: New client connected from ::1:45540 as auto-B7222F21-7DEB-D71B-AF74-7802C701BD42 (p2, c1, k60).
1779476043: Client auto-B7222F21-7DEB-D71B-AF74-7802C701BD42 disconnected.
1779476073: New connection from ::1:48574 on port 1883.
1779476073: New client connected from ::1:48574 as auto-EE908FE4-BB7C-E435-DE34-030899D13AFE (p2, c1, k60).
1779476073: Client auto-EE908FE4-BB7C-E435-DE34-030899D13AFE disconnected.
1779476103: New connection from ::1:33136 on port 1883.
1779476103: New client connected from ::1:33136 as auto-4D84257A-66B2-7E81-EAC2-C71D0218027A (p2, c1, k60).
1779476103: Client auto-4D84257A-66B2-7E81-EAC2-C71D0218027A disconnected.
1779476133: New connection from ::1:39580 on port 1883.
1779476133: New client connected from ::1:39580 as auto-60C45880-74A3-1EB0-4C12-A65CDCF92D4B (p2, c1, k60).
1779476133: Client auto-60C45880-74A3-1EB0-4C12-A65CDCF92D4B disconnected.
1779476163: New connection from ::1:34970 on port 1883.
1779476163: New client connected from ::1:34970 as auto-0C5BC89B-234F-D29F-061B-497753EE0B66 (p2, c1, k60).
1779476163: Client auto-0C5BC89B-234F-D29F-061B-497753EE0B66 disconnected.
1779476193: New connection from ::1:38594 on port 1883.
1779476193: New client connected from ::1:38594 as auto-EA68E8BF-AD44-8F5C-6667-59559FFDB338 (p2, c1, k60).
1779476193: Client auto-EA68E8BF-AD44-8F5C-6667-59559FFDB338 disconnected.
1779476223: New connection from ::1:47378 on port 1883.
1779476223: New client connected from ::1:47378 as auto-B689AAFF-94A9-948F-1F59-A78D25520783 (p2, c1, k60).
1779476223: Client auto-B689AAFF-94A9-948F-1F59-A78D25520783 disconnected.
1779476253: New connection from ::1:50306 on port 1883.
1779476253: New client connected from ::1:50306 as auto-FD6B389F-2F96-FF04-4860-62EB3A62F59E (p2, c1, k60).
1779476253: Client auto-FD6B389F-2F96-FF04-4860-62EB3A62F59E disconnected.
1779476283: New connection from ::1:53258 on port 1883.
1779476283: New client connected from ::1:53258 as auto-F8B4E748-A6FF-3212-C86F-364B69227C20 (p2, c1, k60).
1779476283: Client auto-F8B4E748-A6FF-3212-C86F-364B69227C20 disconnected.
1779476287: New client connected from 142.251.110.207:22479 as mqttjs_c389a788 (p2, c1, k60).
1779476313: New connection from ::1:56002 on port 1883.
1779476313: New client connected from ::1:56002 as auto-05AB7F4D-AAE3-D4AA-E5EE-1AF5DEEA4694 (p2, c1, k60).
1779476313: Client auto-05AB7F4D-AAE3-D4AA-E5EE-1AF5DEEA4694 disconnected.
1779476343: New connection from ::1:60750 on port 1883.
1779476343: New client connected from ::1:60750 as auto-EAA3DF8A-49E0-7A14-3F59-26FB04BB9926 (p2, c1, k60).
1779476343: Client auto-EAA3DF8A-49E0-7A14-3F59-26FB04BB9926 disconnected.
1779476373: New connection from ::1:36822 on port 1883.
1779476373: New client connected from ::1:36822 as auto-AA515466-376A-9617-EE8C-040A71CAF5ED (p2, c1, k60).
1779476373: Client auto-AA515466-376A-9617-EE8C-040A71CAF5ED disconnected.
1779476403: New connection from ::1:47710 on port 1883.
1779476403: New client connected from ::1:47710 as auto-C7EBDF3E-36E0-FC7D-EEEB-D10A216F2AC6 (p2, c1, k60).
1779476403: Client auto-C7EBDF3E-36E0-FC7D-EEEB-D10A216F2AC6 disconnected.
1779476434: New connection from ::1:51334 on port 1883.
1779476434: New client connected from ::1:51334 as auto-1B76CED7-2E08-C069-8EF7-357D73C95AEB (p2, c1, k60).
1779476434: Client auto-1B76CED7-2E08-C069-8EF7-357D73C95AEB disconnected.
1779476438: Client mqttjs_c389a788 closed its connection.
1779476464: New connection from ::1:32790 on port 1883.
1779476464: New client connected from ::1:32790 as auto-5818598D-D64B-DC1B-0629-2DAB203AAD9F (p2, c1, k60).
1779476464: Client auto-5818598D-D64B-DC1B-0629-2DAB203AAD9F disconnected.
1779476494: New connection from ::1:55830 on port 1883.
1779476494: New client connected from ::1:55830 as auto-99BF8409-E26B-537C-DB42-2E4E1032D5A6 (p2, c1, k60).
1779476494: Client auto-99BF8409-E26B-537C-DB42-2E4E1032D5A6 disconnected.
1779476524: New connection from ::1:35528 on port 1883.
1779476524: New client connected from ::1:35528 as auto-1DD4C51D-EE5B-06AC-E181-E26384FA50A5 (p2, c1, k60).
1779476524: Client auto-1DD4C51D-EE5B-06AC-E181-E26384FA50A5 disconnected.
1779476554: New connection from ::1:44984 on port 1883.
1779476554: New client connected from ::1:44984 as auto-157379F3-3FB5-3DDF-A3C1-22FE0897CC2E (p2, c1, k60).
1779476554: Client auto-157379F3-3FB5-3DDF-A3C1-22FE0897CC2E disconnected.
1779476584: New connection from ::1:36716 on port 1883.
1779476584: New client connected from ::1:36716 as auto-382BB31E-F1F4-FC94-D0E5-B1CAC77EC137 (p2, c1, k60).
1779476584: Client auto-382BB31E-F1F4-FC94-D0E5-B1CAC77EC137 disconnected.
1779476614: New connection from ::1:38148 on port 1883.
1779476614: New client connected from ::1:38148 as auto-2B55BF74-A3BD-BC38-4FC8-81AA1C13DF45 (p2, c1, k60).
1779476614: Client auto-2B55BF74-A3BD-BC38-4FC8-81AA1C13DF45 disconnected.
1779476644: New connection from ::1:51670 on port 1883.
1779476644: New client connected from ::1:51670 as auto-DB9EEC0A-F1C1-4593-34A6-5E8E56559128 (p2, c1, k60).
1779476644: Client auto-DB9EEC0A-F1C1-4593-34A6-5E8E56559128 disconnected.
1779476674: New connection from ::1:59672 on port 1883.
1779476674: New client connected from ::1:59672 as auto-AC61C2DE-DC77-A0ED-7337-EA8A1963DB61 (p2, c1, k60).
1779476674: Client auto-AC61C2DE-DC77-A0ED-7337-EA8A1963DB61 disconnected.
1779476704: New connection from ::1:51422 on port 1883.
1779476704: New client connected from ::1:51422 as auto-E5E0B68E-3DEC-FD2F-5428-FE7CAB8C7AA7 (p2, c1, k60).
1779476704: Client auto-E5E0B68E-3DEC-FD2F-5428-FE7CAB8C7AA7 disconnected.
1779476734: New connection from ::1:36966 on port 1883.
1779476734: New client connected from ::1:36966 as auto-775CED3B-38A5-C718-66F6-BE1E9E4E4BF8 (p2, c1, k60).
1779476734: Client auto-775CED3B-38A5-C718-66F6-BE1E9E4E4BF8 disconnected.
1779476764: New connection from ::1:37556 on port 1883.
1779476764: New client connected from ::1:37556 as auto-1E4D992E-E651-D615-DA5A-9CD616F2EC10 (p2, c1, k60).
1779476764: Client auto-1E4D992E-E651-D615-DA5A-9CD616F2EC10 disconnected.
1779476794: New connection from ::1:34632 on port 1883.
1779476794: New client connected from ::1:34632 as auto-584F07D3-6559-F78B-DB5A-ABE2B1CF875F (p2, c1, k60).
1779476794: Client auto-584F07D3-6559-F78B-DB5A-ABE2B1CF875F disconnected.
1779476818: New client connected from 142.251.110.207:21745 as mqttjs_c389a788 (p2, c1, k60).
1779476824: New connection from ::1:48820 on port 1883.
1779476824: New client connected from ::1:48820 as auto-AE796B8F-0C43-016A-316D-64DC8C4CA0DB (p2, c1, k60).
1779476824: Client auto-AE796B8F-0C43-016A-316D-64DC8C4CA0DB disconnected.
1779476854: New connection from ::1:54822 on port 1883.
1779476854: New client connected from ::1:54822 as auto-87023001-8772-B4AB-BDCE-CA04A7C1F192 (p2, c1, k60).
1779476854: Client auto-87023001-8772-B4AB-BDCE-CA04A7C1F192 disconnected.
1779476884: New connection from ::1:34662 on port 1883.
1779476884: New client connected from ::1:34662 as auto-A770C98C-FDB6-D4FA-B80E-C84457F6988A (p2, c1, k60).
1779476884: Client auto-A770C98C-FDB6-D4FA-B80E-C84457F6988A disconnected.
1779476909: Client mqttjs_c389a788 closed its connection.
1779476913: New client connected from 142.251.110.207:22503 as mqttjs_c389a788 (p2, c1, k60).
1779476915: New connection from ::1:43714 on port 1883.
1779476915: New client connected from ::1:43714 as auto-F948DCFE-0259-2310-3FCD-7C18F342BA8F (p2, c1, k60).
1779476915: Client auto-F948DCFE-0259-2310-3FCD-7C18F342BA8F disconnected.
1779476945: New connection from ::1:38910 on port 1883.
1779476945: New client connected from ::1:38910 as auto-10CC0DA5-DAF8-D718-1A7A-50C3B9B21999 (p2, c1, k60).
1779476945: Client auto-10CC0DA5-DAF8-D718-1A7A-50C3B9B21999 disconnected.
1779476975: New connection from ::1:35766 on port 1883.
1779476975: New client connected from ::1:35766 as auto-805790E2-4581-CBFD-68D2-87A25FF1B17D (p2, c1, k60).
1779476975: Client auto-805790E2-4581-CBFD-68D2-87A25FF1B17D disconnected.
1779476999: Saving in-memory database to /mosquitto/data//mosquitto.db.
1779477004: Client mqttjs_c389a788 closed its connection.
1779477005: New connection from ::1:43536 on port 1883.
1779477005: New client connected from ::1:43536 as auto-88D1AA70-A46E-2150-EE5B-F0A4CFCC6B67 (p2, c1, k60).
1779477005: Client auto-88D1AA70-A46E-2150-EE5B-F0A4CFCC6B67 disconnected.
1779477035: New connection from ::1:41478 on port 1883.
1779477035: New client connected from ::1:41478 as auto-BBAEA847-2B03-6A03-1B54-7C64D2D3D52C (p2, c1, k60).
1779477035: Client auto-BBAEA847-2B03-6A03-1B54-7C64D2D3D52C disconnected.
1779477065: New connection from ::1:39094 on port 1883.
1779477065: New client connected from ::1:39094 as auto-FA495576-23B8-22D0-ED27-8C46DC753312 (p2, c1, k60).
1779477065: Client auto-FA495576-23B8-22D0-ED27-8C46DC753312 disconnected.
1779477095: New connection from ::1:45574 on port 1883.
1779477095: New client connected from ::1:45574 as auto-0AB82B67-5174-223E-32C0-D899D9DB743B (p2, c1, k60).
1779477095: Client auto-0AB82B67-5174-223E-32C0-D899D9DB743B disconnected.
1779477125: New connection from ::1:54190 on port 1883.
1779477125: New client connected from ::1:54190 as auto-FA533AEF-F0BF-87B3-FF4D-3769C2EB4778 (p2, c1, k60).
1779477125: Client auto-FA533AEF-F0BF-87B3-FF4D-3769C2EB4778 disconnected.
1779477155: New connection from ::1:48880 on port 1883.
1779477155: New client connected from ::1:48880 as auto-8C36A0A8-3D1D-8981-6176-0B08D8970926 (p2, c1, k60).
1779477155: Client auto-8C36A0A8-3D1D-8981-6176-0B08D8970926 disconnected.
1779477185: New connection from ::1:56054 on port 1883.
1779477185: New client connected from ::1:56054 as auto-961F64EA-12E3-838D-8B35-800C0B9B7140 (p2, c1, k60).
1779477185: Client auto-961F64EA-12E3-838D-8B35-800C0B9B7140 disconnected.
1779477215: New connection from ::1:52700 on port 1883.
1779477215: New client connected from ::1:52700 as auto-AE2A9E27-B68B-77C6-0BFC-C7FC74F63974 (p2, c1, k60).
1779477215: Client auto-AE2A9E27-B68B-77C6-0BFC-C7FC74F63974 disconnected.
1779477245: New connection from ::1:36680 on port 1883.
1779477245: New client connected from ::1:36680 as auto-C36E5FA6-2254-6044-61C7-97624FAC404D (p2, c1, k60).
1779477245: Client auto-C36E5FA6-2254-6044-61C7-97624FAC404D disconnected.
1779477275: New connection from ::1:50870 on port 1883.
1779477275: New client connected from ::1:50870 as auto-FDA8F593-F54C-4679-E560-90526047A35F (p2, c1, k60).
1779477275: Client auto-FDA8F593-F54C-4679-E560-90526047A35F disconnected.
1779477305: New connection from ::1:43780 on port 1883.
1779477305: New client connected from ::1:43780 as auto-07DEFC11-3127-24A2-0E1A-23C915012C44 (p2, c1, k60).
1779477305: Client auto-07DEFC11-3127-24A2-0E1A-23C915012C44 disconnected.
1779477335: New connection from ::1:58626 on port 1883.
1779477335: New client connected from ::1:58626 as auto-FCCA17AE-41D0-AA59-98F2-0F5946EB8B7D (p2, c1, k60).
1779477335: Client auto-FCCA17AE-41D0-AA59-98F2-0F5946EB8B7D disconnected.
1779477365: New connection from ::1:42936 on port 1883.
1779477365: New client connected from ::1:42936 as auto-2755F049-6398-CE1E-A91B-B1A1E224D4D7 (p2, c1, k60).
1779477365: Client auto-2755F049-6398-CE1E-A91B-B1A1E224D4D7 disconnected.
1779477396: New connection from ::1:58980 on port 1883.
1779477396: New client connected from ::1:58980 as auto-6D70929E-AB89-20A1-E7D6-718D32FC5FF2 (p2, c1, k60).
1779477396: Client auto-6D70929E-AB89-20A1-E7D6-718D32FC5FF2 disconnected.
1779477426: New connection from ::1:45740 on port 1883.
1779477426: New client connected from ::1:45740 as auto-7D581CED-189C-9F58-7471-B08F62DA7B16 (p2, c1, k60).
1779477426: Client auto-7D581CED-189C-9F58-7471-B08F62DA7B16 disconnected.
1779477456: New connection from ::1:47842 on port 1883.
1779477456: New client connected from ::1:47842 as auto-D5A4C149-6E60-0F33-C60D-185A70B45978 (p2, c1, k60).
1779477456: Client auto-D5A4C149-6E60-0F33-C60D-185A70B45978 disconnected.
1779477486: New connection from ::1:52194 on port 1883.
1779477486: New client connected from ::1:52194 as auto-D669ABDD-09B4-8323-3380-410985D85203 (p2, c1, k60).
1779477486: Client auto-D669ABDD-09B4-8323-3380-410985D85203 disconnected.
1779477516: New connection from ::1:43424 on port 1883.
1779477516: New client connected from ::1:43424 as auto-B83EEEF8-A6EF-9947-E1EB-37F35C21691A (p2, c1, k60).
1779477516: Client auto-B83EEEF8-A6EF-9947-E1EB-37F35C21691A disconnected.
1779477546: New connection from ::1:40868 on port 1883.
1779477546: New client connected from ::1:40868 as auto-41333A48-0E5D-FF5C-2DE8-1CA156656204 (p2, c1, k60).
1779477546: Client auto-41333A48-0E5D-FF5C-2DE8-1CA156656204 disconnected.
1779477576: New connection from ::1:56816 on port 1883.
1779477576: New client connected from ::1:56816 as auto-8F3D886D-0F46-48D7-D11E-74A9E8DFBE1E (p2, c1, k60).
1779477576: Client auto-8F3D886D-0F46-48D7-D11E-74A9E8DFBE1E disconnected.
1779477606: New connection from ::1:41388 on port 1883.
1779477606: New client connected from ::1:41388 as auto-18D67B3F-6D07-0EAA-C0E2-EA5342402DB8 (p2, c1, k60).
1779477606: Client auto-18D67B3F-6D07-0EAA-C0E2-EA5342402DB8 disconnected.
1779477606: New client connected from 142.251.110.207:24182 as mqttjs_c389a788 (p2, c1, k60).
1779477636: New connection from ::1:50760 on port 1883.
1779477636: New client connected from ::1:50760 as auto-3A010DC5-71FD-F25F-4615-92D96E1BB00B (p2, c1, k60).
1779477636: Client auto-3A010DC5-71FD-F25F-4615-92D96E1BB00B disconnected.
1779477646: Client mqttjs_c389a788 closed its connection.
1779477666: New connection from ::1:58916 on port 1883.
1779477666: New client connected from ::1:58916 as auto-7E8AFE5C-AA18-7733-A83D-A68CFEBBA9E6 (p2, c1, k60).
1779477666: Client auto-7E8AFE5C-AA18-7733-A83D-A68CFEBBA9E6 disconnected.
1779477696: New connection from ::1:60198 on port 1883.
1779477696: New client connected from ::1:60198 as auto-DC6D42A0-30F9-AD14-1958-10A604688DB6 (p2, c1, k60).
1779477696: Client auto-DC6D42A0-30F9-AD14-1958-10A604688DB6 disconnected.
1779477726: New connection from ::1:33890 on port 1883.
1779477726: New client connected from ::1:33890 as auto-40F849C7-BB61-8DF4-8607-19D602282A2C (p2, c1, k60).
1779477726: Client auto-40F849C7-BB61-8DF4-8607-19D602282A2C disconnected.
1779477756: New connection from ::1:48428 on port 1883.
1779477756: New client connected from ::1:48428 as auto-76AD5CDD-9295-EE14-AF4D-205BC1B93FA5 (p2, c1, k60).
1779477756: Client auto-76AD5CDD-9295-EE14-AF4D-205BC1B93FA5 disconnected.
1779477786: New connection from ::1:57820 on port 1883.
1779477786: New client connected from ::1:57820 as auto-CF919F81-F26A-97C1-2FD3-B56CD9628859 (p2, c1, k60).
1779477786: Client auto-CF919F81-F26A-97C1-2FD3-B56CD9628859 disconnected.
1779477816: New connection from ::1:44036 on port 1883.
1779477816: New client connected from ::1:44036 as auto-62EE2750-2D49-61AD-8E17-035EABD9E502 (p2, c1, k60).
1779477816: Client auto-62EE2750-2D49-61AD-8E17-035EABD9E502 disconnected.
1779477847: New connection from ::1:48948 on port 1883.
1779477847: New client connected from ::1:48948 as auto-6ECC9675-21C2-F574-FD93-5F79E1EF74F1 (p2, c1, k60).
1779477847: Client auto-6ECC9675-21C2-F574-FD93-5F79E1EF74F1 disconnected.
1779477877: New connection from ::1:41454 on port 1883.
1779477877: New client connected from ::1:41454 as auto-F534A3F6-29D5-C937-525B-CFC6D30749F7 (p2, c1, k60).
1779477877: Client auto-F534A3F6-29D5-C937-525B-CFC6D30749F7 disconnected.
1779477907: New connection from ::1:57610 on port 1883.
1779477907: New client connected from ::1:57610 as auto-76BCEC58-E5ED-9EE3-9B31-CE355F6A223F (p2, c1, k60).
1779477907: Client auto-76BCEC58-E5ED-9EE3-9B31-CE355F6A223F disconnected.
1779477937: New connection from ::1:56504 on port 1883.
1779477937: New client connected from ::1:56504 as auto-4E82C090-2722-B5A0-C505-423ACE88ED7A (p2, c1, k60).
1779477937: Client auto-4E82C090-2722-B5A0-C505-423ACE88ED7A disconnected.
1779477967: New connection from ::1:58580 on port 1883.
1779477967: New client connected from ::1:58580 as auto-6F42099A-24E0-3A49-377B-3899F691F0F4 (p2, c1, k60).
1779477967: Client auto-6F42099A-24E0-3A49-377B-3899F691F0F4 disconnected.
1779477997: New connection from ::1:60136 on port 1883.
1779477997: New client connected from ::1:60136 as auto-9EBB4AED-CA5A-D2D7-E3AD-11206B333CBB (p2, c1, k60).
1779477997: Client auto-9EBB4AED-CA5A-D2D7-E3AD-11206B333CBB disconnected.
1779478027: New connection from ::1:41100 on port 1883.
1779478027: New client connected from ::1:41100 as auto-F34B8E2C-64BD-C315-02EB-8AD108DC661E (p2, c1, k60).
1779478027: Client auto-F34B8E2C-64BD-C315-02EB-8AD108DC661E disconnected.
1779478057: New connection from ::1:53320 on port 1883.
1779478057: New client connected from ::1:53320 as auto-ED9E02CA-DA58-828C-FDA7-206C52DAE3E6 (p2, c1, k60).
1779478057: Client auto-ED9E02CA-DA58-828C-FDA7-206C52DAE3E6 disconnected.
1779478087: New connection from ::1:51330 on port 1883.
1779478087: New client connected from ::1:51330 as auto-A40BBDC7-9A58-65E1-B332-A4074B366E3B (p2, c1, k60).
1779478087: Client auto-A40BBDC7-9A58-65E1-B332-A4074B366E3B disconnected.
1779478117: New connection from ::1:35638 on port 1883.
1779478117: New client connected from ::1:35638 as auto-F8515565-1DF9-D19E-A3B6-8684601D5DF1 (p2, c1, k60).
1779478117: Client auto-F8515565-1DF9-D19E-A3B6-8684601D5DF1 disconnected.
1779478147: New connection from ::1:54436 on port 1883.
1779478147: New client connected from ::1:54436 as auto-D5B8D865-FBB4-15EE-14F7-517D3230301B (p2, c1, k60).
1779478147: Client auto-D5B8D865-FBB4-15EE-14F7-517D3230301B disconnected.
1779478177: New connection from ::1:34420 on port 1883.
1779478177: New client connected from ::1:34420 as auto-3F2174E6-BDA6-220B-7F8B-9EFACFD13E11 (p2, c1, k60).
1779478177: Client auto-3F2174E6-BDA6-220B-7F8B-9EFACFD13E11 disconnected.
1779478207: New connection from ::1:35048 on port 1883.
1779478207: New client connected from ::1:35048 as auto-4A57E62F-D257-9068-58CA-F8A7E73BCF0D (p2, c1, k60).
1779478207: Client auto-4A57E62F-D257-9068-58CA-F8A7E73BCF0D disconnected.
1779478237: New connection from ::1:60990 on port 1883.
1779478237: New client connected from ::1:60990 as auto-0013BBF1-A8CC-4918-110C-DED8443264F8 (p2, c1, k60).
1779478237: Client auto-0013BBF1-A8CC-4918-110C-DED8443264F8 disconnected.
1779478267: New connection from ::1:53026 on port 1883.
1779478267: New client connected from ::1:53026 as auto-BF7A659A-158D-FB87-E864-B5BF21B8DFA1 (p2, c1, k60).
1779478267: Client auto-BF7A659A-158D-FB87-E864-B5BF21B8DFA1 disconnected.
1779478297: New connection from ::1:45386 on port 1883.
1779478297: New client connected from ::1:45386 as auto-D19F6BFF-8FE7-440E-88C1-2AF2EF304AC3 (p2, c1, k60).
1779478297: Client auto-D19F6BFF-8FE7-440E-88C1-2AF2EF304AC3 disconnected.
1779478327: New connection from ::1:45964 on port 1883.
1779478327: New client connected from ::1:45964 as auto-6CA9B82B-1A5E-9E4B-D449-ADABD95C38DF (p2, c1, k60).
1779478327: Client auto-6CA9B82B-1A5E-9E4B-D449-ADABD95C38DF disconnected.
1779478358: New connection from ::1:37304 on port 1883.
1779478358: New client connected from ::1:37304 as auto-947DD302-C0E7-DA21-9CA0-18B094ED228E (p2, c1, k60).
1779478358: Client auto-947DD302-C0E7-DA21-9CA0-18B094ED228E disconnected.
1779478388: New connection from ::1:49546 on port 1883.
1779478388: New client connected from ::1:49546 as auto-7B2395D5-C960-AD0B-B72B-95A87BC8C4F8 (p2, c1, k60).
1779478388: Client auto-7B2395D5-C960-AD0B-B72B-95A87BC8C4F8 disconnected.
1779478418: New connection from ::1:43168 on port 1883.
1779478418: New client connected from ::1:43168 as auto-16B4B722-6D22-51C1-EC4A-930D63DD6DD2 (p2, c1, k60).
1779478418: Client auto-16B4B722-6D22-51C1-EC4A-930D63DD6DD2 disconnected.
1779478448: New connection from ::1:51694 on port 1883.
1779478448: New client connected from ::1:51694 as auto-70B1879A-665A-598E-97AE-5C52F7468851 (p2, c1, k60).
1779478448: Client auto-70B1879A-665A-598E-97AE-5C52F7468851 disconnected.
1779478478: New connection from ::1:57098 on port 1883.
1779478478: New client connected from ::1:57098 as auto-7273CB91-7ECA-7596-1784-91E05080B6B6 (p2, c1, k60).
1779478478: Client auto-7273CB91-7ECA-7596-1784-91E05080B6B6 disconnected.
1779478508: New connection from ::1:38160 on port 1883.
1779478508: New client connected from ::1:38160 as auto-C3185B0C-0729-05A7-0BC9-0B7719CA5732 (p2, c1, k60).
1779478508: Client auto-C3185B0C-0729-05A7-0BC9-0B7719CA5732 disconnected.
1779478538: New connection from ::1:43114 on port 1883.
1779478538: New client connected from ::1:43114 as auto-595A4AC4-4F5D-DAD4-43AE-930FE0BAE050 (p2, c1, k60).
1779478538: Client auto-595A4AC4-4F5D-DAD4-43AE-930FE0BAE050 disconnected.
1779478568: New connection from ::1:38298 on port 1883.
1779478568: New client connected from ::1:38298 as auto-15827270-E99B-CD1D-C7F9-000ECCAC668A (p2, c1, k60).
1779478568: Client auto-15827270-E99B-CD1D-C7F9-000ECCAC668A disconnected.
1779478598: New connection from ::1:36000 on port 1883.
1779478598: New client connected from ::1:36000 as auto-ED3A020B-D7BB-4F21-E8C5-92B487DD3DED (p2, c1, k60).
1779478598: Client auto-ED3A020B-D7BB-4F21-E8C5-92B487DD3DED disconnected.
1779478628: New connection from ::1:46168 on port 1883.
1779478628: New client connected from ::1:46168 as auto-1C9D2FE0-675C-468C-4D8D-8D98792F9382 (p2, c1, k60).
1779478628: Client auto-1C9D2FE0-675C-468C-4D8D-8D98792F9382 disconnected.
1779478658: New connection from ::1:50286 on port 1883.
1779478658: New client connected from ::1:50286 as auto-8C4EBF1A-F2F6-514C-9FF8-AC7802B94444 (p2, c1, k60).
1779478658: Client auto-8C4EBF1A-F2F6-514C-9FF8-AC7802B94444 disconnected.
1779478688: New connection from ::1:57494 on port 1883.
1779478688: New client connected from ::1:57494 as auto-1E9B0544-DD95-DE93-8F05-29ACB8AFFDF3 (p2, c1, k60).
1779478688: Client auto-1E9B0544-DD95-DE93-8F05-29ACB8AFFDF3 disconnected.
1779478695: New client connected from 142.251.110.207:48227 as mqttjs_8fb9e3fd (p2, c1, k60).
1779478718: New connection from ::1:33628 on port 1883.
1779478718: New client connected from ::1:33628 as auto-C8334C90-5E13-EDAB-1775-946228FF6045 (p2, c1, k60).
1779478718: Client auto-C8334C90-5E13-EDAB-1775-946228FF6045 disconnected.
1779478748: New connection from ::1:48532 on port 1883.
1779478748: New client connected from ::1:48532 as auto-47656B5C-6C48-E6BA-95B0-000C054B4668 (p2, c1, k60).
1779478748: Client auto-47656B5C-6C48-E6BA-95B0-000C054B4668 disconnected.
1779478778: New connection from ::1:56960 on port 1883.
1779478778: New client connected from ::1:56960 as auto-C31698F8-3298-6179-518A-99EE6E60E3B3 (p2, c1, k60).
1779478778: Client auto-C31698F8-3298-6179-518A-99EE6E60E3B3 disconnected.
1779478800: Saving in-memory database to /mosquitto/data//mosquitto.db.
1779478808: New connection from ::1:43776 on port 1883.
1779478808: New client connected from ::1:43776 as auto-1DA73EEA-1007-EEEA-B0F7-4B6C0ED7E35B (p2, c1, k60).
1779478808: Client auto-1DA73EEA-1007-EEEA-B0F7-4B6C0ED7E35B disconnected.
1779478839: New connection from ::1:57172 on port 1883.
1779478839: New client connected from ::1:57172 as auto-B7A1C765-B296-5F41-9EC3-B0E10740217E (p2, c1, k60).
1779478839: Client auto-B7A1C765-B296-5F41-9EC3-B0E10740217E disconnected.
1779478869: New connection from ::1:54806 on port 1883.
1779478869: New client connected from ::1:54806 as auto-7C4FBC2F-89B9-00FF-2C0C-033BFF014C6C (p2, c1, k60).
1779478869: Client auto-7C4FBC2F-89B9-00FF-2C0C-033BFF014C6C disconnected.
1779478899: New connection from ::1:48954 on port 1883.
1779478899: New client connected from ::1:48954 as auto-46838E44-7C13-25DC-E6E9-BEED41850B2F (p2, c1, k60).
1779478899: Client auto-46838E44-7C13-25DC-E6E9-BEED41850B2F disconnected.
1779478929: New connection from ::1:44934 on port 1883.
1779478929: New client connected from ::1:44934 as auto-1EE3F0E0-A470-CFC4-BB2C-C4EFEE26FC22 (p2, c1, k60).
1779478929: Client auto-1EE3F0E0-A470-CFC4-BB2C-C4EFEE26FC22 disconnected.
1779478959: New connection from ::1:49558 on port 1883.
1779478959: New client connected from ::1:49558 as auto-11C13437-5657-1762-08D8-8CD431EB2563 (p2, c1, k60).
1779478959: Client auto-11C13437-5657-1762-08D8-8CD431EB2563 disconnected.
1779478966: Client mqttjs_8fb9e3fd closed its connection.
1779478989: New connection from ::1:35586 on port 1883.
1779478989: New client connected from ::1:35586 as auto-034CC7E1-70C9-CF26-5123-D3B024F17D3F (p2, c1, k60).
1779478989: Client auto-034CC7E1-70C9-CF26-5123-D3B024F17D3F disconnected.
1779479019: New connection from ::1:36036 on port 1883.
1779479019: New client connected from ::1:36036 as auto-4B21936E-AF85-2F6C-32C9-D4040B429875 (p2, c1, k60).
1779479019: Client auto-4B21936E-AF85-2F6C-32C9-D4040B429875 disconnected.
1779479019: New client connected from 142.251.110.207:27801 as mqttjs_8fb9e3fd (p2, c1, k60).
1779479049: New connection from ::1:60934 on port 1883.
1779479049: New client connected from ::1:60934 as auto-B06717F5-D688-2CCB-4B8B-EBA576A875AA (p2, c1, k60).
1779479049: Client auto-B06717F5-D688-2CCB-4B8B-EBA576A875AA disconnected.
1779479079: New connection from ::1:57964 on port 1883.
1779479079: New client connected from ::1:57964 as auto-4FD8B08F-2845-6092-D088-202B501742C2 (p2, c1, k60).
1779479079: Client auto-4FD8B08F-2845-6092-D088-202B501742C2 disconnected.
1779479109: New connection from ::1:56490 on port 1883.
1779479109: New client connected from ::1:56490 as auto-231DAB13-E755-9FDC-09BA-BB4255005265 (p2, c1, k60).
1779479109: Client auto-231DAB13-E755-9FDC-09BA-BB4255005265 disconnected.
1779479110: Client mqttjs_8fb9e3fd closed its connection.
1779479139: New connection from ::1:34090 on port 1883.
1779479139: New client connected from ::1:34090 as auto-CC9331A3-4187-9390-6647-0E94F314ABDE (p2, c1, k60).
1779479139: Client auto-CC9331A3-4187-9390-6647-0E94F314ABDE disconnected.
1779479268: New connection from ::1:55242 on port 1883.
1779479268: New client connected from ::1:55242 as auto-4BABE2C2-690E-E8FB-5534-7A460F8A4741 (p2, c1, k60).
1779479268: Client auto-4BABE2C2-690E-E8FB-5534-7A460F8A4741 disconnected.
1779479555: New connection from ::1:58010 on port 1883.
1779479555: New client connected from ::1:58010 as auto-9451166D-7968-139A-FC0A-1F0FA021E177 (p2, c1, k60).
1779479555: Client auto-9451166D-7968-139A-FC0A-1F0FA021E177 disconnected.
1779479585: New connection from ::1:60554 on port 1883.
1779479585: New client connected from ::1:60554 as auto-6B7C60FE-AB3B-D698-0765-EE08411FB95F (p2, c1, k60).
1779479585: Client auto-6B7C60FE-AB3B-D698-0765-EE08411FB95F disconnected.
1779479615: New connection from ::1:52984 on port 1883.
1779479615: New client connected from ::1:52984 as auto-716F930C-EB11-7697-320A-322FFFB68061 (p2, c1, k60).
1779479615: Client auto-716F930C-EB11-7697-320A-322FFFB68061 disconnected.
1779479645: New connection from ::1:32888 on port 1883.
1779479645: New client connected from ::1:32888 as auto-F87A31BB-47B4-76F2-9BA5-81FDB4F8D0F3 (p2, c1, k60).
1779479645: Client auto-F87A31BB-47B4-76F2-9BA5-81FDB4F8D0F3 disconnected.
1779479675: New connection from ::1:52708 on port 1883.
1779479675: New client connected from ::1:52708 as auto-8520922D-F115-1AAD-32CE-395477FF2D20 (p2, c1, k60).
1779479675: Client auto-8520922D-F115-1AAD-32CE-395477FF2D20 disconnected.
1779479705: New connection from ::1:55004 on port 1883.
1779479705: New client connected from ::1:55004 as auto-7BE78CE6-A232-4F36-FD79-4A1036FE6B06 (p2, c1, k60).
1779479705: Client auto-7BE78CE6-A232-4F36-FD79-4A1036FE6B06 disconnected.
1779479735: New connection from ::1:45370 on port 1883.
1779479735: New client connected from ::1:45370 as auto-12A84EFF-7AE1-2179-AC67-EAB23E85C41A (p2, c1, k60).
1779479735: Client auto-12A84EFF-7AE1-2179-AC67-EAB23E85C41A disconnected.
1779479765: New connection from ::1:56984 on port 1883.
1779479765: New client connected from ::1:56984 as auto-91C1B177-EE1F-FF83-44BA-5EC09DB167FA (p2, c1, k60).
1779479765: Client auto-91C1B177-EE1F-FF83-44BA-5EC09DB167FA disconnected.
1779479795: New connection from ::1:52316 on port 1883.
1779479795: New client connected from ::1:52316 as auto-C333E092-FE36-DE05-25D0-9D6681A2CF49 (p2, c1, k60).
1779479795: Client auto-C333E092-FE36-DE05-25D0-9D6681A2CF49 disconnected.
1779479825: New connection from ::1:60108 on port 1883.
1779479825: New client connected from ::1:60108 as auto-5F9EFAFF-58E3-83C2-700C-0781A3C29B4E (p2, c1, k60).
1779479825: Client auto-5F9EFAFF-58E3-83C2-700C-0781A3C29B4E disconnected.
1779479855: New connection from ::1:45704 on port 1883.
1779479855: New client connected from ::1:45704 as auto-8A3CB768-C822-A9CB-E001-BCDA0F4A055C (p2, c1, k60).
1779479855: Client auto-8A3CB768-C822-A9CB-E001-BCDA0F4A055C disconnected.
1779479885: New connection from ::1:56986 on port 1883.
1779479885: New client connected from ::1:56986 as auto-4C29CC05-0CBF-38DF-5E15-C25B97F91DBE (p2, c1, k60).
1779479885: Client auto-4C29CC05-0CBF-38DF-5E15-C25B97F91DBE disconnected.
1779479915: New connection from ::1:37468 on port 1883.
1779479916: New client connected from ::1:37468 as auto-2C057DD6-FCC7-9129-C0C2-1A72B9AF4048 (p2, c1, k60).
1779479916: Client auto-2C057DD6-FCC7-9129-C0C2-1A72B9AF4048 disconnected.
1779479946: New connection from ::1:59302 on port 1883.
1779479946: New client connected from ::1:59302 as auto-B37073F8-D79E-904E-3079-804A65ECF551 (p2, c1, k60).
1779479946: Client auto-B37073F8-D79E-904E-3079-804A65ECF551 disconnected.
1779479976: New connection from ::1:53350 on port 1883.
1779479976: New client connected from ::1:53350 as auto-CA08727C-C7F8-A53F-213E-712C94EB2202 (p2, c1, k60).
1779479976: Client auto-CA08727C-C7F8-A53F-213E-712C94EB2202 disconnected.
1779480006: New connection from ::1:59916 on port 1883.
1779480006: New client connected from ::1:59916 as auto-C36E194A-ABD3-F349-3E95-E76734A19292 (p2, c1, k60).
1779480006: Client auto-C36E194A-ABD3-F349-3E95-E76734A19292 disconnected.
1779480036: New connection from ::1:50266 on port 1883.
1779480036: New client connected from ::1:50266 as auto-9DF3CBEA-448A-17C0-432B-C0A9E21DF7BE (p2, c1, k60).
1779480036: Client auto-9DF3CBEA-448A-17C0-432B-C0A9E21DF7BE disconnected.
1779480066: New connection from ::1:45814 on port 1883.
1779480066: New client connected from ::1:45814 as auto-2B6B4FA9-4150-C322-5D6C-E6F4247F6338 (p2, c1, k60).
1779480066: Client auto-2B6B4FA9-4150-C322-5D6C-E6F4247F6338 disconnected.
1779480096: New connection from ::1:45876 on port 1883.
1779480096: New client connected from ::1:45876 as auto-E8B61D65-9E54-0837-F90D-8E689F8750E1 (p2, c1, k60).
1779480096: Client auto-E8B61D65-9E54-0837-F90D-8E689F8750E1 disconnected.
1779480126: New connection from ::1:52148 on port 1883.
1779480126: New client connected from ::1:52148 as auto-0CADF22C-143C-35F1-99B0-FB43B7BAA743 (p2, c1, k60).
1779480126: Client auto-0CADF22C-143C-35F1-99B0-FB43B7BAA743 disconnected.
1779480156: New connection from ::1:47340 on port 1883.
1779480156: New client connected from ::1:47340 as auto-60A4740C-BF42-681D-43FE-4A2E31B6A3C8 (p2, c1, k60).
1779480156: Client auto-60A4740C-BF42-681D-43FE-4A2E31B6A3C8 disconnected.
1779480175: New client connected from 142.251.110.207:53572 as mqttjs_8fb9e3fd (p2, c1, k60).
1779480179: Client mqttjs_8fb9e3fd closed its connection.
1779480185: New client connected from 142.251.110.207:20776 as mqttjs_333e2a8e (p2, c1, k60).
1779480186: New connection from ::1:60188 on port 1883.
1779480186: New client connected from ::1:60188 as auto-B7EFE6B1-D7C1-3473-E059-757DE1D4D599 (p2, c1, k60).
1779480186: Client auto-B7EFE6B1-D7C1-3473-E059-757DE1D4D599 disconnected.
1779480216: New connection from ::1:55410 on port 1883.
1779480216: New client connected from ::1:55410 as auto-4B72E936-71E2-D3EC-D269-72FA7AA2FE3D (p2, c1, k60).
1779480216: Client auto-4B72E936-71E2-D3EC-D269-72FA7AA2FE3D disconnected.
1779480350: New connection from ::1:42904 on port 1883.
1779480350: New client connected from ::1:42904 as auto-4F7C99A7-9CD4-682B-571A-399D04742E74 (p2, c1, k60).
1779480350: Client auto-4F7C99A7-9CD4-682B-571A-399D04742E74 disconnected.
1779480381: New connection from ::1:40712 on port 1883.
1779480381: Client mqttjs_333e2a8e closed its connection.
1779480381: New client connected from ::1:40712 as auto-A39B83D1-AB8B-84DC-B5FD-2EBC5EB6A1A7 (p2, c1, k60).
1779480381: Client auto-A39B83D1-AB8B-84DC-B5FD-2EBC5EB6A1A7 disconnected.
1779480411: New connection from ::1:38922 on port 1883.
1779480411: New client connected from ::1:38922 as auto-F4AADC36-B248-238C-0DD7-BA84E3C547BC (p2, c1, k60).
1779480411: Client auto-F4AADC36-B248-238C-0DD7-BA84E3C547BC disconnected.
1779480441: New connection from ::1:38924 on port 1883.
1779480441: New client connected from ::1:38924 as auto-9DD27FEE-5939-9E41-A6D5-56B0D432C9F2 (p2, c1, k60).
1779480441: Client auto-9DD27FEE-5939-9E41-A6D5-56B0D432C9F2 disconnected.
1779480471: New connection from ::1:33738 on port 1883.
1779480471: New client connected from ::1:33738 as auto-2D774BD9-563D-E4B0-ACBD-26CB233370BD (p2, c1, k60).
1779480471: Client auto-2D774BD9-563D-E4B0-ACBD-26CB233370BD disconnected.
1779480501: New connection from ::1:53746 on port 1883.
1779480501: New client connected from ::1:53746 as auto-0A8D657D-2B7A-0A64-215D-3AAE070476D2 (p2, c1, k60).
1779480501: Client auto-0A8D657D-2B7A-0A64-215D-3AAE070476D2 disconnected.
1779480531: New connection from ::1:50772 on port 1883.
1779480531: New client connected from ::1:50772 as auto-821F4519-2E69-1F73-ED52-64DF6E3D8748 (p2, c1, k60).
1779480531: Client auto-821F4519-2E69-1F73-ED52-64DF6E3D8748 disconnected.
1779480561: New connection from ::1:32988 on port 1883.
1779480561: New client connected from ::1:32988 as auto-C9BF2C5C-2C2E-669D-C48B-D9341298448F (p2, c1, k60).
1779480561: Client auto-C9BF2C5C-2C2E-669D-C48B-D9341298448F disconnected.
1779480591: New connection from ::1:55868 on port 1883.
1779480591: New client connected from ::1:55868 as auto-5399A124-73D9-0E6E-3E5F-B11E1151689F (p2, c1, k60).
1779480591: Client auto-5399A124-73D9-0E6E-3E5F-B11E1151689F disconnected.
1779480621: New connection from ::1:39294 on port 1883.
1779480621: New client connected from ::1:39294 as auto-D9BB11BC-5621-323D-1F7F-5856F2F3E7D6 (p2, c1, k60).
1779480621: Client auto-D9BB11BC-5621-323D-1F7F-5856F2F3E7D6 disconnected.
1779480651: New connection from ::1:48138 on port 1883.
1779480651: New client connected from ::1:48138 as auto-CD58EC3D-C581-FD16-FD73-9ECB0685AFAB (p2, c1, k60).
1779480651: Client auto-CD58EC3D-C581-FD16-FD73-9ECB0685AFAB disconnected.
1779480742: New client connected from 142.251.110.207:53836 as mqttjs_333e2a8e (p2, c1, k60).
1779480769: New connection from ::1:57544 on port 1883.
1779480769: New client connected from ::1:57544 as auto-2605A4CA-12DD-1C81-D365-3048CC02B60F (p2, c1, k60).
1779480769: Client auto-2605A4CA-12DD-1C81-D365-3048CC02B60F disconnected.
1779480799: New connection from ::1:54906 on port 1883.
1779480799: New client connected from ::1:54906 as auto-DD037372-7C72-64E4-F100-F58F92CF45F9 (p2, c1, k60).
1779480799: Client auto-DD037372-7C72-64E4-F100-F58F92CF45F9 disconnected.
1779480829: New connection from ::1:54324 on port 1883.
1779480829: New client connected from ::1:54324 as auto-4A39596F-3B99-BE33-2349-17485EC412AE (p2, c1, k60).
1779480829: Client auto-4A39596F-3B99-BE33-2349-17485EC412AE disconnected.
1779480832: Client mqttjs_333e2a8e closed its connection.
1779480859: New connection from ::1:59466 on port 1883.
1779480859: New client connected from ::1:59466 as auto-B4BF18ED-8CF6-9AF4-C367-5261AE55A385 (p2, c1, k60).
1779480859: Client auto-B4BF18ED-8CF6-9AF4-C367-5261AE55A385 disconnected.
1779480889: New connection from ::1:58604 on port 1883.
1779480889: New client connected from ::1:58604 as auto-9CBB5AE4-03D8-2F26-3BF2-B6277E5EE357 (p2, c1, k60).
1779480889: Client auto-9CBB5AE4-03D8-2F26-3BF2-B6277E5EE357 disconnected.
1779480919: New connection from ::1:46346 on port 1883.
1779480919: New client connected from ::1:46346 as auto-792A25A6-D42A-C9CC-0AFC-24B0BB0FF896 (p2, c1, k60).
1779480919: Client auto-792A25A6-D42A-C9CC-0AFC-24B0BB0FF896 disconnected.
1779480949: New connection from ::1:49206 on port 1883.
1779480949: New client connected from ::1:49206 as auto-891E5214-7719-F13F-5BD1-0300E2FBF544 (p2, c1, k60).
1779480949: Client auto-891E5214-7719-F13F-5BD1-0300E2FBF544 disconnected.
1779480979: New connection from ::1:36664 on port 1883.
1779480979: New client connected from ::1:36664 as auto-84AEFFB6-F713-56B4-0B01-C13F8A42730B (p2, c1, k60).
1779480979: Client auto-84AEFFB6-F713-56B4-0B01-C13F8A42730B disconnected.
1779481010: New connection from ::1:33870 on port 1883.
1779481010: New client connected from ::1:33870 as auto-B57CA5CA-D805-77F5-F639-D855C85CC6DB (p2, c1, k60).
1779481010: Client auto-B57CA5CA-D805-77F5-F639-D855C85CC6DB disconnected.
1779481040: New connection from ::1:60166 on port 1883.
1779481040: New client connected from ::1:60166 as auto-B1F0D83D-1DF0-A64B-9C11-27E64DB291F2 (p2, c1, k60).
1779481040: Client auto-B1F0D83D-1DF0-A64B-9C11-27E64DB291F2 disconnected.
1779481070: New connection from ::1:48976 on port 1883.
1779481070: New client connected from ::1:48976 as auto-A50B87BE-BF16-4EB5-FDB7-5AAB3919BC2B (p2, c1, k60).
1779481070: Client auto-A50B87BE-BF16-4EB5-FDB7-5AAB3919BC2B disconnected.
1779481100: New connection from ::1:47254 on port 1883.
1779481100: New client connected from ::1:47254 as auto-4320CE01-AD15-581B-9383-5E22E0AF5096 (p2, c1, k60).
1779481100: Client auto-4320CE01-AD15-581B-9383-5E22E0AF5096 disconnected.
1779481130: New connection from ::1:56976 on port 1883.
1779481130: New client connected from ::1:56976 as auto-14754130-4228-F9A5-E20E-893F7EA7AAB1 (p2, c1, k60).
1779481130: Client auto-14754130-4228-F9A5-E20E-893F7EA7AAB1 disconnected.
1779481148: Saving in-memory database to /mosquitto/data//mosquitto.db.
1779481160: New connection from ::1:37578 on port 1883.
1779481160: New client connected from ::1:37578 as auto-C1DCCB47-F383-BC1C-0445-CF9258C32911 (p2, c1, k60).
1779481160: Client auto-C1DCCB47-F383-BC1C-0445-CF9258C32911 disconnected.
1779481190: New connection from ::1:46224 on port 1883.
1779481190: New client connected from ::1:46224 as auto-C8681A4A-087A-77CD-6131-7D877351A3C3 (p2, c1, k60).
1779481190: Client auto-C8681A4A-087A-77CD-6131-7D877351A3C3 disconnected.
1779481220: New connection from ::1:55878 on port 1883.
1779481220: New client connected from ::1:55878 as auto-E0FFA153-DAF2-0968-7A10-F4B160D9DC75 (p2, c1, k60).
1779481220: Client auto-E0FFA153-DAF2-0968-7A10-F4B160D9DC75 disconnected.
1779481250: New connection from ::1:53998 on port 1883.
1779481250: New client connected from ::1:53998 as auto-681342E2-BA77-5C1E-F08E-A94850D059B7 (p2, c1, k60).
1779481250: Client auto-681342E2-BA77-5C1E-F08E-A94850D059B7 disconnected.
1779481280: New connection from ::1:60838 on port 1883.
1779481280: New client connected from ::1:60838 as auto-9973C822-4170-98C8-D99A-53813DFEB575 (p2, c1, k60).
1779481280: Client auto-9973C822-4170-98C8-D99A-53813DFEB575 disconnected.
1779481310: New connection from ::1:33568 on port 1883.
1779481310: New client connected from ::1:33568 as auto-E03FBD97-993A-5238-2AE3-9659E52D771D (p2, c1, k60).
1779481310: Client auto-E03FBD97-993A-5238-2AE3-9659E52D771D disconnected.
1779481365: New connection from ::1:60526 on port 1883.
1779481365: New client connected from ::1:60526 as auto-63DC438D-9103-49F9-5DB1-B6470FB1AD21 (p2, c1, k60).
1779481365: Client auto-63DC438D-9103-49F9-5DB1-B6470FB1AD21 disconnected.
1779481527: New connection from ::1:46748 on port 1883.
1779481527: New client connected from ::1:46748 as auto-10DC9F5A-C29C-FB39-E45D-AB54BEF91CA8 (p2, c1, k60).
1779481527: Client auto-10DC9F5A-C29C-FB39-E45D-AB54BEF91CA8 disconnected.
1779481557: New connection from ::1:54834 on port 1883.
1779481557: New client connected from ::1:54834 as auto-80A2201D-029E-EF5F-7281-5FBC6CB830E6 (p2, c1, k60).
1779481557: Client auto-80A2201D-029E-EF5F-7281-5FBC6CB830E6 disconnected.
1779481588: New connection from ::1:41602 on port 1883.
1779481588: New client connected from ::1:41602 as auto-8E28B4B5-BDFA-AE7A-1F12-63E521AAA1F1 (p2, c1, k60).
1779481588: Client auto-8E28B4B5-BDFA-AE7A-1F12-63E521AAA1F1 disconnected.
1779481700: New connection from ::1:36626 on port 1883.
1779481700: New client connected from ::1:36626 as auto-F217B668-2648-6F57-0C69-7F80AE734B7D (p2, c1, k60).
1779481700: Client auto-F217B668-2648-6F57-0C69-7F80AE734B7D disconnected.
1779481906: New connection from ::1:43860 on port 1883.
1779481906: New client connected from ::1:43860 as auto-C3C57FB0-CFD8-84AC-BB82-25531C84C3C7 (p2, c1, k60).
1779481906: Client auto-C3C57FB0-CFD8-84AC-BB82-25531C84C3C7 disconnected.
1779481931: New client connected from 142.251.110.207:63925 as mqttjs_333e2a8e (p2, c1, k60).
1779481936: New connection from ::1:60670 on port 1883.
1779481936: New client connected from ::1:60670 as auto-D73FD62F-2B91-0D57-B6D6-9E37BAF8994E (p2, c1, k60).
1779481936: Client auto-D73FD62F-2B91-0D57-B6D6-9E37BAF8994E disconnected.
1779481963: Client mqttjs_333e2a8e closed its connection.
1779481966: New connection from ::1:39138 on port 1883.
1779481966: New client connected from ::1:39138 as auto-EE8DCF61-A06E-0DD6-A543-5E01DE2C5064 (p2, c1, k60).
1779481966: Client auto-EE8DCF61-A06E-0DD6-A543-5E01DE2C5064 disconnected.
1779481996: New connection from ::1:55468 on port 1883.
1779481996: New client connected from ::1:55468 as auto-3E2E0407-7E98-F1A5-09A6-7920AFF813AA (p2, c1, k60).
1779481996: Client auto-3E2E0407-7E98-F1A5-09A6-7920AFF813AA disconnected.
1779482013: New client connected from 142.251.110.207:18015 as mqttjs_beb0a907 (p2, c1, k60).
1779482026: New connection from ::1:49508 on port 1883.
1779482026: New client connected from ::1:49508 as auto-9F552BD2-BC2D-557A-0500-8B135FEB26D9 (p2, c1, k60).
1779482026: Client auto-9F552BD2-BC2D-557A-0500-8B135FEB26D9 disconnected.
1779482057: New connection from ::1:60904 on port 1883.
1779482057: New client connected from ::1:60904 as auto-FB5D28B6-4C1D-54BE-55BF-60910935E1B3 (p2, c1, k60).
1779482057: Client auto-FB5D28B6-4C1D-54BE-55BF-60910935E1B3 disconnected.
1779482087: New connection from ::1:58076 on port 1883.
1779482087: New client connected from ::1:58076 as auto-BE24E9EC-5D3D-55E0-6F31-C613D3B5EBBC (p2, c1, k60).
1779482087: Client auto-BE24E9EC-5D3D-55E0-6F31-C613D3B5EBBC disconnected.
1779482104: Client mqttjs_beb0a907 closed its connection.
1779482117: New connection from ::1:39202 on port 1883.
1779482117: New client connected from ::1:39202 as auto-D685E58E-7CCA-C50C-7F6D-9C2E8D2ECD66 (p2, c1, k60).
1779482117: Client auto-D685E58E-7CCA-C50C-7F6D-9C2E8D2ECD66 disconnected.
1779482147: New connection from ::1:52126 on port 1883.
1779482147: New client connected from ::1:52126 as auto-A3B0BAC6-D145-51C8-7FD4-14A464EBFA94 (p2, c1, k60).
1779482147: Client auto-A3B0BAC6-D145-51C8-7FD4-14A464EBFA94 disconnected.
1779482177: New connection from ::1:39136 on port 1883.
1779482177: New client connected from ::1:39136 as auto-61036FE9-0408-5632-7809-BF48D3CE79FD (p2, c1, k60).
1779482177: Client auto-61036FE9-0408-5632-7809-BF48D3CE79FD disconnected.
1779482183: New client connected from 142.251.110.207:59036 as mqttjs_beb0a907 (p2, c1, k60).
1779482207: New connection from ::1:33372 on port 1883.
1779482207: New client connected from ::1:33372 as auto-39BAF4C6-1A84-BFCB-2F7F-FC30B14C201E (p2, c1, k60).
1779482207: Client auto-39BAF4C6-1A84-BFCB-2F7F-FC30B14C201E disconnected.
1779482213: Client mqttjs_beb0a907 closed its connection.
1779482222: New client connected from 142.251.110.207:56186 as mqttjs_7b7940fc (p2, c1, k60).
1779482237: New connection from ::1:34430 on port 1883.
1779482237: New client connected from ::1:34430 as auto-2707DE79-10B1-17E8-F016-F5BE45944CDD (p2, c1, k60).
1779482237: Client auto-2707DE79-10B1-17E8-F016-F5BE45944CDD disconnected.
1779482267: New connection from ::1:40584 on port 1883.
1779482267: New client connected from ::1:40584 as auto-B4D47176-98E1-E526-8933-FB930E750BFC (p2, c1, k60).
1779482267: Client auto-B4D47176-98E1-E526-8933-FB930E750BFC disconnected.
1779482297: New connection from ::1:58692 on port 1883.
1779482297: New client connected from ::1:58692 as auto-3A750A98-231F-28D5-ABE6-5AB02466A88B (p2, c1, k60).
1779482297: Client auto-3A750A98-231F-28D5-ABE6-5AB02466A88B disconnected.
1779482313: Client mqttjs_7b7940fc closed its connection.
1779482327: New connection from ::1:58428 on port 1883.
1779482327: New client connected from ::1:58428 as auto-29577943-1EBE-3EC3-4B61-2F7121C6321A (p2, c1, k60).
1779482327: Client auto-29577943-1EBE-3EC3-4B61-2F7121C6321A disconnected.
1779482357: New connection from ::1:59792 on port 1883.
1779482357: New client connected from ::1:59792 as auto-AF599B7C-3539-FB0F-71D9-01AE9F698D82 (p2, c1, k60).
1779482357: Client auto-AF599B7C-3539-FB0F-71D9-01AE9F698D82 disconnected.
1779482387: New connection from ::1:53144 on port 1883.
1779482387: New client connected from ::1:53144 as auto-EBCA1D34-8214-CB64-FBB0-2C44EABB13CF (p2, c1, k60).
1779482387: Client auto-EBCA1D34-8214-CB64-FBB0-2C44EABB13CF disconnected.
1779482418: New connection from ::1:39892 on port 1883.
1779482418: New client connected from ::1:39892 as auto-53B881CF-15B9-F987-6C77-F9BDD307B6E8 (p2, c1, k60).
1779482418: Client auto-53B881CF-15B9-F987-6C77-F9BDD307B6E8 disconnected.
1779482448: New connection from ::1:36278 on port 1883.
1779482448: New client connected from ::1:36278 as auto-853641E8-2478-E401-197C-CED9BA299F19 (p2, c1, k60).
1779482448: Client auto-853641E8-2478-E401-197C-CED9BA299F19 disconnected.
1779482478: New connection from ::1:44398 on port 1883.
1779482478: New client connected from ::1:44398 as auto-BDCCA184-8203-40D0-69E2-6D65053C3210 (p2, c1, k60).
1779482478: Client auto-BDCCA184-8203-40D0-69E2-6D65053C3210 disconnected.
1779482508: New connection from ::1:51830 on port 1883.
1779482508: New client connected from ::1:51830 as auto-0C071D59-D494-00AA-1B26-F8D9346E06DD (p2, c1, k60).
1779482508: Client auto-0C071D59-D494-00AA-1B26-F8D9346E06DD disconnected.
1779482538: New connection from ::1:52846 on port 1883.
1779482538: New client connected from ::1:52846 as auto-F056B21B-F8B4-34DB-ACA9-5FA9EFE71A00 (p2, c1, k60).
1779482538: Client auto-F056B21B-F8B4-34DB-ACA9-5FA9EFE71A00 disconnected.
1779482568: New connection from ::1:46296 on port 1883.
1779482568: New client connected from ::1:46296 as auto-6193223F-ADF8-F5D6-207E-6AD171CB8211 (p2, c1, k60).
1779482568: Client auto-6193223F-ADF8-F5D6-207E-6AD171CB8211 disconnected.
1779482598: New connection from ::1:45774 on port 1883.
1779482598: New client connected from ::1:45774 as auto-DA800491-286F-A87C-675C-6BC6AB561BDC (p2, c1, k60).
1779482598: Client auto-DA800491-286F-A87C-675C-6BC6AB561BDC disconnected.
1779482628: New connection from ::1:42204 on port 1883.
1779482628: New client connected from ::1:42204 as auto-6208B129-4C9F-D976-CCEC-C9962645B228 (p2, c1, k60).
1779482628: Client auto-6208B129-4C9F-D976-CCEC-C9962645B228 disconnected.
1779482658: New connection from ::1:36716 on port 1883.
1779482658: New client connected from ::1:36716 as auto-C955FD16-6BAF-F145-96E5-882F81EE474A (p2, c1, k60).
1779482658: Client auto-C955FD16-6BAF-F145-96E5-882F81EE474A disconnected.
1779482688: New connection from ::1:47934 on port 1883.
1779482688: New client connected from ::1:47934 as auto-D7976E27-2384-05E2-0810-62FC89F95A6A (p2, c1, k60).
1779482688: Client auto-D7976E27-2384-05E2-0810-62FC89F95A6A disconnected.
1779482718: New connection from ::1:54978 on port 1883.
1779482718: New client connected from ::1:54978 as auto-E4915C82-F0B1-0B3C-03F8-68DF687EC026 (p2, c1, k60).
1779482718: Client auto-E4915C82-F0B1-0B3C-03F8-68DF687EC026 disconnected.
1779482749: New connection from ::1:54908 on port 1883.
1779482749: New client connected from ::1:54908 as auto-44CC8C0E-2FDC-9FC0-F8AD-D0F46EDD1807 (p2, c1, k60).
1779482749: Client auto-44CC8C0E-2FDC-9FC0-F8AD-D0F46EDD1807 disconnected.
1779482779: New connection from ::1:33830 on port 1883.
1779482779: New client connected from ::1:33830 as auto-695050E1-7D7E-D5C4-6DF5-00E1F5CA6656 (p2, c1, k60).
1779482779: Client auto-695050E1-7D7E-D5C4-6DF5-00E1F5CA6656 disconnected.
1779482809: New connection from ::1:35594 on port 1883.
1779482809: New client connected from ::1:35594 as auto-A3B4EDA2-F313-0F39-155B-FEFF923AEDE0 (p2, c1, k60).
1779482809: Client auto-A3B4EDA2-F313-0F39-155B-FEFF923AEDE0 disconnected.
1779482839: New connection from ::1:39158 on port 1883.
1779482839: New client connected from ::1:39158 as auto-AC147E01-F8C6-2A37-2C7C-52E4EB3AB2B1 (p2, c1, k60).
1779482839: Client auto-AC147E01-F8C6-2A37-2C7C-52E4EB3AB2B1 disconnected.
1779482869: New connection from ::1:34594 on port 1883.
1779482869: New client connected from ::1:34594 as auto-FFE78E21-1E73-4725-8FD3-13F79483C2E9 (p2, c1, k60).
1779482869: Client auto-FFE78E21-1E73-4725-8FD3-13F79483C2E9 disconnected.
1779482899: New connection from ::1:41180 on port 1883.
1779482899: New client connected from ::1:41180 as auto-1471CC2D-F638-392E-05C5-198D1315C93B (p2, c1, k60).
1779482899: Client auto-1471CC2D-F638-392E-05C5-198D1315C93B disconnected.
1779482929: New connection from ::1:58726 on port 1883.
1779482929: New client connected from ::1:58726 as auto-AD9201C3-452D-763D-7BFC-8FD6C50AEF60 (p2, c1, k60).
1779482929: Client auto-AD9201C3-452D-763D-7BFC-8FD6C50AEF60 disconnected.
1779482959: New connection from ::1:58980 on port 1883.
1779482959: New client connected from ::1:58980 as auto-0B090837-AA86-2098-89AB-170C355E4783 (p2, c1, k60).
1779482959: Client auto-0B090837-AA86-2098-89AB-170C355E4783 disconnected.
1779482989: New connection from ::1:48516 on port 1883.
1779482989: New client connected from ::1:48516 as auto-C5993205-818B-96E8-B918-9424370F6074 (p2, c1, k60).
1779482989: Client auto-C5993205-818B-96E8-B918-9424370F6074 disconnected.
1779483019: New connection from ::1:34898 on port 1883.
1779483019: New client connected from ::1:34898 as auto-9ABFB554-C57D-FA8C-674A-F8462984FDA9 (p2, c1, k60).
1779483019: Client auto-9ABFB554-C57D-FA8C-674A-F8462984FDA9 disconnected.
1779483049: New connection from ::1:49112 on port 1883.
1779483049: New client connected from ::1:49112 as auto-6AF0C502-E448-E5B5-5916-A7C97F30648D (p2, c1, k60).
1779483049: Client auto-6AF0C502-E448-E5B5-5916-A7C97F30648D disconnected.
1779483079: New connection from ::1:38040 on port 1883.
1779483079: New client connected from ::1:38040 as auto-BA92B26C-5A93-6642-1E7C-48F655901DF3 (p2, c1, k60).
1779483079: Client auto-BA92B26C-5A93-6642-1E7C-48F655901DF3 disconnected.
1779483109: New connection from ::1:46708 on port 1883.
1779483109: New client connected from ::1:46708 as auto-2163098A-F03D-A1F0-2807-44482F084091 (p2, c1, k60).
1779483109: Client auto-2163098A-F03D-A1F0-2807-44482F084091 disconnected.
1779483123: New client connected from 142.251.110.207:33917 as mqttjs_7b7940fc (p2, c1, k60).
1779483139: New connection from ::1:34058 on port 1883.
1779483139: New client connected from ::1:34058 as auto-3DCC42E1-8CBD-84C4-4CC8-87693227DD95 (p2, c1, k60).
1779483139: Client auto-3DCC42E1-8CBD-84C4-4CC8-87693227DD95 disconnected.
1779483169: New connection from ::1:55134 on port 1883.
1779483169: New client connected from ::1:55134 as auto-CDFB7CAA-517E-48B8-6515-97DB232A0BE2 (p2, c1, k60).
1779483169: Client auto-CDFB7CAA-517E-48B8-6515-97DB232A0BE2 disconnected.
1779483199: New connection from ::1:59520 on port 1883.
1779483199: New client connected from ::1:59520 as auto-E2640738-BDD9-E012-2BBB-56F1F927AE74 (p2, c1, k60).
1779483199: Client auto-E2640738-BDD9-E012-2BBB-56F1F927AE74 disconnected.
1779483214: Client mqttjs_7b7940fc closed its connection.
1779483229: New connection from ::1:58676 on port 1883.
1779483229: New client connected from ::1:58676 as auto-37A37B25-4B17-9A1B-E967-BD8AB9E435B4 (p2, c1, k60).
1779483229: Client auto-37A37B25-4B17-9A1B-E967-BD8AB9E435B4 disconnected.
1779483260: New connection from ::1:41944 on port 1883.
1779483260: New client connected from ::1:41944 as auto-D17B7A2F-7EDE-0C80-B2C7-EDEE7D642317 (p2, c1, k60).
1779483260: Client auto-D17B7A2F-7EDE-0C80-B2C7-EDEE7D642317 disconnected.
1779483290: New connection from ::1:58088 on port 1883.
1779483290: New client connected from ::1:58088 as auto-9226D0DB-E770-05C5-36A9-03C7EF3085A8 (p2, c1, k60).
1779483290: Client auto-9226D0DB-E770-05C5-36A9-03C7EF3085A8 disconnected.
1779483296: New client connected from 142.251.110.207:29161 as mqttjs_7b7940fc (p2, c1, k60).
1779483320: New connection from ::1:51006 on port 1883.
1779483320: New client connected from ::1:51006 as auto-CAE1ECE8-AA52-8C5B-5360-79D4609E025C (p2, c1, k60).
1779483320: Client auto-CAE1ECE8-AA52-8C5B-5360-79D4609E025C disconnected.
1779483350: New connection from ::1:60946 on port 1883.
1779483350: New client connected from ::1:60946 as auto-F0254175-F755-69A7-2B88-952F3CB989A5 (p2, c1, k60).
1779483350: Client auto-F0254175-F755-69A7-2B88-952F3CB989A5 disconnected.
1779483365: Saving in-memory database to /mosquitto/data//mosquitto.db.
1779483380: New connection from ::1:34784 on port 1883.
1779483380: New client connected from ::1:34784 as auto-E6D85A51-46BA-3AA3-AF6D-4205888D9FD5 (p2, c1, k60).
1779483380: Client auto-E6D85A51-46BA-3AA3-AF6D-4205888D9FD5 disconnected.
1779483410: New connection from ::1:39712 on port 1883.
1779483410: New client connected from ::1:39712 as auto-76887ECC-0555-8886-3444-DC04D80A3128 (p2, c1, k60).
1779483410: Client auto-76887ECC-0555-8886-3444-DC04D80A3128 disconnected.
1779483440: New connection from ::1:55934 on port 1883.
1779483440: New client connected from ::1:55934 as auto-153F1F03-9547-CD54-A74B-16B8F1B5AB44 (p2, c1, k60).
1779483440: Client auto-153F1F03-9547-CD54-A74B-16B8F1B5AB44 disconnected.
1779483447: Client mqttjs_7b7940fc closed its connection.
1779483470: New connection from ::1:35780 on port 1883.
1779483470: New client connected from ::1:35780 as auto-9365D021-47D3-122D-27EE-BEDF4AEF0E95 (p2, c1, k60).
1779483470: Client auto-9365D021-47D3-122D-27EE-BEDF4AEF0E95 disconnected.
1779483500: New connection from ::1:33730 on port 1883.
1779483500: New client connected from ::1:33730 as auto-D287CE49-355E-257C-F4F6-B2C68E5A91FE (p2, c1, k60).
1779483500: Client auto-D287CE49-355E-257C-F4F6-B2C68E5A91FE disconnected.
1779483530: New connection from ::1:53360 on port 1883.
1779483530: New client connected from ::1:53360 as auto-D2CBC4E8-4854-C265-32B0-9183EFEB3E72 (p2, c1, k60).
1779483530: Client auto-D2CBC4E8-4854-C265-32B0-9183EFEB3E72 disconnected.
1779483993: New connection from ::1:49044 on port 1883.
1779483993: New client connected from ::1:49044 as auto-BF425BA9-AADD-6CF3-1336-C07FC40DE5EB (p2, c1, k60).
1779483993: Client auto-BF425BA9-AADD-6CF3-1336-C07FC40DE5EB disconnected.
1779484023: New connection from ::1:37306 on port 1883.
1779484023: New client connected from ::1:37306 as auto-F321044A-0EC6-0199-B0DF-A982B7845713 (p2, c1, k60).
1779484023: Client auto-F321044A-0EC6-0199-B0DF-A982B7845713 disconnected.
1779484053: New connection from ::1:55372 on port 1883.
1779484053: New client connected from ::1:55372 as auto-B407F8ED-1155-3F9B-9BA1-8FDCB7135381 (p2, c1, k60).
1779484053: Client auto-B407F8ED-1155-3F9B-9BA1-8FDCB7135381 disconnected.
1779484083: New connection from ::1:43520 on port 1883.
1779484083: New client connected from ::1:43520 as auto-5422B645-8059-72B1-57DC-96B481908919 (p2, c1, k60).
1779484083: Client auto-5422B645-8059-72B1-57DC-96B481908919 disconnected.
1779484104: New client connected from 142.251.110.207:53885 as mqttjs_7b7940fc (p2, c1, k60).
1779484113: New connection from ::1:53928 on port 1883.
1779484113: New client connected from ::1:53928 as auto-ACBD121A-35D2-89DD-4012-7642367326EB (p2, c1, k60).
1779484113: Client auto-ACBD121A-35D2-89DD-4012-7642367326EB disconnected.
1779484143: New connection from ::1:45274 on port 1883.
1779484143: New client connected from ::1:45274 as auto-1A8763BE-9D7A-6764-73E2-64012972F896 (p2, c1, k60).
1779484143: Client auto-1A8763BE-9D7A-6764-73E2-64012972F896 disconnected.
1779484173: New connection from ::1:51194 on port 1883.
1779484173: New client connected from ::1:51194 as auto-F41F61C4-0EF5-BFB3-CB6E-62627EF5FFBB (p2, c1, k60).
1779484173: Client auto-F41F61C4-0EF5-BFB3-CB6E-62627EF5FFBB disconnected.
1779484203: New connection from ::1:56188 on port 1883.
1779484203: New client connected from ::1:56188 as auto-80E5ABD7-F46A-3571-E963-E9A60368DCE9 (p2, c1, k60).
1779484203: Client auto-80E5ABD7-F46A-3571-E963-E9A60368DCE9 disconnected.
1779484233: New connection from ::1:36046 on port 1883.
1779484233: New client connected from ::1:36046 as auto-20E687CA-915C-F02D-F2D8-1ACCB4880B1D (p2, c1, k60).
1779484233: Client auto-20E687CA-915C-F02D-F2D8-1ACCB4880B1D disconnected.
1779484263: New connection from ::1:55132 on port 1883.
1779484263: New client connected from ::1:55132 as auto-86D27097-F7AF-8F8E-4CB6-3ABAE1866B3D (p2, c1, k60).
1779484263: Client auto-86D27097-F7AF-8F8E-4CB6-3ABAE1866B3D disconnected.
1779484293: New connection from ::1:57024 on port 1883.
1779484293: New client connected from ::1:57024 as auto-0E63E01C-7ACD-3444-6A9E-ECAAA5AFF77C (p2, c1, k60).
1779484293: Client auto-0E63E01C-7ACD-3444-6A9E-ECAAA5AFF77C disconnected.
1779484323: New connection from ::1:46026 on port 1883.
1779484323: New client connected from ::1:46026 as auto-B0D447E0-4339-8938-5F45-EAD499445426 (p2, c1, k60).
1779484323: Client auto-B0D447E0-4339-8938-5F45-EAD499445426 disconnected.
1779484344: Client mqttjs_7b7940fc closed its connection.
1779484353: New connection from ::1:42524 on port 1883.
1779484353: New client connected from ::1:42524 as auto-5C56C3F7-D45C-16DA-7C00-EC88149E0198 (p2, c1, k60).
1779484353: Client auto-5C56C3F7-D45C-16DA-7C00-EC88149E0198 disconnected.
1779484383: New connection from ::1:40352 on port 1883.
1779484383: New client connected from ::1:40352 as auto-258F9FE7-FFA3-83CE-3530-C0110806FB77 (p2, c1, k60).
1779484383: Client auto-258F9FE7-FFA3-83CE-3530-C0110806FB77 disconnected.
1779484414: New connection from ::1:44680 on port 1883.
1779484414: New client connected from ::1:44680 as auto-60DB470D-66D2-D283-B5E9-5029C3BB452A (p2, c1, k60).
1779484414: Client auto-60DB470D-66D2-D283-B5E9-5029C3BB452A disconnected.
1779484444: New connection from ::1:36454 on port 1883.
1779484444: New client connected from ::1:36454 as auto-35FF3043-FF92-5F62-43EC-69D43C3C4D70 (p2, c1, k60).
1779484444: Client auto-35FF3043-FF92-5F62-43EC-69D43C3C4D70 disconnected.
1779484474: New connection from ::1:53462 on port 1883.
1779484474: New client connected from ::1:53462 as auto-68563A61-3B09-CF8A-87ED-968A2A8DBEAD (p2, c1, k60).
1779484474: Client auto-68563A61-3B09-CF8A-87ED-968A2A8DBEAD disconnected.
1779484504: New connection from ::1:36878 on port 1883.
1779484504: New client connected from ::1:36878 as auto-52FC383B-6B2E-BD6E-FF39-45AA26380CCF (p2, c1, k60).
1779484504: Client auto-52FC383B-6B2E-BD6E-FF39-45AA26380CCF disconnected.
1779484534: New connection from ::1:51624 on port 1883.
1779484534: New client connected from ::1:51624 as auto-116AA57A-6008-2A2C-7E88-EF1906502653 (p2, c1, k60).
1779484534: Client auto-116AA57A-6008-2A2C-7E88-EF1906502653 disconnected.
1779484564: New connection from ::1:38012 on port 1883.
1779484564: New client connected from ::1:38012 as auto-D6152887-4FA4-1CE3-B17D-59348B686C7F (p2, c1, k60).
1779484564: Client auto-D6152887-4FA4-1CE3-B17D-59348B686C7F disconnected.
1779484594: New connection from ::1:57364 on port 1883.
1779484594: New client connected from ::1:57364 as auto-D766BA1A-F284-38DA-F507-7ED767FD22B3 (p2, c1, k60).
1779484594: Client auto-D766BA1A-F284-38DA-F507-7ED767FD22B3 disconnected.
1779484624: New connection from ::1:59698 on port 1883.
1779484624: New client connected from ::1:59698 as auto-41DB603F-E839-79B5-8C39-F029625712CC (p2, c1, k60).
1779484624: Client auto-41DB603F-E839-79B5-8C39-F029625712CC disconnected.
1779484654: New connection from ::1:58110 on port 1883.
1779484654: New client connected from ::1:58110 as auto-F8A07D16-D4FE-3306-6FA2-647B954CAC72 (p2, c1, k60).
1779484654: Client auto-F8A07D16-D4FE-3306-6FA2-647B954CAC72 disconnected.
1779484684: New connection from ::1:41842 on port 1883.
1779484684: New client connected from ::1:41842 as auto-FE7ECF65-7742-806E-200C-AECBFB800668 (p2, c1, k60).
1779484684: Client auto-FE7ECF65-7742-806E-200C-AECBFB800668 disconnected.
1779484714: New connection from ::1:58822 on port 1883.
1779484714: New client connected from ::1:58822 as auto-A0D14E7E-0A0E-721A-B4FE-11F0A9D58EDF (p2, c1, k60).
1779484714: Client auto-A0D14E7E-0A0E-721A-B4FE-11F0A9D58EDF disconnected.
1779484744: New connection from ::1:57824 on port 1883.
1779484744: New client connected from ::1:57824 as auto-85388B74-01DF-9435-CB48-2635FB311F8A (p2, c1, k60).
1779484744: Client auto-85388B74-01DF-9435-CB48-2635FB311F8A disconnected.
1779484774: New connection from ::1:42606 on port 1883.
1779484774: New client connected from ::1:42606 as auto-D232E164-3C7E-42FD-8EBC-835122094C56 (p2, c1, k60).
1779484774: Client auto-D232E164-3C7E-42FD-8EBC-835122094C56 disconnected.
1779484804: New connection from ::1:40236 on port 1883.
1779484804: New client connected from ::1:40236 as auto-3E813694-8B62-C084-8755-676B2C826CD0 (p2, c1, k60).
1779484804: Client auto-3E813694-8B62-C084-8755-676B2C826CD0 disconnected.
1779484835: New connection from ::1:57678 on port 1883.
1779484835: New client connected from ::1:57678 as auto-B0706060-7D64-4A64-E9FE-1FF1E5C801BF (p2, c1, k60).
1779484835: Client auto-B0706060-7D64-4A64-E9FE-1FF1E5C801BF disconnected.
1779484865: New connection from ::1:47012 on port 1883.
1779484865: New client connected from ::1:47012 as auto-FAC30748-68FD-2A02-3B83-FBE4F2551C27 (p2, c1, k60).
1779484865: Client auto-FAC30748-68FD-2A02-3B83-FBE4F2551C27 disconnected.
1779484895: New connection from ::1:59420 on port 1883.
1779484895: New client connected from ::1:59420 as auto-7D51455C-87EA-75BF-6803-09234F94F416 (p2, c1, k60).
1779484895: Client auto-7D51455C-87EA-75BF-6803-09234F94F416 disconnected.
1779484925: New connection from ::1:38480 on port 1883.
1779484925: New client connected from ::1:38480 as auto-A1F876AC-FE14-AC50-ACA8-91092048636D (p2, c1, k60).
1779484925: Client auto-A1F876AC-FE14-AC50-ACA8-91092048636D disconnected.
1779484955: New connection from ::1:55162 on port 1883.
1779484955: New client connected from ::1:55162 as auto-939003DF-F163-C985-E2C3-F19DD176EF34 (p2, c1, k60).
1779484955: Client auto-939003DF-F163-C985-E2C3-F19DD176EF34 disconnected.
1779484985: New connection from ::1:49614 on port 1883.
1779484985: New client connected from ::1:49614 as auto-F80CC334-33AE-D861-0F4C-B2732929B7FC (p2, c1, k60).
1779484985: Client auto-F80CC334-33AE-D861-0F4C-B2732929B7FC disconnected.
1779485015: New connection from ::1:38768 on port 1883.
1779485015: New client connected from ::1:38768 as auto-155BB3F3-7EE8-D9D8-F4E5-D3444AC352E7 (p2, c1, k60).
1779485015: Client auto-155BB3F3-7EE8-D9D8-F4E5-D3444AC352E7 disconnected.
1779485045: New connection from ::1:50116 on port 1883.
1779485045: New client connected from ::1:50116 as auto-C5BFABDE-755E-F728-C9F2-8C84DE27F4DF (p2, c1, k60).
1779485045: Client auto-C5BFABDE-755E-F728-C9F2-8C84DE27F4DF disconnected.
1779485075: New connection from ::1:38718 on port 1883.
1779485075: New client connected from ::1:38718 as auto-2C5FD92D-9974-7EED-1D1F-11A2E4DF04BE (p2, c1, k60).
1779485075: Client auto-2C5FD92D-9974-7EED-1D1F-11A2E4DF04BE disconnected.
1779485105: New connection from ::1:47996 on port 1883.
1779485105: New client connected from ::1:47996 as auto-5DC5B4D3-63F2-3A35-4C52-C544199A90D7 (p2, c1, k60).
1779485105: Client auto-5DC5B4D3-63F2-3A35-4C52-C544199A90D7 disconnected.
1779485135: New connection from ::1:44658 on port 1883.
1779485135: New client connected from ::1:44658 as auto-4AFD7816-DB19-B3D4-72E1-B38A6FE1E3BD (p2, c1, k60).
1779485135: Client auto-4AFD7816-DB19-B3D4-72E1-B38A6FE1E3BD disconnected.
1779485165: New connection from ::1:40340 on port 1883.
1779485165: New client connected from ::1:40340 as auto-0AA69790-1CE8-1B19-1CAD-38F3AC5DE3B1 (p2, c1, k60).
1779485165: Client auto-0AA69790-1CE8-1B19-1CAD-38F3AC5DE3B1 disconnected.
1779485193: New client connected from 142.251.110.207:61093 as mqttjs_616067bb (p2, c1, k60).
1779485195: New connection from ::1:51964 on port 1883.
1779485195: New client connected from ::1:51964 as auto-2F058E7A-428A-FC4F-DC9E-6D2EABFA68B9 (p2, c1, k60).
1779485195: Client auto-2F058E7A-428A-FC4F-DC9E-6D2EABFA68B9 disconnected.
1779485225: New connection from ::1:49538 on port 1883.
1779485225: New client connected from ::1:49538 as auto-597795F5-7088-087F-B794-5A2703AA76FE (p2, c1, k60).
1779485225: Client auto-597795F5-7088-087F-B794-5A2703AA76FE disconnected.
1779485255: New connection from ::1:49314 on port 1883.
1779485255: New client connected from ::1:49314 as auto-192F6DBE-4DE9-89FB-4939-A8C8E4C0D8C8 (p2, c1, k60).
1779485255: Client auto-192F6DBE-4DE9-89FB-4939-A8C8E4C0D8C8 disconnected.
1779485286: New connection from ::1:42284 on port 1883.
1779485286: New client connected from ::1:42284 as auto-0AFD66E5-D1FB-C829-4960-1F2C82A7DF96 (p2, c1, k60).
1779485286: Client auto-0AFD66E5-D1FB-C829-4960-1F2C82A7DF96 disconnected.
1779485316: New connection from ::1:42904 on port 1883.
1779485316: New client connected from ::1:42904 as auto-78DD1F51-D12A-1EA2-C8C5-405D15963D48 (p2, c1, k60).
1779485316: Client auto-78DD1F51-D12A-1EA2-C8C5-405D15963D48 disconnected.
1779485346: New connection from ::1:34338 on port 1883.
1779485346: New client connected from ::1:34338 as auto-1A5B3EC9-DA2F-375A-5594-500330FFCDB0 (p2, c1, k60).
1779485346: Client auto-1A5B3EC9-DA2F-375A-5594-500330FFCDB0 disconnected.
1779485376: New connection from ::1:54342 on port 1883.
1779485376: New client connected from ::1:54342 as auto-FDF1F59E-F321-4673-91FC-48856CBF7560 (p2, c1, k60).
1779485376: Client auto-FDF1F59E-F321-4673-91FC-48856CBF7560 disconnected.
1779485406: New connection from ::1:44596 on port 1883.
1779485406: New client connected from ::1:44596 as auto-822F00E9-30E8-B2AB-745F-BF8944604682 (p2, c1, k60).
1779485406: Client auto-822F00E9-30E8-B2AB-745F-BF8944604682 disconnected.
1779485417: Client mqttjs_616067bb closed its connection.
1779485424: New client connected from 142.251.110.207:35947 as mqttjs_004475b6 (p2, c1, k60).
1779485436: New connection from ::1:51450 on port 1883.
1779485436: New client connected from ::1:51450 as auto-CA6F93D8-10AB-8018-007F-D430419BD9BE (p2, c1, k60).
1779485436: Client auto-CA6F93D8-10AB-8018-007F-D430419BD9BE disconnected.
1779485466: New connection from ::1:42556 on port 1883.
1779485466: New client connected from ::1:42556 as auto-0B101B89-C770-AAD5-6F71-67579BEB959B (p2, c1, k60).
1779485466: Client auto-0B101B89-C770-AAD5-6F71-67579BEB959B disconnected.
1779485496: New connection from ::1:42754 on port 1883.
1779485496: New client connected from ::1:42754 as auto-CC53D938-5250-D569-5060-78A33EEF569A (p2, c1, k60).
1779485496: Client auto-CC53D938-5250-D569-5060-78A33EEF569A disconnected.
1779485526: New connection from ::1:44938 on port 1883.
1779485526: New client connected from ::1:44938 as auto-4EE5E52C-EE32-9C56-9EB3-B743B8A66B19 (p2, c1, k60).
1779485526: Client auto-4EE5E52C-EE32-9C56-9EB3-B743B8A66B19 disconnected.
1779485603: New connection from ::1:44524 on port 1883.
1779485603: New client connected from ::1:44524 as auto-67229490-E933-92B3-90A8-D8367797BD16 (p2, c1, k60).
1779485603: Client auto-67229490-E933-92B3-90A8-D8367797BD16 disconnected.
1779485621: Client mqttjs_004475b6 closed its connection.
1779485633: New connection from ::1:43576 on port 1883.
1779485633: New client connected from ::1:43576 as auto-69E5E638-7A07-DA6A-AF9F-3562C6CD473B (p2, c1, k60).
1779485633: Client auto-69E5E638-7A07-DA6A-AF9F-3562C6CD473B disconnected.
1779485645: Saving in-memory database to /mosquitto/data//mosquitto.db.
1779485881: New connection from ::1:35188 on port 1883.
1779485881: New client connected from ::1:35188 as auto-EF0583C7-A0CC-662B-126B-1BA6E1A22037 (p2, c1, k60).
1779485881: Client auto-EF0583C7-A0CC-662B-126B-1BA6E1A22037 disconnected.
1779485911: New connection from ::1:60864 on port 1883.
1779485911: New client connected from ::1:60864 as auto-2A3D7595-BE67-7C9A-A606-89FC82D1499B (p2, c1, k60).
1779485911: Client auto-2A3D7595-BE67-7C9A-A606-89FC82D1499B disconnected.
1779486839: New connection from ::1:56352 on port 1883.
1779486839: New client connected from ::1:56352 as auto-01F2D4EC-DE93-6154-1477-68CE49A087B6 (p2, c1, k60).
1779486839: Client auto-01F2D4EC-DE93-6154-1477-68CE49A087B6 disconnected.
1779487767: New connection from ::1:46494 on port 1883.
1779487767: New client connected from ::1:46494 as auto-F185551E-9CD6-4697-ED5E-89E81131CD2E (p2, c1, k60).
1779487767: Client auto-F185551E-9CD6-4697-ED5E-89E81131CD2E disconnected.
1779487797: New connection from ::1:37756 on port 1883.
1779487797: New client connected from ::1:37756 as auto-E8B1CCFD-7CE1-5216-4B02-B3AF5DC3482A (p2, c1, k60).
1779487797: Client auto-E8B1CCFD-7CE1-5216-4B02-B3AF5DC3482A disconnected.
1779487828: New connection from ::1:42226 on port 1883.
1779487828: New client connected from ::1:42226 as auto-83FB0904-0D07-0BDE-D7AA-EC9FD3440BFE (p2, c1, k60).
1779487828: Client auto-83FB0904-0D07-0BDE-D7AA-EC9FD3440BFE disconnected.
1779487858: New connection from ::1:52486 on port 1883.
1779487858: New client connected from ::1:52486 as auto-41ECA2B0-36D6-C5A8-C396-DF85C3D30D36 (p2, c1, k60).
1779487858: Client auto-41ECA2B0-36D6-C5A8-C396-DF85C3D30D36 disconnected.
1779487888: New connection from ::1:40450 on port 1883.
1779487888: New client connected from ::1:40450 as auto-D6C72BC0-602B-541E-BB4C-084A2A9A5D5A (p2, c1, k60).
1779487888: Client auto-D6C72BC0-602B-541E-BB4C-084A2A9A5D5A disconnected.
1779487918: New connection from ::1:45222 on port 1883.
1779487918: New client connected from ::1:45222 as auto-2560485C-655B-3752-7529-E82E75B4FC67 (p2, c1, k60).
1779487918: Client auto-2560485C-655B-3752-7529-E82E75B4FC67 disconnected.
1779487948: New connection from ::1:38002 on port 1883.
1779487948: New client connected from ::1:38002 as auto-F48324D4-1F80-5A30-274F-A72B9271DDCC (p2, c1, k60).
1779487948: Client auto-F48324D4-1F80-5A30-274F-A72B9271DDCC disconnected.
1779487978: New connection from ::1:57550 on port 1883.
1779487978: New client connected from ::1:57550 as auto-CBB8730E-AC02-6639-02C1-9553284B32A5 (p2, c1, k60).
1779487978: Client auto-CBB8730E-AC02-6639-02C1-9553284B32A5 disconnected.
1779488008: New connection from ::1:39582 on port 1883.
1779488008: New client connected from ::1:39582 as auto-B40AE35B-1C05-E43E-B33D-6294C7244D95 (p2, c1, k60).
1779488008: Client auto-B40AE35B-1C05-E43E-B33D-6294C7244D95 disconnected.
1779488038: New connection from ::1:55710 on port 1883.
1779488038: New client connected from ::1:55710 as auto-36BDB224-B144-1A56-0FD1-1A092AE80A58 (p2, c1, k60).
1779488038: Client auto-36BDB224-B144-1A56-0FD1-1A092AE80A58 disconnected.
1779488068: New connection from ::1:42494 on port 1883.
1779488068: New client connected from ::1:42494 as auto-F525E35C-3BBB-677F-20FF-2404EC1FDC1B (p2, c1, k60).
1779488068: Client auto-F525E35C-3BBB-677F-20FF-2404EC1FDC1B disconnected.
1779488098: New connection from ::1:54680 on port 1883.
1779488098: New client connected from ::1:54680 as auto-42D41EED-F1C7-B735-E296-ACE953C7705B (p2, c1, k60).
1779488098: Client auto-42D41EED-F1C7-B735-E296-ACE953C7705B disconnected.
1779488128: New connection from ::1:39110 on port 1883.
1779488128: New client connected from ::1:39110 as auto-153F5AE2-84F6-DF70-7616-EB40F233ECC7 (p2, c1, k60).
1779488128: Client auto-153F5AE2-84F6-DF70-7616-EB40F233ECC7 disconnected.
1779488158: New connection from ::1:54526 on port 1883.
1779488158: New client connected from ::1:54526 as auto-0C81F80D-52F5-9FF2-C0E2-10DAE325F849 (p2, c1, k60).
1779488158: Client auto-0C81F80D-52F5-9FF2-C0E2-10DAE325F849 disconnected.
1779488188: New connection from ::1:58406 on port 1883.
1779488188: New client connected from ::1:58406 as auto-8843B191-34C3-BDFE-7FC3-FFD02107CF77 (p2, c1, k60).
1779488188: Client auto-8843B191-34C3-BDFE-7FC3-FFD02107CF77 disconnected.
1779488218: New connection from ::1:55864 on port 1883.
1779488218: New client connected from ::1:55864 as auto-43D27635-26C4-62D8-1CA5-C85CFFD45205 (p2, c1, k60).
1779488218: Client auto-43D27635-26C4-62D8-1CA5-C85CFFD45205 disconnected.
1779488248: New connection from ::1:53500 on port 1883.
1779488248: New client connected from ::1:53500 as auto-D0C3511D-6E21-18E3-96D9-CA7956EA3374 (p2, c1, k60).
1779488248: Client auto-D0C3511D-6E21-18E3-96D9-CA7956EA3374 disconnected.
1779488278: New connection from ::1:58224 on port 1883.
1779488278: New client connected from ::1:58224 as auto-FF3C3EE0-608E-7BFC-7DF5-85316CA8567B (p2, c1, k60).
1779488278: Client auto-FF3C3EE0-608E-7BFC-7DF5-85316CA8567B disconnected.
1779488308: New connection from ::1:50934 on port 1883.
1779488308: New client connected from ::1:50934 as auto-C540F75A-A2EA-DD67-E783-D550C6E9B937 (p2, c1, k60).
1779488308: Client auto-C540F75A-A2EA-DD67-E783-D550C6E9B937 disconnected.
1779488338: New connection from ::1:48952 on port 1883.
1779488338: New client connected from ::1:48952 as auto-F87C3D3D-D48E-102D-CC52-88419A6BDAF6 (p2, c1, k60).
1779488338: Client auto-F87C3D3D-D48E-102D-CC52-88419A6BDAF6 disconnected.
1779489266: New connection from ::1:53520 on port 1883.
1779489266: New client connected from ::1:53520 as auto-8F8207FD-5323-53B9-ADAA-A3C4E257E826 (p2, c1, k60).
1779489266: Client auto-8F8207FD-5323-53B9-ADAA-A3C4E257E826 disconnected.
1779489549: New connection from ::1:53300 on port 1883.
1779489549: New client connected from ::1:53300 as auto-4554A658-072F-94C9-8ABA-BE16C46C075E (p2, c1, k60).
1779489549: Client auto-4554A658-072F-94C9-8ABA-BE16C46C075E disconnected.
1779489579: New connection from ::1:54706 on port 1883.
1779489579: New client connected from ::1:54706 as auto-6942C968-D102-7EE8-1488-88A47EF1A7A6 (p2, c1, k60).
1779489579: Client auto-6942C968-D102-7EE8-1488-88A47EF1A7A6 disconnected.
1779489609: New connection from ::1:37852 on port 1883.
1779489609: New client connected from ::1:37852 as auto-08C87212-F31C-54FF-EDB7-0A453F1FE89F (p2, c1, k60).
1779489609: Client auto-08C87212-F31C-54FF-EDB7-0A453F1FE89F disconnected.
1779489640: New connection from ::1:42572 on port 1883.
1779489640: New client connected from ::1:42572 as auto-6AB7CA1E-E448-9933-C815-763A6A63AE66 (p2, c1, k60).
1779489640: Client auto-6AB7CA1E-E448-9933-C815-763A6A63AE66 disconnected.
1779489670: New connection from ::1:48298 on port 1883.
1779489670: New client connected from ::1:48298 as auto-EDB1D99C-21C8-459B-F767-C0E87FEA93DA (p2, c1, k60).
1779489670: Client auto-EDB1D99C-21C8-459B-F767-C0E87FEA93DA disconnected.
1779489700: New connection from ::1:34148 on port 1883.
1779489700: New client connected from ::1:34148 as auto-FCA93EB8-4183-12EF-81FA-AE07F661C3FB (p2, c1, k60).
1779489700: Client auto-FCA93EB8-4183-12EF-81FA-AE07F661C3FB disconnected.
1779489730: New connection from ::1:37532 on port 1883.
1779489730: New client connected from ::1:37532 as auto-63680496-53DA-4255-8A21-49F36DF627E7 (p2, c1, k60).
1779489730: Client auto-63680496-53DA-4255-8A21-49F36DF627E7 disconnected.
1779489760: New connection from ::1:47684 on port 1883.
1779489760: New client connected from ::1:47684 as auto-66E7602B-2638-8FDA-FE5F-258C31226832 (p2, c1, k60).
1779489760: Client auto-66E7602B-2638-8FDA-FE5F-258C31226832 disconnected.
1779489790: New connection from ::1:54826 on port 1883.
1779489790: New client connected from ::1:54826 as auto-2246FB86-A5D1-3918-ECC8-EE86E485BCF7 (p2, c1, k60).
1779489790: Client auto-2246FB86-A5D1-3918-ECC8-EE86E485BCF7 disconnected.
1779489820: New connection from ::1:41026 on port 1883.
1779489820: New client connected from ::1:41026 as auto-93A73306-6FB9-31F7-1430-5B06FFCB9A48 (p2, c1, k60).
1779489820: Client auto-93A73306-6FB9-31F7-1430-5B06FFCB9A48 disconnected.
1779489850: New connection from ::1:57898 on port 1883.
1779489850: New client connected from ::1:57898 as auto-7F33B456-909C-92ED-B6A8-FBA23D824A5F (p2, c1, k60).
1779489850: Client auto-7F33B456-909C-92ED-B6A8-FBA23D824A5F disconnected.
1779489880: New connection from ::1:46026 on port 1883.
1779489880: New client connected from ::1:46026 as auto-CA996BC6-2E99-8B89-5CB5-7FCE0815A600 (p2, c1, k60).
1779489880: Client auto-CA996BC6-2E99-8B89-5CB5-7FCE0815A600 disconnected.
1779489910: New connection from ::1:41768 on port 1883.
1779489910: New client connected from ::1:41768 as auto-A731BE53-C281-8976-3ABD-002EB8E34732 (p2, c1, k60).
1779489910: Client auto-A731BE53-C281-8976-3ABD-002EB8E34732 disconnected.
1779489940: New connection from ::1:55216 on port 1883.
1779489940: New client connected from ::1:55216 as auto-72A58AC0-85B7-D2AB-333D-B5640990474E (p2, c1, k60).
1779489940: Client auto-72A58AC0-85B7-D2AB-333D-B5640990474E disconnected.
1779489970: New connection from ::1:44008 on port 1883.
1779489970: New client connected from ::1:44008 as auto-AE3D6E26-84FD-F06C-7214-5CDB6D68AA16 (p2, c1, k60).
1779489970: Client auto-AE3D6E26-84FD-F06C-7214-5CDB6D68AA16 disconnected.
1779490000: New connection from ::1:34518 on port 1883.
1779490000: New client connected from ::1:34518 as auto-758F5A93-4C7B-D417-D927-B6F5597BD704 (p2, c1, k60).
1779490000: Client auto-758F5A93-4C7B-D417-D927-B6F5597BD704 disconnected.
1779490030: New connection from ::1:44326 on port 1883.
1779490030: New client connected from ::1:44326 as auto-5B3888E6-8EAC-397E-1B01-1A21A7B0CF3A (p2, c1, k60).
1779490030: Client auto-5B3888E6-8EAC-397E-1B01-1A21A7B0CF3A disconnected.
1779490060: New connection from ::1:35780 on port 1883.
1779490060: New client connected from ::1:35780 as auto-CC540B1A-831C-1966-3DEE-DB1CF6B272C6 (p2, c1, k60).
1779490060: Client auto-CC540B1A-831C-1966-3DEE-DB1CF6B272C6 disconnected.
1779490090: New connection from ::1:56502 on port 1883.
1779490090: New client connected from ::1:56502 as auto-B61464E5-CCC3-E716-D640-7E92E3839656 (p2, c1, k60).
1779490090: Client auto-B61464E5-CCC3-E716-D640-7E92E3839656 disconnected.
1779490120: New connection from ::1:33474 on port 1883.
1779490120: New client connected from ::1:33474 as auto-224B56CB-193E-D84F-ED3D-8D86503D20E1 (p2, c1, k60).
1779490120: Client auto-224B56CB-193E-D84F-ED3D-8D86503D20E1 disconnected.
1779490151: New connection from ::1:46536 on port 1883.
1779490151: New client connected from ::1:46536 as auto-07A47EC5-96CF-BF6E-1D17-2C097F0BB5E3 (p2, c1, k60).
1779490151: Client auto-07A47EC5-96CF-BF6E-1D17-2C097F0BB5E3 disconnected.
1779490181: New connection from ::1:37106 on port 1883.
1779490181: New client connected from ::1:37106 as auto-A69417A8-E7CA-0F46-6ECD-60EDC371A65F (p2, c1, k60).
1779490181: Client auto-A69417A8-E7CA-0F46-6ECD-60EDC371A65F disconnected.
1779490211: New connection from ::1:37462 on port 1883.
1779490211: New client connected from ::1:37462 as auto-10E02AEF-B001-9B54-8FCF-6B401AC9ACF5 (p2, c1, k60).
1779490211: Client auto-10E02AEF-B001-9B54-8FCF-6B401AC9ACF5 disconnected.
1779490241: New connection from ::1:51940 on port 1883.
1779490241: New client connected from ::1:51940 as auto-EECBB570-D50D-1263-08AC-2BB68B5FA534 (p2, c1, k60).
1779490241: Client auto-EECBB570-D50D-1263-08AC-2BB68B5FA534 disconnected.
1779490271: New connection from ::1:41012 on port 1883.
1779490271: New client connected from ::1:41012 as auto-55F86AD3-989F-0DE6-D37F-ED3BAB7C3223 (p2, c1, k60).
1779490271: Client auto-55F86AD3-989F-0DE6-D37F-ED3BAB7C3223 disconnected.
1779490301: New connection from ::1:42824 on port 1883.
1779490301: New client connected from ::1:42824 as auto-8A06B16D-0E55-9028-A3CE-37DC3D9D8302 (p2, c1, k60).
1779490301: Client auto-8A06B16D-0E55-9028-A3CE-37DC3D9D8302 disconnected.
1779490331: New connection from ::1:34848 on port 1883.
1779490331: New client connected from ::1:34848 as auto-07C7EE51-952D-8BF3-0B4D-683163E36165 (p2, c1, k60).
1779490331: Client auto-07C7EE51-952D-8BF3-0B4D-683163E36165 disconnected.
1779490361: New connection from ::1:56558 on port 1883.
1779490361: New client connected from ::1:56558 as auto-43DCD194-C680-919A-4599-7579F0DD2621 (p2, c1, k60).
1779490361: Client auto-43DCD194-C680-919A-4599-7579F0DD2621 disconnected.
1779490391: New connection from ::1:53028 on port 1883.
1779490391: New client connected from ::1:53028 as auto-614BBD25-AEAB-1AC0-E6CF-7876DF1DA1B7 (p2, c1, k60).
1779490391: Client auto-614BBD25-AEAB-1AC0-E6CF-7876DF1DA1B7 disconnected.
1779490421: New connection from ::1:41680 on port 1883.
1779490421: New client connected from ::1:41680 as auto-5714B276-0273-32FA-5523-137300CA6D0D (p2, c1, k60).
1779490421: Client auto-5714B276-0273-32FA-5523-137300CA6D0D disconnected.
1779490451: New connection from ::1:49490 on port 1883.
1779490451: New client connected from ::1:49490 as auto-81CA3D5E-95DC-0951-CC00-57B7FD14A6D4 (p2, c1, k60).
1779490451: Client auto-81CA3D5E-95DC-0951-CC00-57B7FD14A6D4 disconnected.
1779490481: New connection from ::1:39606 on port 1883.
1779490481: New client connected from ::1:39606 as auto-42099F20-C686-7E5A-6C70-3721F69122A5 (p2, c1, k60).
1779490481: Client auto-42099F20-C686-7E5A-6C70-3721F69122A5 disconnected.
1779490511: New connection from ::1:56544 on port 1883.
1779490511: New client connected from ::1:56544 as auto-904A62C6-B8CD-5B42-EEA3-160337CCBEBE (p2, c1, k60).
1779490511: Client auto-904A62C6-B8CD-5B42-EEA3-160337CCBEBE disconnected.
1779490541: New connection from ::1:50672 on port 1883.
1779490541: New client connected from ::1:50672 as auto-C7B7D5C8-376D-DB3B-CD1F-4888438451B3 (p2, c1, k60).
1779490541: Client auto-C7B7D5C8-376D-DB3B-CD1F-4888438451B3 disconnected.
1779490571: New connection from ::1:50132 on port 1883.
1779490571: New client connected from ::1:50132 as auto-F527523C-575E-DF4F-0F96-FE29A7151199 (p2, c1, k60).
1779490571: Client auto-F527523C-575E-DF4F-0F96-FE29A7151199 disconnected.
1779490601: New connection from ::1:40862 on port 1883.
1779490601: New client connected from ::1:40862 as auto-36468BD9-03B3-16A9-C98B-AA4C2D0DDCBB (p2, c1, k60).
1779490601: Client auto-36468BD9-03B3-16A9-C98B-AA4C2D0DDCBB disconnected.
1779490611: Saving in-memory database to /mosquitto/data//mosquitto.db.
1779490631: New connection from ::1:45958 on port 1883.
1779490631: New client connected from ::1:45958 as auto-23BC4BD5-EFC4-6D3A-922E-534937CEB9D8 (p2, c1, k60).
1779490631: Client auto-23BC4BD5-EFC4-6D3A-922E-534937CEB9D8 disconnected.
1779490662: New connection from ::1:53372 on port 1883.
1779490662: New client connected from ::1:53372 as auto-D45CE9E2-9901-AF71-C2A7-AE7A8E5FBEAE (p2, c1, k60).
1779490662: Client auto-D45CE9E2-9901-AF71-C2A7-AE7A8E5FBEAE disconnected.
1779490692: New connection from ::1:39088 on port 1883.
1779490692: New client connected from ::1:39088 as auto-F606AACC-FC73-C2D9-616F-8B4615124751 (p2, c1, k60).
1779490692: Client auto-F606AACC-FC73-C2D9-616F-8B4615124751 disconnected.
1779490722: New connection from ::1:48378 on port 1883.
1779490722: New client connected from ::1:48378 as auto-708BAC77-E392-37CD-9DF2-B1DCC4F97E98 (p2, c1, k60).
1779490722: Client auto-708BAC77-E392-37CD-9DF2-B1DCC4F97E98 disconnected.
1779490752: New connection from ::1:49918 on port 1883.
1779490752: New client connected from ::1:49918 as auto-02A53316-C71C-EF5E-B469-116D4522C240 (p2, c1, k60).
1779490752: Client auto-02A53316-C71C-EF5E-B469-116D4522C240 disconnected.
1779491710: New connection from ::1:55794 on port 1883.
1779491710: New client connected from ::1:55794 as auto-C5DC37A1-DC2F-2623-EA3C-8EC323416903 (p2, c1, k60).
1779491710: Client auto-C5DC37A1-DC2F-2623-EA3C-8EC323416903 disconnected.
1779491740: New connection from ::1:58550 on port 1883.
1779491740: New client connected from ::1:58550 as auto-997876A1-E929-A0D3-1A39-28E720580B8C (p2, c1, k60).
1779491740: Client auto-997876A1-E929-A0D3-1A39-28E720580B8C disconnected.
1779492773: New connection from ::1:46166 on port 1883.
1779492773: New client connected from ::1:46166 as auto-9DD3CB97-7402-E4DD-1C46-C3DB7BF8DF86 (p2, c1, k60).
1779492773: Client auto-9DD3CB97-7402-E4DD-1C46-C3DB7BF8DF86 disconnected.
1779492803: New connection from ::1:36706 on port 1883.
1779492803: New client connected from ::1:36706 as auto-49222B98-1BDF-DAFA-FB48-21FECDDEA1ED (p2, c1, k60).
1779492803: Client auto-49222B98-1BDF-DAFA-FB48-21FECDDEA1ED disconnected.
1779493186: New connection from ::1:57400 on port 1883.
1779493186: New client connected from ::1:57400 as auto-E49ABD22-515D-3D04-AA40-5DC7DDE59FDE (p2, c1, k60).
1779493186: Client auto-E49ABD22-515D-3D04-AA40-5DC7DDE59FDE disconnected.
1779493216: New connection from ::1:47220 on port 1883.
1779493216: New client connected from ::1:47220 as auto-FA06366A-9AD9-C02C-9614-945406F038B5 (p2, c1, k60).
1779493216: Client auto-FA06366A-9AD9-C02C-9614-945406F038B5 disconnected.
1779494174: New connection from ::1:41426 on port 1883.
1779494174: New client connected from ::1:41426 as auto-9731CAD5-6A6E-F22E-B87F-1608B5774864 (p2, c1, k60).
1779494174: Client auto-9731CAD5-6A6E-F22E-B87F-1608B5774864 disconnected.
1779494204: New connection from ::1:46180 on port 1883.
1779494204: New client connected from ::1:46180 as auto-5413926D-AC74-9A27-8657-824EDF1AF321 (p2, c1, k60).
1779494204: Client auto-5413926D-AC74-9A27-8657-824EDF1AF321 disconnected.
1779494259: New connection from ::1:41950 on port 1883.
1779494259: New client connected from ::1:41950 as auto-EFFF69E4-A1B4-A34E-944F-1DAA5F519691 (p2, c1, k60).
1779494259: Client auto-EFFF69E4-A1B4-A34E-944F-1DAA5F519691 disconnected.
1779495304: New connection from ::1:37072 on port 1883.
1779495304: New client connected from ::1:37072 as auto-AA3A4E2A-514C-D47C-11D5-FED950366B43 (p2, c1, k60).
1779495304: Client auto-AA3A4E2A-514C-D47C-11D5-FED950366B43 disconnected.
1779495334: New connection from ::1:42196 on port 1883.
1779495334: New client connected from ::1:42196 as auto-C73422CF-079B-0BEB-4DE0-8FD84098D96B (p2, c1, k60).
1779495334: Client auto-C73422CF-079B-0BEB-4DE0-8FD84098D96B disconnected.
1779495364: New connection from ::1:55128 on port 1883.
1779495364: New client connected from ::1:55128 as auto-73890B7D-E4DF-D447-DD09-53C5DCBCD613 (p2, c1, k60).
1779495364: Client auto-73890B7D-E4DF-D447-DD09-53C5DCBCD613 disconnected.
1779495394: New connection from ::1:46034 on port 1883.
1779495394: New client connected from ::1:46034 as auto-FF635DB1-5B11-44F2-9C40-D445DCCBD848 (p2, c1, k60).
1779495394: Client auto-FF635DB1-5B11-44F2-9C40-D445DCCBD848 disconnected.
1779495424: New connection from ::1:36050 on port 1883.
1779495424: New client connected from ::1:36050 as auto-D4EC31A5-B18D-D82B-F63A-E32497032F4F (p2, c1, k60).
1779495424: Client auto-D4EC31A5-B18D-D82B-F63A-E32497032F4F disconnected.
1779495454: New connection from ::1:43114 on port 1883.
1779495454: New client connected from ::1:43114 as auto-D9DD04EE-C8DF-81CD-0562-12A252D6C43B (p2, c1, k60).
1779495454: Client auto-D9DD04EE-C8DF-81CD-0562-12A252D6C43B disconnected.
1779495484: New connection from ::1:35654 on port 1883.
1779495484: New client connected from ::1:35654 as auto-6D712DFD-394D-F493-7DB4-C56B35028E0D (p2, c1, k60).
1779495484: Client auto-6D712DFD-394D-F493-7DB4-C56B35028E0D disconnected.
1779495514: New connection from ::1:40756 on port 1883.
1779495514: New client connected from ::1:40756 as auto-D400932F-7622-F431-9748-CB5BCF49E4EB (p2, c1, k60).
1779495514: Client auto-D400932F-7622-F431-9748-CB5BCF49E4EB disconnected.
1779495544: New connection from ::1:55168 on port 1883.
1779495544: New client connected from ::1:55168 as auto-F3A23B64-3794-9DB0-1BF3-7363408DF171 (p2, c1, k60).
1779495544: Client auto-F3A23B64-3794-9DB0-1BF3-7363408DF171 disconnected.
1779495574: New connection from ::1:54928 on port 1883.
1779495574: New client connected from ::1:54928 as auto-157213E6-BA48-F782-A30B-72077A5D6A85 (p2, c1, k60).
1779495574: Client auto-157213E6-BA48-F782-A30B-72077A5D6A85 disconnected.
1779495629: New connection from ::1:59934 on port 1883.
1779495629: New client connected from ::1:59934 as auto-F7249531-B03C-264F-41D4-2690D6F37514 (p2, c1, k60).
1779495629: Client auto-F7249531-B03C-264F-41D4-2690D6F37514 disconnected.
1779496614: New connection from ::1:49952 on port 1883.
1779496614: New client connected from ::1:49952 as auto-3E1EE95E-CD4B-1C17-660F-95F4E9DD7FA4 (p2, c1, k60).
1779496614: Client auto-3E1EE95E-CD4B-1C17-660F-95F4E9DD7FA4 disconnected.
1779496644: New connection from ::1:45488 on port 1883.
1779496644: New client connected from ::1:45488 as auto-DAD02D8C-3AD8-C046-FD86-57C6CE501C9A (p2, c1, k60).
1779496644: Client auto-DAD02D8C-3AD8-C046-FD86-57C6CE501C9A disconnected.
1779496674: New connection from ::1:52036 on port 1883.
1779496674: New client connected from ::1:52036 as auto-17D66FB2-EAB6-C7E4-8F8E-8C475C296390 (p2, c1, k60).
1779496674: Client auto-17D66FB2-EAB6-C7E4-8F8E-8C475C296390 disconnected.
1779496704: New connection from ::1:58904 on port 1883.
1779496704: New client connected from ::1:58904 as auto-21F0555D-348A-F13A-47F6-75AF4EC7E5C8 (p2, c1, k60).
1779496704: Client auto-21F0555D-348A-F13A-47F6-75AF4EC7E5C8 disconnected.
1779496734: New connection from ::1:59194 on port 1883.
1779496734: New client connected from ::1:59194 as auto-8BAD616F-CE93-03D4-D820-D2A3EBE0A434 (p2, c1, k60).
1779496734: Client auto-8BAD616F-CE93-03D4-D820-D2A3EBE0A434 disconnected.
1779496764: New connection from ::1:56008 on port 1883.
1779496764: New client connected from ::1:56008 as auto-13A1ADD6-D8F2-4A35-722A-8BDAF1EBC56F (p2, c1, k60).
1779496764: Client auto-13A1ADD6-D8F2-4A35-722A-8BDAF1EBC56F disconnected.
1779496795: New connection from ::1:53004 on port 1883.
1779496795: New client connected from ::1:53004 as auto-58B49928-4C0B-F902-D5EA-8B2736769B8D (p2, c1, k60).
1779496795: Client auto-58B49928-4C0B-F902-D5EA-8B2736769B8D disconnected.
1779496825: New connection from ::1:40764 on port 1883.
1779496825: New client connected from ::1:40764 as auto-D488A4B8-4E7C-65E6-DB4F-ED0AA070F8EE (p2, c1, k60).
1779496825: Client auto-D488A4B8-4E7C-65E6-DB4F-ED0AA070F8EE disconnected.
1779496855: New connection from ::1:49170 on port 1883.
1779496855: New client connected from ::1:49170 as auto-4AB0D053-F17D-FF59-9039-2123AF052696 (p2, c1, k60).
1779496855: Client auto-4AB0D053-F17D-FF59-9039-2123AF052696 disconnected.
1779496885: New connection from ::1:44264 on port 1883.
1779496885: New client connected from ::1:44264 as auto-333948A1-ACCE-5697-1EEF-6561D398D19D (p2, c1, k60).
1779496885: Client auto-333948A1-ACCE-5697-1EEF-6561D398D19D disconnected.
1779496915: New connection from ::1:42964 on port 1883.
1779496915: New client connected from ::1:42964 as auto-487F972D-96CF-C97F-5A01-B29F414539D8 (p2, c1, k60).
1779496915: Client auto-487F972D-96CF-C97F-5A01-B29F414539D8 disconnected.
1779496945: New connection from ::1:44112 on port 1883.
1779496945: New client connected from ::1:44112 as auto-875BAD2B-0CED-BF89-7753-CF27EDFDD2C1 (p2, c1, k60).
1779496945: Client auto-875BAD2B-0CED-BF89-7753-CF27EDFDD2C1 disconnected.
1779496975: New connection from ::1:58200 on port 1883.
1779496975: New client connected from ::1:58200 as auto-23C90FB4-A384-C52A-B6BA-AC14F8B6309D (p2, c1, k60).
1779496975: Client auto-23C90FB4-A384-C52A-B6BA-AC14F8B6309D disconnected.
1779497005: New connection from ::1:49430 on port 1883.
1779497005: New client connected from ::1:49430 as auto-478D8950-47C2-0505-EA9C-42BCAEBE58A4 (p2, c1, k60).
1779497005: Client auto-478D8950-47C2-0505-EA9C-42BCAEBE58A4 disconnected.
1779497035: New connection from ::1:36352 on port 1883.
1779497035: New client connected from ::1:36352 as auto-0C16D961-AFD8-73E7-AFA0-EC1D3DF34D00 (p2, c1, k60).
1779497035: Client auto-0C16D961-AFD8-73E7-AFA0-EC1D3DF34D00 disconnected.
1779497065: New connection from ::1:58066 on port 1883.
1779497065: New client connected from ::1:58066 as auto-8CF0C48E-24C2-067B-9E96-C12DFED3DB9E (p2, c1, k60).
1779497065: Client auto-8CF0C48E-24C2-067B-9E96-C12DFED3DB9E disconnected.
1779497095: New connection from ::1:41664 on port 1883.
1779497095: New client connected from ::1:41664 as auto-318E99F9-5A7D-9626-5F7C-7EB2B2250F37 (p2, c1, k60).
1779497095: Client auto-318E99F9-5A7D-9626-5F7C-7EB2B2250F37 disconnected.
1779497125: New connection from ::1:42550 on port 1883.
1779497125: New client connected from ::1:42550 as auto-BCAAAD2E-6F7D-127D-9BB1-6CC18C0019BC (p2, c1, k60).
1779497125: Client auto-BCAAAD2E-6F7D-127D-9BB1-6CC18C0019BC disconnected.
1779497155: New connection from ::1:47840 on port 1883.
1779497155: New client connected from ::1:47840 as auto-AEBF69A0-65D4-F1AE-07D1-E8535900E7E7 (p2, c1, k60).
1779497155: Client auto-AEBF69A0-65D4-F1AE-07D1-E8535900E7E7 disconnected.
1779497185: New connection from ::1:43900 on port 1883.
1779497185: New client connected from ::1:43900 as auto-6832AC5F-426D-FF5A-0625-C91ADCBB53BE (p2, c1, k60).
1779497185: Client auto-6832AC5F-426D-FF5A-0625-C91ADCBB53BE disconnected.
1779497215: New connection from ::1:44698 on port 1883.
1779497215: New client connected from ::1:44698 as auto-A6C9E87E-8B6F-D443-1C65-72B4B9C05CEF (p2, c1, k60).
1779497215: Client auto-A6C9E87E-8B6F-D443-1C65-72B4B9C05CEF disconnected.
1779497245: New connection from ::1:34470 on port 1883.
1779497245: New client connected from ::1:34470 as auto-3179B781-4B16-36EB-2656-7D37466823D3 (p2, c1, k60).
1779497245: Client auto-3179B781-4B16-36EB-2656-7D37466823D3 disconnected.
1779497275: New connection from ::1:40132 on port 1883.
1779497275: New client connected from ::1:40132 as auto-8EC966FE-F0FF-DA04-377D-9117021BC28B (p2, c1, k60).
1779497275: Client auto-8EC966FE-F0FF-DA04-377D-9117021BC28B disconnected.
1779497306: New connection from ::1:45810 on port 1883.
1779497306: New client connected from ::1:45810 as auto-4C14C65E-AD52-5608-B28B-1F424D61175F (p2, c1, k60).
1779497306: Client auto-4C14C65E-AD52-5608-B28B-1F424D61175F disconnected.
1779497336: New connection from ::1:40032 on port 1883.
1779497336: New client connected from ::1:40032 as auto-8BC4CD1B-ED32-E1DF-04A2-AB647796F8A5 (p2, c1, k60).
1779497336: Client auto-8BC4CD1B-ED32-E1DF-04A2-AB647796F8A5 disconnected.
1779497366: New connection from ::1:42598 on port 1883.
1779497366: New client connected from ::1:42598 as auto-AC85EBEC-0DAC-63C7-A42B-28BABFF5770B (p2, c1, k60).
1779497366: Client auto-AC85EBEC-0DAC-63C7-A42B-28BABFF5770B disconnected.
1779497396: New connection from ::1:45678 on port 1883.
1779497396: New client connected from ::1:45678 as auto-103DBC93-86F6-93D6-176D-6B9926A007DB (p2, c1, k60).
1779497396: Client auto-103DBC93-86F6-93D6-176D-6B9926A007DB disconnected.
1779497426: New connection from ::1:48798 on port 1883.
1779497426: New client connected from ::1:48798 as auto-8EE95D75-0B65-F63D-9EF2-14843ED10D39 (p2, c1, k60).
1779497426: Client auto-8EE95D75-0B65-F63D-9EF2-14843ED10D39 disconnected.
1779497456: New connection from ::1:44310 on port 1883.
1779497456: New client connected from ::1:44310 as auto-F3865A87-83E5-DC1B-0AB0-E2D213A4171A (p2, c1, k60).
1779497456: Client auto-F3865A87-83E5-DC1B-0AB0-E2D213A4171A disconnected.
1779497486: New connection from ::1:35974 on port 1883.
1779497486: New client connected from ::1:35974 as auto-A2E2535B-2DC6-C6AD-8FF8-869275F7A780 (p2, c1, k60).
1779497486: Client auto-A2E2535B-2DC6-C6AD-8FF8-869275F7A780 disconnected.
1779497516: New connection from ::1:54820 on port 1883.
1779497516: New client connected from ::1:54820 as auto-4C436A14-7536-A65D-D3E2-567705743E56 (p2, c1, k60).
1779497516: Client auto-4C436A14-7536-A65D-D3E2-567705743E56 disconnected.
1779497546: New connection from ::1:36948 on port 1883.
1779497546: New client connected from ::1:36948 as auto-B33E2BE2-391F-33CE-E22A-FCB68ACAADCB (p2, c1, k60).
1779497546: Client auto-B33E2BE2-391F-33CE-E22A-FCB68ACAADCB disconnected.
1779497576: New connection from ::1:60644 on port 1883.
1779497576: New client connected from ::1:60644 as auto-4A998C02-A010-C033-EB26-AF82F6FE923C (p2, c1, k60).
1779497576: Client auto-4A998C02-A010-C033-EB26-AF82F6FE923C disconnected.
1779497606: New connection from ::1:33424 on port 1883.
1779497606: New client connected from ::1:33424 as auto-8587B45F-4B26-239F-6E4A-F00A697686A6 (p2, c1, k60).
1779497606: Client auto-8587B45F-4B26-239F-6E4A-F00A697686A6 disconnected.
1779497636: New connection from ::1:58390 on port 1883.
1779497636: New client connected from ::1:58390 as auto-C9909AD9-64F9-5C25-2496-22DA8FB7B28B (p2, c1, k60).
1779497636: Client auto-C9909AD9-64F9-5C25-2496-22DA8FB7B28B disconnected.
1779497643: Saving in-memory database to /mosquitto/data//mosquitto.db.
1779497666: New connection from ::1:45662 on port 1883.
1779497666: New client connected from ::1:45662 as auto-F31A5230-CB8F-104A-4599-9564031EFBBB (p2, c1, k60).
1779497666: Client auto-F31A5230-CB8F-104A-4599-9564031EFBBB disconnected.
1779497696: New connection from ::1:59158 on port 1883.
1779497696: New client connected from ::1:59158 as auto-FE824315-FC55-B6B4-9E50-A4E5588E0772 (p2, c1, k60).
1779497696: Client auto-FE824315-FC55-B6B4-9E50-A4E5588E0772 disconnected.
1779497726: New connection from ::1:37760 on port 1883.
1779497726: New client connected from ::1:37760 as auto-9D4BD2CD-48D7-71BA-9787-6895772248F9 (p2, c1, k60).
1779497726: Client auto-9D4BD2CD-48D7-71BA-9787-6895772248F9 disconnected.
1779497756: New connection from ::1:37984 on port 1883.
1779497756: New client connected from ::1:37984 as auto-420EDD64-5ACF-793D-FBC1-37CE903E606E (p2, c1, k60).
1779497756: Client auto-420EDD64-5ACF-793D-FBC1-37CE903E606E disconnected.
1779497786: New connection from ::1:44118 on port 1883.
1779497786: New client connected from ::1:44118 as auto-28394A78-C760-BB6F-7F96-B62DC8AD6484 (p2, c1, k60).
1779497786: Client auto-28394A78-C760-BB6F-7F96-B62DC8AD6484 disconnected.
1779497816: New connection from ::1:42314 on port 1883.
1779497816: New client connected from ::1:42314 as auto-E11C8C0F-2EDC-D1B8-630A-F9C9E834C40E (p2, c1, k60).
1779497816: Client auto-E11C8C0F-2EDC-D1B8-630A-F9C9E834C40E disconnected.
1779497847: New connection from ::1:50836 on port 1883.
1779497847: New client connected from ::1:50836 as auto-17CCAC4E-3CED-B7A3-45CA-F57A0292FACC (p2, c1, k60).
1779497847: Client auto-17CCAC4E-3CED-B7A3-45CA-F57A0292FACC disconnected.
1779497877: New connection from ::1:51140 on port 1883.
1779497877: New client connected from ::1:51140 as auto-22F0B15B-6C14-A632-0B9C-64229C9609BA (p2, c1, k60).
1779497877: Client auto-22F0B15B-6C14-A632-0B9C-64229C9609BA disconnected.
1779497907: New connection from ::1:46476 on port 1883.
1779497907: New client connected from ::1:46476 as auto-B1A97AF4-5F35-FBCD-078C-DC295A0D680B (p2, c1, k60).
1779497907: Client auto-B1A97AF4-5F35-FBCD-078C-DC295A0D680B disconnected.
1779497937: New connection from ::1:36038 on port 1883.
1779497937: New client connected from ::1:36038 as auto-855E5795-B0EA-8882-41AF-72A985C98950 (p2, c1, k60).
1779497937: Client auto-855E5795-B0EA-8882-41AF-72A985C98950 disconnected.
1779497967: New connection from ::1:39720 on port 1883.
1779497967: New client connected from ::1:39720 as auto-30E751F7-DBF8-0C78-0602-A861FBDBCA66 (p2, c1, k60).
1779497967: Client auto-30E751F7-DBF8-0C78-0602-A861FBDBCA66 disconnected.
1779497997: New connection from ::1:60976 on port 1883.
1779497997: New client connected from ::1:60976 as auto-002FC663-93D7-44D3-4A0E-6495A58DADF0 (p2, c1, k60).
1779497997: Client auto-002FC663-93D7-44D3-4A0E-6495A58DADF0 disconnected.
1779498027: New connection from ::1:34138 on port 1883.
1779498027: New client connected from ::1:34138 as auto-FF7ED207-C082-1706-BAEC-556CD7983B5A (p2, c1, k60).
1779498027: Client auto-FF7ED207-C082-1706-BAEC-556CD7983B5A disconnected.
1779498057: New connection from ::1:46044 on port 1883.
1779498057: New client connected from ::1:46044 as auto-248E4474-5B31-0C8E-5425-8DBCEF743635 (p2, c1, k60).
1779498057: Client auto-248E4474-5B31-0C8E-5425-8DBCEF743635 disconnected.
1779498087: New connection from ::1:35362 on port 1883.
1779498087: New client connected from ::1:35362 as auto-CF9DCDAF-7D6C-83C0-AA35-B4F93F46FD8F (p2, c1, k60).
1779498087: Client auto-CF9DCDAF-7D6C-83C0-AA35-B4F93F46FD8F disconnected.
1779498117: New connection from ::1:44116 on port 1883.
1779498117: New client connected from ::1:44116 as auto-37FC30AD-1F8C-66E6-DB36-CB153E086FC5 (p2, c1, k60).
1779498117: Client auto-37FC30AD-1F8C-66E6-DB36-CB153E086FC5 disconnected.
1779498147: New connection from ::1:48954 on port 1883.
1779498147: New client connected from ::1:48954 as auto-99AF390D-A5D2-75EE-A1F6-C450EAD8A1E3 (p2, c1, k60).
1779498147: Client auto-99AF390D-A5D2-75EE-A1F6-C450EAD8A1E3 disconnected.
1779498177: New connection from ::1:56882 on port 1883.
1779498177: New client connected from ::1:56882 as auto-EC54BC72-060F-2573-7E0F-4B00C708DDE7 (p2, c1, k60).
1779498177: Client auto-EC54BC72-060F-2573-7E0F-4B00C708DDE7 disconnected.
1779498207: New connection from ::1:50644 on port 1883.
1779498207: New client connected from ::1:50644 as auto-92526D5F-2C9E-C508-E871-E9378A019F92 (p2, c1, k60).
1779498207: Client auto-92526D5F-2C9E-C508-E871-E9378A019F92 disconnected.
1779498237: New connection from ::1:49750 on port 1883.
1779498237: New client connected from ::1:49750 as auto-9E0970F9-0B3C-E575-C1F1-D7AA8D42B28A (p2, c1, k60).
1779498237: Client auto-9E0970F9-0B3C-E575-C1F1-D7AA8D42B28A disconnected.
1779498267: New connection from ::1:48592 on port 1883.
1779498267: New client connected from ::1:48592 as auto-AE89B719-23CE-6388-6112-2294ABDD1A26 (p2, c1, k60).
1779498267: Client auto-AE89B719-23CE-6388-6112-2294ABDD1A26 disconnected.
1779498297: New connection from ::1:43026 on port 1883.
1779498297: New client connected from ::1:43026 as auto-D990939E-9BF5-6EF3-48EC-CC6B72955D9B (p2, c1, k60).
1779498297: Client auto-D990939E-9BF5-6EF3-48EC-CC6B72955D9B disconnected.
1779498327: New connection from ::1:46512 on port 1883.
1779498327: New client connected from ::1:46512 as auto-EAACD821-30FF-1FED-0575-F1C06CBA6EB9 (p2, c1, k60).
1779498327: Client auto-EAACD821-30FF-1FED-0575-F1C06CBA6EB9 disconnected.
1779498357: New connection from ::1:38096 on port 1883.
1779498357: New client connected from ::1:38096 as auto-B5115D24-FF9F-0A0E-D341-BB968C3688ED (p2, c1, k60).
1779498357: Client auto-B5115D24-FF9F-0A0E-D341-BB968C3688ED disconnected.
1779498388: New connection from ::1:55124 on port 1883.
1779498388: New client connected from ::1:55124 as auto-03D7BF9F-6A84-B9A6-0201-80985D6DA7A1 (p2, c1, k60).
1779498388: Client auto-03D7BF9F-6A84-B9A6-0201-80985D6DA7A1 disconnected.
1779498418: New connection from ::1:47444 on port 1883.
1779498418: New client connected from ::1:47444 as auto-CDC5D574-E1EA-A4F1-0A6F-2BD35F72F37C (p2, c1, k60).
1779498418: Client auto-CDC5D574-E1EA-A4F1-0A6F-2BD35F72F37C disconnected.
1779498448: New connection from ::1:46028 on port 1883.
1779498448: New client connected from ::1:46028 as auto-C58A421D-6B97-12A2-1BDC-3B9F4FD190CD (p2, c1, k60).
1779498448: Client auto-C58A421D-6B97-12A2-1BDC-3B9F4FD190CD disconnected.
1779498478: New connection from ::1:35532 on port 1883.
1779498478: New client connected from ::1:35532 as auto-33F14379-0AE7-F965-1528-D7EA18CA8877 (p2, c1, k60).
1779498478: Client auto-33F14379-0AE7-F965-1528-D7EA18CA8877 disconnected.
1779498508: New connection from ::1:58186 on port 1883.
1779498508: New client connected from ::1:58186 as auto-0DD50BCD-C45C-27EA-E9BF-B5409B1D5511 (p2, c1, k60).
1779498508: Client auto-0DD50BCD-C45C-27EA-E9BF-B5409B1D5511 disconnected.
1779498538: New connection from ::1:52958 on port 1883.
1779498538: New client connected from ::1:52958 as auto-33C835EC-B070-BC5A-628F-FEAE20A55F90 (p2, c1, k60).
1779498538: Client auto-33C835EC-B070-BC5A-628F-FEAE20A55F90 disconnected.
1779498568: New connection from ::1:47960 on port 1883.
1779498568: New client connected from ::1:47960 as auto-B32E935C-B3FB-C428-56DE-49B40D80A2F7 (p2, c1, k60).
1779498568: Client auto-B32E935C-B3FB-C428-56DE-49B40D80A2F7 disconnected.
1779498598: New connection from ::1:40404 on port 1883.
1779498598: New client connected from ::1:40404 as auto-CF3F3B56-6F8F-AF40-69E8-8DEF912B98F6 (p2, c1, k60).
1779498598: Client auto-CF3F3B56-6F8F-AF40-69E8-8DEF912B98F6 disconnected.
1779498628: New connection from ::1:47714 on port 1883.
1779498628: New client connected from ::1:47714 as auto-A412D7BF-4241-A182-08E8-E109427C5B13 (p2, c1, k60).
1779498628: Client auto-A412D7BF-4241-A182-08E8-E109427C5B13 disconnected.
1779498658: New connection from ::1:42966 on port 1883.
1779498658: New client connected from ::1:42966 as auto-B0F6E39E-4396-6C0E-1AA2-ECF415DAFB90 (p2, c1, k60).
1779498658: Client auto-B0F6E39E-4396-6C0E-1AA2-ECF415DAFB90 disconnected.
1779498688: New connection from ::1:41656 on port 1883.
1779498688: New client connected from ::1:41656 as auto-45171932-8291-6B10-9577-1DDD1165FEB5 (p2, c1, k60).
1779498688: Client auto-45171932-8291-6B10-9577-1DDD1165FEB5 disconnected.
1779498718: New connection from ::1:46186 on port 1883.
1779498718: New client connected from ::1:46186 as auto-6DC8E26C-CC2B-0423-8AD9-BC045162737E (p2, c1, k60).
1779498718: Client auto-6DC8E26C-CC2B-0423-8AD9-BC045162737E disconnected.
1779498748: New connection from ::1:34104 on port 1883.
1779498748: New client connected from ::1:34104 as auto-4AC34924-E18C-F3FA-ED0F-2D41DF7534E6 (p2, c1, k60).
1779498748: Client auto-4AC34924-E18C-F3FA-ED0F-2D41DF7534E6 disconnected.
1779498778: New connection from ::1:33532 on port 1883.
1779498778: New client connected from ::1:33532 as auto-A6AEC6D6-5150-7EAC-45F6-A6E31FA20EF6 (p2, c1, k60).
1779498778: Client auto-A6AEC6D6-5150-7EAC-45F6-A6E31FA20EF6 disconnected.
1779498808: New connection from ::1:39064 on port 1883.
1779498808: New client connected from ::1:39064 as auto-7FD476D7-EA63-2EF6-5A03-C1CD69337303 (p2, c1, k60).
1779498808: Client auto-7FD476D7-EA63-2EF6-5A03-C1CD69337303 disconnected.
1779499832: New connection from ::1:54568 on port 1883.
1779499832: New client connected from ::1:54568 as auto-7B22D95F-C26A-3D4E-FC51-E4E89E6ACE5E (p2, c1, k60).
1779499832: Client auto-7B22D95F-C26A-3D4E-FC51-E4E89E6ACE5E disconnected.
1779499862: New connection from ::1:55052 on port 1883.
1779499862: New client connected from ::1:55052 as auto-9E126D61-5952-D627-7447-9F6856C32BD5 (p2, c1, k60).
1779499862: Client auto-9E126D61-5952-D627-7447-9F6856C32BD5 disconnected.
1779499892: New connection from ::1:56082 on port 1883.
1779499892: New client connected from ::1:56082 as auto-5F28E4CD-EBD7-7F80-5A22-A339832E3527 (p2, c1, k60).
1779499892: Client auto-5F28E4CD-EBD7-7F80-5A22-A339832E3527 disconnected.
1779499922: New connection from ::1:35618 on port 1883.
1779499922: New client connected from ::1:35618 as auto-A27CD754-3F04-E6EB-661B-2EE66E5AA4DD (p2, c1, k60).
1779499922: Client auto-A27CD754-3F04-E6EB-661B-2EE66E5AA4DD disconnected.
1779500207: New connection from ::1:45228 on port 1883.
1779500207: New client connected from ::1:45228 as auto-77F22F50-0CCC-C590-49AC-6F2EFFD34BCD (p2, c1, k60).
1779500207: Client auto-77F22F50-0CCC-C590-49AC-6F2EFFD34BCD disconnected.
1779500343: New connection from ::1:46328 on port 1883.
1779500343: New client connected from ::1:46328 as auto-47B197A8-AEE4-FAD1-B201-1759D6DF94D1 (p2, c1, k60).
1779500343: Client auto-47B197A8-AEE4-FAD1-B201-1759D6DF94D1 disconnected.
1779500374: New connection from ::1:38310 on port 1883.
1779500374: New client connected from ::1:38310 as auto-8B598AC4-B157-418A-43F2-815A9CB35B5E (p2, c1, k60).
1779500374: Client auto-8B598AC4-B157-418A-43F2-815A9CB35B5E disconnected.
1779501075: New connection from ::1:55592 on port 1883.
1779501075: New client connected from ::1:55592 as auto-E281FE78-91B6-66F7-8735-F604BE78B816 (p2, c1, k60).
1779501075: Client auto-E281FE78-91B6-66F7-8735-F604BE78B816 disconnected.
1779501105: New connection from ::1:43870 on port 1883.
1779501105: New client connected from ::1:43870 as auto-41E482E4-FE1E-B835-2550-59F6B47B19AA (p2, c1, k60).
1779501105: Client auto-41E482E4-FE1E-B835-2550-59F6B47B19AA disconnected.
1779502154: New connection from ::1:59684 on port 1883.
1779502154: New client connected from ::1:59684 as auto-6E4DC508-AF09-0D1C-3985-DC626157B553 (p2, c1, k60).
1779502154: Client auto-6E4DC508-AF09-0D1C-3985-DC626157B553 disconnected.
1779503106: New connection from ::1:60960 on port 1883.
1779503106: New client connected from ::1:60960 as auto-73DC6F37-2E50-C70D-51DE-FE78073CEB0F (p2, c1, k60).
1779503106: Client auto-73DC6F37-2E50-C70D-51DE-FE78073CEB0F disconnected.
1779503136: New connection from ::1:52448 on port 1883.
1779503136: New client connected from ::1:52448 as auto-4E718874-8D2A-498A-AF8F-97FC95880589 (p2, c1, k60).
1779503136: Client auto-4E718874-8D2A-498A-AF8F-97FC95880589 disconnected.
1779504089: New connection from ::1:32978 on port 1883.
1779504089: New client connected from ::1:32978 as auto-9F96CCD2-5698-A51B-CDE2-727195EB3BEA (p2, c1, k60).
1779504089: Client auto-9F96CCD2-5698-A51B-CDE2-727195EB3BEA disconnected.
1779504119: New connection from ::1:56774 on port 1883.
1779504119: New client connected from ::1:56774 as auto-01742226-6812-9925-A8BD-3298021E65C7 (p2, c1, k60).
1779504119: Client auto-01742226-6812-9925-A8BD-3298021E65C7 disconnected.
1779505184: New connection from ::1:53312 on port 1883.
1779505184: New client connected from ::1:53312 as auto-37121347-0101-E908-EB46-CD26F4076306 (p2, c1, k60).
1779505184: Client auto-37121347-0101-E908-EB46-CD26F4076306 disconnected.
1779506120: New connection from ::1:37778 on port 1883.
1779506120: New client connected from ::1:37778 as auto-8037BB6C-C33A-F628-255E-AC462635001A (p2, c1, k60).
1779506120: Client auto-8037BB6C-C33A-F628-255E-AC462635001A disconnected.
1779506150: New connection from ::1:37256 on port 1883.
1779506150: New client connected from ::1:37256 as auto-FF6AE927-C3BF-E2AD-50F5-0ED430D2B2C4 (p2, c1, k60).
1779506150: Client auto-FF6AE927-C3BF-E2AD-50F5-0ED430D2B2C4 disconnected.
1779506180: New connection from ::1:60746 on port 1883.
1779506180: New client connected from ::1:60746 as auto-FAC391DC-20DB-2F43-E4E0-4BE0DE193CBE (p2, c1, k60).
1779506180: Client auto-FAC391DC-20DB-2F43-E4E0-4BE0DE193CBE disconnected.
1779506210: New connection from ::1:48074 on port 1883.
1779506210: New client connected from ::1:48074 as auto-6D8F7613-2A99-B694-7A80-7C35C2C15652 (p2, c1, k60).
1779506210: Client auto-6D8F7613-2A99-B694-7A80-7C35C2C15652 disconnected.
1779506240: New connection from ::1:33576 on port 1883.
1779506240: New client connected from ::1:33576 as auto-46996D05-6333-4157-956F-E8D3ADD528BC (p2, c1, k60).
1779506240: Client auto-46996D05-6333-4157-956F-E8D3ADD528BC disconnected.
1779506270: New connection from ::1:57948 on port 1883.
1779506270: New client connected from ::1:57948 as auto-FDC646C6-B194-6ADA-BF63-C434CD8A5CC2 (p2, c1, k60).
1779506270: Client auto-FDC646C6-B194-6ADA-BF63-C434CD8A5CC2 disconnected.
1779506275: Saving in-memory database to /mosquitto/data//mosquitto.db.
1779506300: New connection from ::1:53776 on port 1883.
1779506300: New client connected from ::1:53776 as auto-9411DCE4-445B-A135-E46E-0E56ACB2BAF6 (p2, c1, k60).
1779506300: Client auto-9411DCE4-445B-A135-E46E-0E56ACB2BAF6 disconnected.
1779506330: New connection from ::1:52944 on port 1883.
1779506330: New client connected from ::1:52944 as auto-FCC85F40-4A18-9BEB-EAD1-A9797338181B (p2, c1, k60).
1779506330: Client auto-FCC85F40-4A18-9BEB-EAD1-A9797338181B disconnected.
1779506361: New connection from ::1:55682 on port 1883.
1779506361: New client connected from ::1:55682 as auto-839602AE-50A4-33D3-4561-A0AFAE0309B4 (p2, c1, k60).
1779506361: Client auto-839602AE-50A4-33D3-4561-A0AFAE0309B4 disconnected.
1779506415: New connection from ::1:43838 on port 1883.
1779506415: New client connected from ::1:43838 as auto-7E49D04B-CB9B-2D14-A7AD-6A7E003F1D70 (p2, c1, k60).
1779506415: Client auto-7E49D04B-CB9B-2D14-A7AD-6A7E003F1D70 disconnected.
1779507413: New connection from ::1:55776 on port 1883.
1779507413: New client connected from ::1:55776 as auto-97AFE2AB-16D9-238C-08BE-150A2CA8D0E1 (p2, c1, k60).
1779507413: Client auto-97AFE2AB-16D9-238C-08BE-150A2CA8D0E1 disconnected.
1779507443: New connection from ::1:54038 on port 1883.
1779507443: New client connected from ::1:54038 as auto-2CEBB892-1503-FF0B-3117-F9C3D0ACDC8C (p2, c1, k60).
1779507443: Client auto-2CEBB892-1503-FF0B-3117-F9C3D0ACDC8C disconnected.
1779507473: New connection from ::1:36020 on port 1883.
1779507473: New client connected from ::1:36020 as auto-53D78D93-6F23-5691-44D4-4D42320BB605 (p2, c1, k60).
1779507473: Client auto-53D78D93-6F23-5691-44D4-4D42320BB605 disconnected.
1779507503: New connection from ::1:52172 on port 1883.
1779507503: New client connected from ::1:52172 as auto-3CB88D4F-81F9-DC0A-261F-4FEFEF09516C (p2, c1, k60).
1779507503: Client auto-3CB88D4F-81F9-DC0A-261F-4FEFEF09516C disconnected.
1779507534: New connection from ::1:46202 on port 1883.
1779507534: New client connected from ::1:46202 as auto-41D62F58-582E-62B1-722A-98A24798EA27 (p2, c1, k60).
1779507534: Client auto-41D62F58-582E-62B1-722A-98A24798EA27 disconnected.
1779507564: New connection from ::1:43016 on port 1883.
1779507564: New client connected from ::1:43016 as auto-A83722BB-3E40-9EF2-88EF-AFA812740FF1 (p2, c1, k60).
1779507564: Client auto-A83722BB-3E40-9EF2-88EF-AFA812740FF1 disconnected.
1779507594: New connection from ::1:59516 on port 1883.
1779507594: New client connected from ::1:59516 as auto-226BD48F-EC7D-D5AD-CC93-EAC94126C118 (p2, c1, k60).
1779507594: Client auto-226BD48F-EC7D-D5AD-CC93-EAC94126C118 disconnected.
1779507624: New connection from ::1:55780 on port 1883.
1779507624: New client connected from ::1:55780 as auto-9E4DDCD9-E242-3006-BE88-C7243888C1BB (p2, c1, k60).
1779507624: Client auto-9E4DDCD9-E242-3006-BE88-C7243888C1BB disconnected.
1779507654: New connection from ::1:50922 on port 1883.
1779507654: New client connected from ::1:50922 as auto-6B214CCD-628C-7B7A-9BA6-11D1B2283640 (p2, c1, k60).
1779507654: Client auto-6B214CCD-628C-7B7A-9BA6-11D1B2283640 disconnected.
1779507684: New connection from ::1:51548 on port 1883.
1779507684: New client connected from ::1:51548 as auto-5FE2D663-F792-05D7-7C01-B242E735EAAA (p2, c1, k60).
1779507684: Client auto-5FE2D663-F792-05D7-7C01-B242E735EAAA disconnected.
1779507714: New connection from ::1:39798 on port 1883.
1779507714: New client connected from ::1:39798 as auto-70C1A67E-5A37-18A9-14BD-6AF5E89575AD (p2, c1, k60).
1779507714: Client auto-70C1A67E-5A37-18A9-14BD-6AF5E89575AD disconnected.
1779507744: New connection from ::1:60522 on port 1883.
1779507744: New client connected from ::1:60522 as auto-1BAA3DFE-FC45-4EB0-2C67-2A130E446608 (p2, c1, k60).
1779507744: Client auto-1BAA3DFE-FC45-4EB0-2C67-2A130E446608 disconnected.
1779507774: New connection from ::1:38532 on port 1883.
1779507774: New client connected from ::1:38532 as auto-D91FC137-0EAE-F23A-3EA8-33914BFBD13D (p2, c1, k60).
1779507774: Client auto-D91FC137-0EAE-F23A-3EA8-33914BFBD13D disconnected.
1779507804: New connection from ::1:49438 on port 1883.
1779507804: New client connected from ::1:49438 as auto-587B6C16-88B8-C8FF-4A83-6C15B7AB9E2E (p2, c1, k60).
1779507804: Client auto-587B6C16-88B8-C8FF-4A83-6C15B7AB9E2E disconnected.
1779507834: New connection from ::1:33232 on port 1883.
1779507834: New client connected from ::1:33232 as auto-168818FC-B177-F003-26F1-AFBB8AF8090E (p2, c1, k60).
1779507834: Client auto-168818FC-B177-F003-26F1-AFBB8AF8090E disconnected.
1779507864: New connection from ::1:49536 on port 1883.
1779507864: New client connected from ::1:49536 as auto-3B54496D-51DC-57F5-78A8-B4EEA8CEDA67 (p2, c1, k60).
1779507864: Client auto-3B54496D-51DC-57F5-78A8-B4EEA8CEDA67 disconnected.
1779507894: New connection from ::1:47658 on port 1883.
1779507894: New client connected from ::1:47658 as auto-E6B07DE1-4893-77EE-D72A-0E3D7C85E245 (p2, c1, k60).
1779507894: Client auto-E6B07DE1-4893-77EE-D72A-0E3D7C85E245 disconnected.
1779507924: New connection from ::1:59034 on port 1883.
1779507924: New client connected from ::1:59034 as auto-FCF56747-3A34-F081-3C11-1D4CA843DA62 (p2, c1, k60).
1779507924: Client auto-FCF56747-3A34-F081-3C11-1D4CA843DA62 disconnected.
1779507954: New connection from ::1:35868 on port 1883.
1779507954: New client connected from ::1:35868 as auto-40784885-D87B-E563-8E72-8F2491CF99A5 (p2, c1, k60).
1779507954: Client auto-40784885-D87B-E563-8E72-8F2491CF99A5 disconnected.
1779507984: New connection from ::1:40480 on port 1883.
1779507984: New client connected from ::1:40480 as auto-3E9DC5E7-7EF8-C506-A1B7-5BF0BAA823CE (p2, c1, k60).
1779507984: Client auto-3E9DC5E7-7EF8-C506-A1B7-5BF0BAA823CE disconnected.
1779508014: New connection from ::1:34078 on port 1883.
1779508014: New client connected from ::1:34078 as auto-EA84FC80-E650-57FE-580B-DA718A931C70 (p2, c1, k60).
1779508014: Client auto-EA84FC80-E650-57FE-580B-DA718A931C70 disconnected.
1779508044: New connection from ::1:36858 on port 1883.
1779508044: New client connected from ::1:36858 as auto-0EC50158-8042-7F44-5640-3B4739471B05 (p2, c1, k60).
1779508044: Client auto-0EC50158-8042-7F44-5640-3B4739471B05 disconnected.
1779508075: New connection from ::1:59654 on port 1883.
1779508075: New client connected from ::1:59654 as auto-E5FB748C-8AED-BECE-D833-CE90A2A80F39 (p2, c1, k60).
1779508075: Client auto-E5FB748C-8AED-BECE-D833-CE90A2A80F39 disconnected.
1779508105: New connection from ::1:53572 on port 1883.
1779508105: New client connected from ::1:53572 as auto-44C83105-D776-2104-C09B-6C2FD4FBD89B (p2, c1, k60).
1779508105: Client auto-44C83105-D776-2104-C09B-6C2FD4FBD89B disconnected.
1779508135: New connection from ::1:50968 on port 1883.
1779508135: New client connected from ::1:50968 as auto-DBB79430-495F-9FAE-ED93-B0086F1C2EBC (p2, c1, k60).
1779508135: Client auto-DBB79430-495F-9FAE-ED93-B0086F1C2EBC disconnected.
1779508165: New connection from ::1:42620 on port 1883.
1779508165: New client connected from ::1:42620 as auto-95CEE406-F3FC-280A-1392-B8ACB4BE7198 (p2, c1, k60).
1779508165: Client auto-95CEE406-F3FC-280A-1392-B8ACB4BE7198 disconnected.
1779508195: New connection from ::1:53904 on port 1883.
1779508195: New client connected from ::1:53904 as auto-D118CCB8-9BB8-68F0-E3E2-13BF1541F969 (p2, c1, k60).
1779508195: Client auto-D118CCB8-9BB8-68F0-E3E2-13BF1541F969 disconnected.
1779508225: New connection from ::1:35692 on port 1883.
1779508225: New client connected from ::1:35692 as auto-49C3D5CF-8890-3553-4572-156B14282EED (p2, c1, k60).
1779508225: Client auto-49C3D5CF-8890-3553-4572-156B14282EED disconnected.
1779508255: New connection from ::1:48760 on port 1883.
1779508255: New client connected from ::1:48760 as auto-8DB0463B-F0D7-5DAB-7E79-3D974BD7EF5C (p2, c1, k60).
1779508255: Client auto-8DB0463B-F0D7-5DAB-7E79-3D974BD7EF5C disconnected.
1779508285: New connection from ::1:54078 on port 1883.
1779508285: New client connected from ::1:54078 as auto-5E46B5F0-09C9-2A05-DD42-97ABF6E51210 (p2, c1, k60).
1779508285: Client auto-5E46B5F0-09C9-2A05-DD42-97ABF6E51210 disconnected.
1779508315: New connection from ::1:54178 on port 1883.
1779508315: New client connected from ::1:54178 as auto-35AB09E9-FD98-3D00-F17F-CC62312F3D7F (p2, c1, k60).
1779508315: Client auto-35AB09E9-FD98-3D00-F17F-CC62312F3D7F disconnected.
1779508345: New connection from ::1:39168 on port 1883.
1779508345: New client connected from ::1:39168 as auto-E43125AD-D6F4-6B99-D9BB-32851297405A (p2, c1, k60).
1779508345: Client auto-E43125AD-D6F4-6B99-D9BB-32851297405A disconnected.
1779508375: New connection from ::1:46226 on port 1883.
1779508375: New client connected from ::1:46226 as auto-C23BD7E0-86B5-549E-ECAE-365F6EBF19B4 (p2, c1, k60).
1779508375: Client auto-C23BD7E0-86B5-549E-ECAE-365F6EBF19B4 disconnected.
1779508405: New connection from ::1:54320 on port 1883.
1779508405: New client connected from ::1:54320 as auto-0964B74D-A1E0-08AC-CC60-B2642D07DD0B (p2, c1, k60).
1779508405: Client auto-0964B74D-A1E0-08AC-CC60-B2642D07DD0B disconnected.
1779508435: New connection from ::1:56296 on port 1883.
1779508435: New client connected from ::1:56296 as auto-E4902826-623E-9C37-1FCA-1550A7B48AAF (p2, c1, k60).
1779508435: Client auto-E4902826-623E-9C37-1FCA-1550A7B48AAF disconnected.
1779508465: New connection from ::1:33074 on port 1883.
1779508465: New client connected from ::1:33074 as auto-B4B4E00D-2E1B-5C05-5C6C-F7DD394E976A (p2, c1, k60).
1779508465: Client auto-B4B4E00D-2E1B-5C05-5C6C-F7DD394E976A disconnected.
1779508495: New connection from ::1:38258 on port 1883.
1779508495: New client connected from ::1:38258 as auto-C5D24118-9AD1-47FB-21EC-93424DF1BCEB (p2, c1, k60).
1779508495: Client auto-C5D24118-9AD1-47FB-21EC-93424DF1BCEB disconnected.
1779508525: New connection from ::1:56360 on port 1883.
1779508525: New client connected from ::1:56360 as auto-DC9E4D77-9850-E7F3-4A44-FA55D57A8BF4 (p2, c1, k60).
1779508525: Client auto-DC9E4D77-9850-E7F3-4A44-FA55D57A8BF4 disconnected.
1779508555: New connection from ::1:52722 on port 1883.
1779508555: New client connected from ::1:52722 as auto-4CE6CF7B-8EAA-9CE7-D8DF-D4A723893393 (p2, c1, k60).
1779508555: Client auto-4CE6CF7B-8EAA-9CE7-D8DF-D4A723893393 disconnected.
1779508586: New connection from ::1:42440 on port 1883.
1779508586: New client connected from ::1:42440 as auto-CC97592E-D898-5944-1B5A-114B818E3EE0 (p2, c1, k60).
1779508586: Client auto-CC97592E-D898-5944-1B5A-114B818E3EE0 disconnected.
1779508616: New connection from ::1:35762 on port 1883.
1779508616: New client connected from ::1:35762 as auto-57087964-1282-7A9C-0284-4D343946ECBB (p2, c1, k60).
1779508616: Client auto-57087964-1282-7A9C-0284-4D343946ECBB disconnected.
1779508646: New connection from ::1:34830 on port 1883.
1779508646: New client connected from ::1:34830 as auto-F0E60BC0-FBC7-B53B-E991-76D80EEE5E04 (p2, c1, k60).
1779508646: Client auto-F0E60BC0-FBC7-B53B-E991-76D80EEE5E04 disconnected.
1779508676: New connection from ::1:45186 on port 1883.
1779508676: New client connected from ::1:45186 as auto-C89A0AF6-4F54-0122-574B-A12D5B92E46D (p2, c1, k60).
1779508676: Client auto-C89A0AF6-4F54-0122-574B-A12D5B92E46D disconnected.
1779508706: New connection from ::1:47130 on port 1883.
1779508706: New client connected from ::1:47130 as auto-0F1D23B7-B958-A70E-7FC8-4433210990CE (p2, c1, k60).
1779508706: Client auto-0F1D23B7-B958-A70E-7FC8-4433210990CE disconnected.
1779508736: New connection from ::1:50378 on port 1883.
1779508736: New client connected from ::1:50378 as auto-CCEBA4DE-5749-FD26-26FE-217818595B49 (p2, c1, k60).
1779508736: Client auto-CCEBA4DE-5749-FD26-26FE-217818595B49 disconnected.
1779508766: New connection from ::1:52034 on port 1883.
1779508766: New client connected from ::1:52034 as auto-A7EE6CA9-07B7-CCF6-E235-EB3A0AA05C0C (p2, c1, k60).
1779508766: Client auto-A7EE6CA9-07B7-CCF6-E235-EB3A0AA05C0C disconnected.
1779508796: New connection from ::1:55300 on port 1883.
1779508796: New client connected from ::1:55300 as auto-BA2BC389-B875-09DB-FE9C-5190BE70B696 (p2, c1, k60).
1779508796: Client auto-BA2BC389-B875-09DB-FE9C-5190BE70B696 disconnected.
1779508826: New connection from ::1:33692 on port 1883.
1779508826: New client connected from ::1:33692 as auto-00B4E516-C1C7-F225-61E7-823ACDA16927 (p2, c1, k60).
1779508826: Client auto-00B4E516-C1C7-F225-61E7-823ACDA16927 disconnected.
1779508856: New connection from ::1:57016 on port 1883.
1779508856: New client connected from ::1:57016 as auto-E013E901-4D7B-AF55-1A90-DD9CCBC2526E (p2, c1, k60).
1779508856: Client auto-E013E901-4D7B-AF55-1A90-DD9CCBC2526E disconnected.
1779508886: New connection from ::1:41688 on port 1883.
1779508886: New client connected from ::1:41688 as auto-728188EC-2596-68CE-2AAE-8FEB95A018FA (p2, c1, k60).
1779508886: Client auto-728188EC-2596-68CE-2AAE-8FEB95A018FA disconnected.
1779508916: New connection from ::1:57144 on port 1883.
1779508916: New client connected from ::1:57144 as auto-E7B5D29F-642F-6259-F2D1-C0F452B99ADD (p2, c1, k60).
1779508916: Client auto-E7B5D29F-642F-6259-F2D1-C0F452B99ADD disconnected.
1779508946: New connection from ::1:40668 on port 1883.
1779508946: New client connected from ::1:40668 as auto-D45584AD-4205-C283-81A6-C0373CF7E7B0 (p2, c1, k60).
1779508946: Client auto-D45584AD-4205-C283-81A6-C0373CF7E7B0 disconnected.
1779508976: New connection from ::1:52102 on port 1883.
1779508976: New client connected from ::1:52102 as auto-B4D62400-3695-50FC-F163-1ADA21164318 (p2, c1, k60).
1779508976: Client auto-B4D62400-3695-50FC-F163-1ADA21164318 disconnected.
1779509006: New connection from ::1:46846 on port 1883.
1779509006: New client connected from ::1:46846 as auto-8CCCBCED-6FFC-13E3-CCBB-A20B64153858 (p2, c1, k60).
1779509006: Client auto-8CCCBCED-6FFC-13E3-CCBB-A20B64153858 disconnected.
1779509036: New connection from ::1:57634 on port 1883.
1779509036: New client connected from ::1:57634 as auto-737AE926-5578-DB90-D224-17D0EBA38362 (p2, c1, k60).
1779509036: Client auto-737AE926-5578-DB90-D224-17D0EBA38362 disconnected.
1779509066: New connection from ::1:55470 on port 1883.
1779509066: New client connected from ::1:55470 as auto-C4D7733A-42AB-D68D-F018-E696B397438B (p2, c1, k60).
1779509066: Client auto-C4D7733A-42AB-D68D-F018-E696B397438B disconnected.
1779509068: Saving in-memory database to /mosquitto/data//mosquitto.db.
1779509096: New connection from ::1:49470 on port 1883.
1779509096: New client connected from ::1:49470 as auto-E898486E-8491-A712-2466-A35714F252CD (p2, c1, k60).
1779509096: Client auto-E898486E-8491-A712-2466-A35714F252CD disconnected.
1779509127: New connection from ::1:43784 on port 1883.
1779509127: New client connected from ::1:43784 as auto-9EC48424-B1DB-39FB-2D54-D8AE82C39A76 (p2, c1, k60).
1779509127: Client auto-9EC48424-B1DB-39FB-2D54-D8AE82C39A76 disconnected.
1779509157: New connection from ::1:33248 on port 1883.
1779509157: New client connected from ::1:33248 as auto-335CC6C2-8C60-53CD-0A81-E649FC9E87AB (p2, c1, k60).
1779509157: Client auto-335CC6C2-8C60-53CD-0A81-E649FC9E87AB disconnected.
1779509187: New connection from ::1:38520 on port 1883.
1779509187: New client connected from ::1:38520 as auto-BF589677-521B-78C0-D9AE-79094BCA4C91 (p2, c1, k60).
1779509187: Client auto-BF589677-521B-78C0-D9AE-79094BCA4C91 disconnected.
1779509217: New connection from ::1:39182 on port 1883.
1779509217: New client connected from ::1:39182 as auto-406B78F7-96B0-F3AF-6685-8B86120494D7 (p2, c1, k60).
1779509217: Client auto-406B78F7-96B0-F3AF-6685-8B86120494D7 disconnected.
1779509247: New connection from ::1:52570 on port 1883.
1779509247: New client connected from ::1:52570 as auto-324742AC-3F32-EB91-CDC0-17CF601FDBC5 (p2, c1, k60).
1779509247: Client auto-324742AC-3F32-EB91-CDC0-17CF601FDBC5 disconnected.
1779509277: New connection from ::1:36208 on port 1883.
1779509277: New client connected from ::1:36208 as auto-E3CB07D3-C5AB-CF2E-E24A-C076524C87C2 (p2, c1, k60).
1779509277: Client auto-E3CB07D3-C5AB-CF2E-E24A-C076524C87C2 disconnected.
1779509307: New connection from ::1:41804 on port 1883.
1779509307: New client connected from ::1:41804 as auto-31026E49-EFCE-8DE0-96F7-634FEC8E2CFD (p2, c1, k60).
1779509307: Client auto-31026E49-EFCE-8DE0-96F7-634FEC8E2CFD disconnected.
1779509337: New connection from ::1:33176 on port 1883.
1779509337: New client connected from ::1:33176 as auto-D5E4E035-2872-A801-9E4C-E248211C8A19 (p2, c1, k60).
1779509337: Client auto-D5E4E035-2872-A801-9E4C-E248211C8A19 disconnected.
1779509367: New connection from ::1:37844 on port 1883.
1779509367: New client connected from ::1:37844 as auto-4D312240-FEF1-432F-84B5-21EE37608E0E (p2, c1, k60).
1779509367: Client auto-4D312240-FEF1-432F-84B5-21EE37608E0E disconnected.
1779509397: New connection from ::1:58028 on port 1883.
1779509397: New client connected from ::1:58028 as auto-B1A702DA-138E-FB8A-2FA9-0262C4CBF0F9 (p2, c1, k60).
1779509397: Client auto-B1A702DA-138E-FB8A-2FA9-0262C4CBF0F9 disconnected.
1779509427: New connection from ::1:50642 on port 1883.
1779509427: New client connected from ::1:50642 as auto-1F94312D-F689-1C14-A21B-75609B8BF1DD (p2, c1, k60).
1779509427: Client auto-1F94312D-F689-1C14-A21B-75609B8BF1DD disconnected.
1779509457: New connection from ::1:43600 on port 1883.
1779509457: New client connected from ::1:43600 as auto-43FCA192-71E2-DB19-76A3-6863ECF77129 (p2, c1, k60).
1779509457: Client auto-43FCA192-71E2-DB19-76A3-6863ECF77129 disconnected.
1779509487: New connection from ::1:42260 on port 1883.
1779509487: New client connected from ::1:42260 as auto-71531E45-4E6D-4E77-A37B-D2C38E23DA44 (p2, c1, k60).
1779509487: Client auto-71531E45-4E6D-4E77-A37B-D2C38E23DA44 disconnected.
1779509517: New connection from ::1:33232 on port 1883.
1779509517: New client connected from ::1:33232 as auto-F96AB9D3-F7F2-1B57-F51D-ED5677E1DD2B (p2, c1, k60).
1779509517: Client auto-F96AB9D3-F7F2-1B57-F51D-ED5677E1DD2B disconnected.
1779509547: New connection from ::1:35696 on port 1883.
1779509547: New client connected from ::1:35696 as auto-F7D54DE3-36B7-3C18-286B-F890DC5ECDD0 (p2, c1, k60).
1779509547: Client auto-F7D54DE3-36B7-3C18-286B-F890DC5ECDD0 disconnected.
1779509577: New connection from ::1:58178 on port 1883.
1779509577: New client connected from ::1:58178 as auto-486997A8-570A-E954-2BF3-8B1BFD9DC964 (p2, c1, k60).
1779509577: Client auto-486997A8-570A-E954-2BF3-8B1BFD9DC964 disconnected.
1779509607: New connection from ::1:55266 on port 1883.
1779509607: New client connected from ::1:55266 as auto-EA001E05-C53C-697A-FC2C-3419A4242019 (p2, c1, k60).
1779509607: Client auto-EA001E05-C53C-697A-FC2C-3419A4242019 disconnected.
1779509637: New connection from ::1:34194 on port 1883.
1779509637: New client connected from ::1:34194 as auto-7FECF293-49ED-029C-A372-05ED69485C2F (p2, c1, k60).
1779509637: Client auto-7FECF293-49ED-029C-A372-05ED69485C2F disconnected.
1779509668: New connection from ::1:60330 on port 1883.
1779509668: New client connected from ::1:60330 as auto-88C90A58-4688-5E8D-55E8-BAB2EFE71779 (p2, c1, k60).
1779509668: Client auto-88C90A58-4688-5E8D-55E8-BAB2EFE71779 disconnected.
1779509698: New connection from ::1:55102 on port 1883.
1779509698: New client connected from ::1:55102 as auto-C22B98E0-8AD3-0DE5-9BB1-04CE9037618F (p2, c1, k60).
1779509698: Client auto-C22B98E0-8AD3-0DE5-9BB1-04CE9037618F disconnected.
1779509728: New connection from ::1:38612 on port 1883.
1779509728: New client connected from ::1:38612 as auto-33FDC895-2CCC-E6ED-3B0F-C0E0261179FB (p2, c1, k60).
1779509728: Client auto-33FDC895-2CCC-E6ED-3B0F-C0E0261179FB disconnected.
1779509758: New connection from ::1:57660 on port 1883.
1779509758: New client connected from ::1:57660 as auto-1BC70A14-145B-263C-24CD-659EB98E76D1 (p2, c1, k60).
1779509758: Client auto-1BC70A14-145B-263C-24CD-659EB98E76D1 disconnected.
1779509788: New connection from ::1:49252 on port 1883.
1779509788: New client connected from ::1:49252 as auto-3A5B2A77-3777-D248-3F25-EFB47494FA2B (p2, c1, k60).
1779509788: Client auto-3A5B2A77-3777-D248-3F25-EFB47494FA2B disconnected.
1779509818: New connection from ::1:43160 on port 1883.
1779509818: New client connected from ::1:43160 as auto-503B73F3-CB70-8D0B-47C6-410005DE46B5 (p2, c1, k60).
1779509818: Client auto-503B73F3-CB70-8D0B-47C6-410005DE46B5 disconnected.
1779509848: New connection from ::1:45024 on port 1883.
1779509848: New client connected from ::1:45024 as auto-A195723A-5A36-00F0-2D2C-8D53C7C06E55 (p2, c1, k60).
1779509848: Client auto-A195723A-5A36-00F0-2D2C-8D53C7C06E55 disconnected.
1779509878: New connection from ::1:44734 on port 1883.
1779509878: New client connected from ::1:44734 as auto-F645E790-D9FA-0E9C-10B5-D4CEDCB5ECCC (p2, c1, k60).
1779509878: Client auto-F645E790-D9FA-0E9C-10B5-D4CEDCB5ECCC disconnected.
1779509908: New connection from ::1:49454 on port 1883.
1779509908: New client connected from ::1:49454 as auto-24DFC2AA-49CC-8F8D-12B6-40B879897C83 (p2, c1, k60).
1779509908: Client auto-24DFC2AA-49CC-8F8D-12B6-40B879897C83 disconnected.
1779509938: New connection from ::1:60842 on port 1883.
1779509938: New client connected from ::1:60842 as auto-B0BC9FF2-0230-8BB4-2E0B-D11ECA12B727 (p2, c1, k60).
1779509938: Client auto-B0BC9FF2-0230-8BB4-2E0B-D11ECA12B727 disconnected.
1779510904: New connection from ::1:46568 on port 1883.
1779510904: New client connected from ::1:46568 as auto-9F3D740A-862B-A340-408D-04ED8E4A9631 (p2, c1, k60).
1779510904: Client auto-9F3D740A-862B-A340-408D-04ED8E4A9631 disconnected.
1779510934: New connection from ::1:39230 on port 1883.
1779510934: New client connected from ::1:39230 as auto-7FF8D055-6496-B043-B3BE-3EE532BDCADF (p2, c1, k60).
1779510934: Client auto-7FF8D055-6496-B043-B3BE-3EE532BDCADF disconnected.
1779511938: New connection from ::1:41790 on port 1883.
1779511938: New client connected from ::1:41790 as auto-10E491E6-649D-93A2-F6A7-280A5E24BFFE (p2, c1, k60).
1779511938: Client auto-10E491E6-649D-93A2-F6A7-280A5E24BFFE disconnected.
1779511968: New connection from ::1:43950 on port 1883.
1779511968: New client connected from ::1:43950 as auto-B93D4E6D-6FE8-C0AA-C3AF-0993A7E80EA0 (p2, c1, k60).
1779511968: Client auto-B93D4E6D-6FE8-C0AA-C3AF-0993A7E80EA0 disconnected.
1779511998: New connection from ::1:59880 on port 1883.
1779511998: New client connected from ::1:59880 as auto-3A4FFCE4-CEC6-0EA0-B5CC-D5DB169BD2B4 (p2, c1, k60).
1779511998: Client auto-3A4FFCE4-CEC6-0EA0-B5CC-D5DB169BD2B4 disconnected.
1779512028: New connection from ::1:33620 on port 1883.
1779512028: New client connected from ::1:33620 as auto-0636E8EA-228C-45CC-8643-295FC383C51D (p2, c1, k60).
1779512028: Client auto-0636E8EA-228C-45CC-8643-295FC383C51D disconnected.
1779512058: New connection from ::1:57264 on port 1883.
1779512058: New client connected from ::1:57264 as auto-4BADAD12-95D0-4E81-AC09-7C381B45718F (p2, c1, k60).
1779512058: Client auto-4BADAD12-95D0-4E81-AC09-7C381B45718F disconnected.
1779513052: New connection from ::1:38246 on port 1883.
1779513052: New client connected from ::1:38246 as auto-4917FD62-3AFE-04AF-4925-670CBC05BCF5 (p2, c1, k60).
1779513052: Client auto-4917FD62-3AFE-04AF-4925-670CBC05BCF5 disconnected.
1779514034: New connection from ::1:41464 on port 1883.
1779514034: New client connected from ::1:41464 as auto-7F5F32BC-D88A-7034-D532-907C6F29DBB7 (p2, c1, k60).
1779514034: Client auto-7F5F32BC-D88A-7034-D532-907C6F29DBB7 disconnected.
1779514064: New connection from ::1:54082 on port 1883.
1779514064: New client connected from ::1:54082 as auto-6CA1249C-5B99-1323-A3B7-4F108948C700 (p2, c1, k60).
1779514064: Client auto-6CA1249C-5B99-1323-A3B7-4F108948C700 disconnected.
1779515009: New connection from ::1:38210 on port 1883.
1779515009: New client connected from ::1:38210 as auto-5D6DBCB8-7EC5-B20E-B91D-CF2E9F135869 (p2, c1, k60).
1779515009: Client auto-5D6DBCB8-7EC5-B20E-B91D-CF2E9F135869 disconnected.
1779515039: New connection from ::1:52950 on port 1883.
1779515039: New client connected from ::1:52950 as auto-16207EA1-3076-0C86-C843-C84A79A0021B (p2, c1, k60).
1779515039: Client auto-16207EA1-3076-0C86-C843-C84A79A0021B disconnected.
1779515718: New connection from ::1:43936 on port 1883.
1779515718: New client connected from ::1:43936 as auto-DF09A739-7CAE-6253-58B6-901C60E49927 (p2, c1, k60).
1779515718: Client auto-DF09A739-7CAE-6253-58B6-901C60E49927 disconnected.
1779515911: New connection from ::1:60578 on port 1883.
1779515911: New client connected from ::1:60578 as auto-0E1C6F95-416E-E9AD-666D-3C497606589F (p2, c1, k60).
1779515911: Client auto-0E1C6F95-416E-E9AD-666D-3C497606589F disconnected.
1779515941: New connection from ::1:59524 on port 1883.
1779515941: New client connected from ::1:59524 as auto-5AF5556D-3F56-79E3-9389-934002C2452B (p2, c1, k60).
1779515941: Client auto-5AF5556D-3F56-79E3-9389-934002C2452B disconnected.
1779515971: New connection from ::1:44532 on port 1883.
1779515971: New client connected from ::1:44532 as auto-3F8E6FB0-B761-FD29-9D72-75359AA27E12 (p2, c1, k60).
1779515971: Client auto-3F8E6FB0-B761-FD29-9D72-75359AA27E12 disconnected.
1779516001: New connection from ::1:47722 on port 1883.
1779516001: New client connected from ::1:47722 as auto-3AD365D7-A03C-4E00-4884-27E539B067CE (p2, c1, k60).
1779516001: Client auto-3AD365D7-A03C-4E00-4884-27E539B067CE disconnected.
1779516025: New client connected from 142.251.110.207:60230 as mqttjs_004475b6 (p2, c1, k60).
1779516031: New connection from ::1:54998 on port 1883.
1779516031: New client connected from ::1:54998 as auto-FD63AA96-5B8E-591D-33F9-0B6CC98F56A3 (p2, c1, k60).
1779516031: Client auto-FD63AA96-5B8E-591D-33F9-0B6CC98F56A3 disconnected.
1779516061: New connection from ::1:35912 on port 1883.
1779516061: New client connected from ::1:35912 as auto-C5695F83-127E-919C-7955-D65B47FC537F (p2, c1, k60).
1779516061: Client auto-C5695F83-127E-919C-7955-D65B47FC537F disconnected.
1779516091: New connection from ::1:51180 on port 1883.
1779516091: New client connected from ::1:51180 as auto-D775AF8F-E880-3C73-7FD7-1C489B428F47 (p2, c1, k60).
1779516091: Client auto-D775AF8F-E880-3C73-7FD7-1C489B428F47 disconnected.
1779516121: New connection from ::1:54578 on port 1883.
1779516121: New client connected from ::1:54578 as auto-213DC325-4B1F-A929-12AC-CAF28F5177C1 (p2, c1, k60).
1779516121: Client auto-213DC325-4B1F-A929-12AC-CAF28F5177C1 disconnected.
1779516151: New connection from ::1:44212 on port 1883.
1779516151: New client connected from ::1:44212 as auto-E0A068D7-69C2-0779-589C-8D7ED94A51A4 (p2, c1, k60).
1779516151: Client auto-E0A068D7-69C2-0779-589C-8D7ED94A51A4 disconnected.
1779516176: Client mqttjs_004475b6 closed its connection.
1779516181: New connection from ::1:51342 on port 1883.
1779516181: New client connected from ::1:51342 as auto-A4F35D53-3A4A-A73D-4BB6-A74672271990 (p2, c1, k60).
1779516181: Client auto-A4F35D53-3A4A-A73D-4BB6-A74672271990 disconnected.
1779516212: New connection from ::1:53350 on port 1883.
1779516212: New client connected from ::1:53350 as auto-A0AE4932-8ED6-F741-56B2-950ACF3DBD69 (p2, c1, k60).
1779516212: Client auto-A0AE4932-8ED6-F741-56B2-950ACF3DBD69 disconnected.
1779516229: New client connected from 142.251.110.207:52839 as mqttjs_004475b6 (p2, c1, k60).
1779516242: New connection from ::1:52604 on port 1883.
1779516242: New client connected from ::1:52604 as auto-B1BBB4B7-21F2-253A-FCEF-B7688A94156D (p2, c1, k60).
1779516242: Client auto-B1BBB4B7-21F2-253A-FCEF-B7688A94156D disconnected.
1779516272: New connection from ::1:40546 on port 1883.
1779516272: New client connected from ::1:40546 as auto-5E9CD72D-6035-0829-7961-91967A590357 (p2, c1, k60).
1779516272: Client auto-5E9CD72D-6035-0829-7961-91967A590357 disconnected.
1779516302: New connection from ::1:44266 on port 1883.
1779516302: New client connected from ::1:44266 as auto-BCD4A6C1-B284-9FDE-861C-9B0A29FB6635 (p2, c1, k60).
1779516302: Client auto-BCD4A6C1-B284-9FDE-861C-9B0A29FB6635 disconnected.
1779516332: New connection from ::1:55402 on port 1883.
1779516332: New client connected from ::1:55402 as auto-C24D98E4-96BC-02DF-73A0-2E74D424D822 (p2, c1, k60).
1779516332: Client auto-C24D98E4-96BC-02DF-73A0-2E74D424D822 disconnected.
1779516573: New connection from ::1:58328 on port 1883.
1779516573: New client connected from ::1:58328 as auto-EEACDFA6-43CD-3A5E-EDFC-89EE333BE76D (p2, c1, k60).
1779516573: Client auto-EEACDFA6-43CD-3A5E-EDFC-89EE333BE76D disconnected.
1779516599: Client mqttjs_004475b6 closed its connection.
1779516603: New connection from ::1:35580 on port 1883.
1779516603: New client connected from ::1:35580 as auto-DA701E57-D73A-4126-8863-ACF494945510 (p2, c1, k60).
1779516603: Client auto-DA701E57-D73A-4126-8863-ACF494945510 disconnected.
1779517936: Saving in-memory database to /mosquitto/data//mosquitto.db.
1779517937: New connection from ::1:38270 on port 1883.
1779517937: New client connected from ::1:38270 as auto-D3DBF564-FA70-FBC7-47E8-CA576CF9987A (p2, c1, k60).
1779517937: Client auto-D3DBF564-FA70-FBC7-47E8-CA576CF9987A disconnected.
1779521004: New client connected from 142.251.110.207:59926 as mqttjs_004475b6 (p2, c1, k60).
1779521018: New connection from ::1:51028 on port 1883.
1779521018: New client connected from ::1:51028 as auto-1C819525-368A-937C-42E8-3366886B7D32 (p2, c1, k60).
1779521018: Client auto-1C819525-368A-937C-42E8-3366886B7D32 disconnected.
1779521866: New connection from ::1:35706 on port 1883.
1779521866: New client connected from ::1:35706 as auto-31F13086-D018-62CE-9A9B-FB337D8150E7 (p2, c1, k60).
1779521866: Client auto-31F13086-D018-62CE-9A9B-FB337D8150E7 disconnected.
1779521896: New connection from ::1:40318 on port 1883.
1779521896: New client connected from ::1:40318 as auto-F06FD45A-FC13-BDF6-D942-BDEDD644B6FF (p2, c1, k60).
1779521896: Client auto-F06FD45A-FC13-BDF6-D942-BDEDD644B6FF disconnected.
1779521912: Client mqttjs_004475b6 closed its connection.
1779521926: New connection from ::1:48226 on port 1883.
1779521926: New client connected from ::1:48226 as auto-FC3F931A-1D92-623E-9F64-6B5C0168EAD0 (p2, c1, k60).
1779521926: Client auto-FC3F931A-1D92-623E-9F64-6B5C0168EAD0 disconnected.
1779521956: New connection from ::1:35164 on port 1883.
1779521956: New client connected from ::1:35164 as auto-0C961F6E-448B-2450-48E9-A2D2DEC34A4B (p2, c1, k60).
1779521956: Client auto-0C961F6E-448B-2450-48E9-A2D2DEC34A4B disconnected.
1779521986: New connection from ::1:42234 on port 1883.
1779521986: New client connected from ::1:42234 as auto-3A71B9A4-8CEE-07E5-FF76-54B53DE9F8EC (p2, c1, k60).
1779521986: Client auto-3A71B9A4-8CEE-07E5-FF76-54B53DE9F8EC disconnected.
1779522016: New connection from ::1:46802 on port 1883.
1779522016: New client connected from ::1:46802 as auto-A78C00BE-41ED-384D-7EC3-B589DFECA44C (p2, c1, k60).
1779522016: Client auto-A78C00BE-41ED-384D-7EC3-B589DFECA44C disconnected.
1779522046: New connection from ::1:38616 on port 1883.
1779522046: New client connected from ::1:38616 as auto-1CE96D3E-1A6E-82E4-E37E-27D75F85C266 (p2, c1, k60).
1779522046: Client auto-1CE96D3E-1A6E-82E4-E37E-27D75F85C266 disconnected.
1779522076: New connection from ::1:59470 on port 1883.
1779522076: New client connected from ::1:59470 as auto-D5412D31-40D8-D799-10DE-33E37240E770 (p2, c1, k60).
1779522076: Client auto-D5412D31-40D8-D799-10DE-33E37240E770 disconnected.
1779522106: New connection from ::1:55250 on port 1883.
1779522106: New client connected from ::1:55250 as auto-9A746964-23C6-BD5A-1208-A0F278F2C11F (p2, c1, k60).
1779522106: Client auto-9A746964-23C6-BD5A-1208-A0F278F2C11F disconnected.
1779522136: New connection from ::1:57270 on port 1883.
1779522136: New client connected from ::1:57270 as auto-201CC080-93B2-AAA3-4F46-DA95979C381E (p2, c1, k60).
1779522136: Client auto-201CC080-93B2-AAA3-4F46-DA95979C381E disconnected.
1779522166: New connection from ::1:43530 on port 1883.
1779522166: New client connected from ::1:43530 as auto-2D7D233B-AD5C-E120-CA87-611B75BC352D (p2, c1, k60).
1779522166: Client auto-2D7D233B-AD5C-E120-CA87-611B75BC352D disconnected.
1779522196: New connection from ::1:51180 on port 1883.
1779522196: New client connected from ::1:51180 as auto-FD4FC6CD-36A3-801D-7F92-AE1913704C63 (p2, c1, k60).
1779522196: Client auto-FD4FC6CD-36A3-801D-7F92-AE1913704C63 disconnected.
1779522226: New connection from ::1:47484 on port 1883.
1779522226: New client connected from ::1:47484 as auto-86695A33-73EB-A926-4BD9-F91DAA0645AA (p2, c1, k60).
1779522226: Client auto-86695A33-73EB-A926-4BD9-F91DAA0645AA disconnected.
1779522256: New connection from ::1:35976 on port 1883.
1779522256: New client connected from ::1:35976 as auto-D8E31FDF-8B55-11E1-94E5-C58F3808781C (p2, c1, k60).
1779522256: Client auto-D8E31FDF-8B55-11E1-94E5-C58F3808781C disconnected.
1779522286: New connection from ::1:56752 on port 1883.
1779522286: New client connected from ::1:56752 as auto-4F6DCD7F-C465-A633-B2ED-8DE6E303BF6E (p2, c1, k60).
1779522286: Client auto-4F6DCD7F-C465-A633-B2ED-8DE6E303BF6E disconnected.
1779522316: New connection from ::1:53006 on port 1883.
1779522316: New client connected from ::1:53006 as auto-694F3ADD-4C49-3BF8-C3A6-897F57B5CC45 (p2, c1, k60).
1779522316: Client auto-694F3ADD-4C49-3BF8-C3A6-897F57B5CC45 disconnected.
1779522347: New connection from ::1:50338 on port 1883.
1779522347: New client connected from ::1:50338 as auto-C4AAE936-7EBC-6DB5-E75F-8A926A7A8A0B (p2, c1, k60).
1779522347: Client auto-C4AAE936-7EBC-6DB5-E75F-8A926A7A8A0B disconnected.
1779522377: New connection from ::1:48940 on port 1883.
1779522377: New client connected from ::1:48940 as auto-4F161F3E-918C-77B8-E7E9-F91D6B8447CB (p2, c1, k60).
1779522377: Client auto-4F161F3E-918C-77B8-E7E9-F91D6B8447CB disconnected.
1779522407: New connection from ::1:37740 on port 1883.
1779522407: New client connected from ::1:37740 as auto-12C34526-AF41-14FF-8C2E-D3376BB24FC2 (p2, c1, k60).
1779522407: Client auto-12C34526-AF41-14FF-8C2E-D3376BB24FC2 disconnected.
1779522437: New connection from ::1:41188 on port 1883.
1779522437: New client connected from ::1:41188 as auto-834A00D1-C79E-99B9-C7B9-97F603FB467A (p2, c1, k60).
1779522437: Client auto-834A00D1-C79E-99B9-C7B9-97F603FB467A disconnected.
1779522467: New connection from ::1:57670 on port 1883.
1779522467: New client connected from ::1:57670 as auto-5765743E-56D3-C047-FD82-093C0C06415B (p2, c1, k60).
1779522467: Client auto-5765743E-56D3-C047-FD82-093C0C06415B disconnected.
1779526430: New connection from ::1:60246 on port 1883.
1779526430: New client connected from ::1:60246 as auto-7083BE13-0DFE-F844-75F2-2D455271B1E0 (p2, c1, k60).
1779526430: Client auto-7083BE13-0DFE-F844-75F2-2D455271B1E0 disconnected.
1779527590: New connection from ::1:60992 on port 1883.
1779527590: New client connected from ::1:60992 as auto-627C385B-5BB0-6F89-DA62-7EE0D5782281 (p2, c1, k60).
1779527590: Client auto-627C385B-5BB0-6F89-DA62-7EE0D5782281 disconnected.
1779528170: New client connected from 142.251.110.207:48430 as mqttjs_004475b6 (p2, c1, k60).
1779528192: New connection from ::1:52300 on port 1883.
1779528192: New client connected from ::1:52300 as auto-7183191F-B0DB-6624-B5AB-E6C70A9112BC (p2, c1, k60).
1779528192: Client auto-7183191F-B0DB-6624-B5AB-E6C70A9112BC disconnected.
1779528223: New connection from ::1:52760 on port 1883.
1779528223: New client connected from ::1:52760 as auto-AF683E52-9192-19D5-FCE4-0FF3CE1BA949 (p2, c1, k60).
1779528223: Client auto-AF683E52-9192-19D5-FCE4-0FF3CE1BA949 disconnected.
1779528253: New connection from ::1:52134 on port 1883.
1779528253: New client connected from ::1:52134 as auto-4E6026B9-5102-37A0-5243-302A1F670877 (p2, c1, k60).
1779528253: Client auto-4E6026B9-5102-37A0-5243-302A1F670877 disconnected.
1779528260: Client mqttjs_004475b6 closed its connection.
1779528265: New client connected from 142.251.110.207:38503 as mqttjs_004475b6 (p2, c1, k60).
1779528283: New connection from ::1:38414 on port 1883.
1779528283: New client connected from ::1:38414 as auto-8B45D5AE-3F46-785E-2D7B-C196BF8E2641 (p2, c1, k60).
1779528283: Client auto-8B45D5AE-3F46-785E-2D7B-C196BF8E2641 disconnected.
1779528313: New connection from ::1:35232 on port 1883.
1779528313: New client connected from ::1:35232 as auto-8688F9AC-A29F-01E9-ED61-883924FBC5BA (p2, c1, k60).
1779528313: Client auto-8688F9AC-A29F-01E9-ED61-883924FBC5BA disconnected.
1779528343: New connection from ::1:49942 on port 1883.
1779528343: New client connected from ::1:49942 as auto-1E2D1FC1-B15B-3B7F-B81E-1BEEA59C10EA (p2, c1, k60).
1779528343: Client auto-1E2D1FC1-B15B-3B7F-B81E-1BEEA59C10EA disconnected.
1779528355: Client mqttjs_004475b6 closed its connection.
1779528373: New connection from ::1:48588 on port 1883.
1779528373: New client connected from ::1:48588 as auto-AD6A0BB6-D773-829D-BD1F-8AC17A970AAB (p2, c1, k60).
1779528373: Client auto-AD6A0BB6-D773-829D-BD1F-8AC17A970AAB disconnected.
1779528384: New client connected from 142.251.110.207:35451 as mqttjs_004475b6 (p2, c1, k60).
1779528403: New connection from ::1:59016 on port 1883.
1779528403: New client connected from ::1:59016 as auto-83152957-0281-715B-D4EB-8D71CF055B80 (p2, c1, k60).
1779528403: Client auto-83152957-0281-715B-D4EB-8D71CF055B80 disconnected.
1779528433: New connection from ::1:56876 on port 1883.
1779528433: New client connected from ::1:56876 as auto-137732F5-7E8A-0777-894D-5F964BC90726 (p2, c1, k60).
1779528433: Client auto-137732F5-7E8A-0777-894D-5F964BC90726 disconnected.
1779528463: New connection from ::1:46390 on port 1883.
1779528463: New client connected from ::1:46390 as auto-926CE278-ED5E-A92A-318F-C22569C74B67 (p2, c1, k60).
1779528463: Client auto-926CE278-ED5E-A92A-318F-C22569C74B67 disconnected.
1779528475: Client mqttjs_004475b6 closed its connection.
1779528476: New client connected from 142.251.110.207:18501 as mqttjs_004475b6 (p2, c1, k60).
1779528493: New connection from ::1:50360 on port 1883.
1779528493: New client connected from ::1:50360 as auto-CAED3A6F-E9E5-1523-A4D7-C90A5B5F39B7 (p2, c1, k60).
1779528493: Client auto-CAED3A6F-E9E5-1523-A4D7-C90A5B5F39B7 disconnected.
1779528523: New connection from ::1:43614 on port 1883.
1779528523: New client connected from ::1:43614 as auto-6B52D7BF-E61C-6CE6-E33B-02B42B90F226 (p2, c1, k60).
1779528523: Client auto-6B52D7BF-E61C-6CE6-E33B-02B42B90F226 disconnected.
1779528553: New connection from ::1:50944 on port 1883.
1779528553: New client connected from ::1:50944 as auto-0FE215A9-90BC-D387-3FD3-4D2B77A338D2 (p2, c1, k60).
1779528553: Client auto-0FE215A9-90BC-D387-3FD3-4D2B77A338D2 disconnected.
1779528567: Client mqttjs_004475b6 closed its connection.
1779528583: New connection from ::1:34612 on port 1883.
1779528583: New client connected from ::1:34612 as auto-F60A40AC-B168-5AF3-D9B2-421453D73D1A (p2, c1, k60).
1779528583: Client auto-F60A40AC-B168-5AF3-D9B2-421453D73D1A disconnected.
1779528613: New connection from ::1:54648 on port 1883.
1779528613: New client connected from ::1:54648 as auto-21485F84-66A6-B6E6-0141-03703F11BCEA (p2, c1, k60).
1779528613: Client auto-21485F84-66A6-B6E6-0141-03703F11BCEA disconnected.
1779528644: New connection from ::1:44044 on port 1883.
1779528644: New client connected from ::1:44044 as auto-FD072E0F-E094-2A8E-D07E-19A90EAD2862 (p2, c1, k60).
1779528644: Client auto-FD072E0F-E094-2A8E-D07E-19A90EAD2862 disconnected.
1779528674: New connection from ::1:50162 on port 1883.
1779528674: New client connected from ::1:50162 as auto-83BB2B31-239A-C736-84D2-6D6B0522CC2E (p2, c1, k60).
1779528674: Client auto-83BB2B31-239A-C736-84D2-6D6B0522CC2E disconnected.
1779528704: New connection from ::1:46450 on port 1883.
1779528704: New client connected from ::1:46450 as auto-48DE4D34-E8A4-BC65-D166-BDC0636466A6 (p2, c1, k60).
1779528704: Client auto-48DE4D34-E8A4-BC65-D166-BDC0636466A6 disconnected.
1779528734: New connection from ::1:49336 on port 1883.
1779528734: New client connected from ::1:49336 as auto-B6DE54F8-2504-9209-F47F-D7EFA46E2D24 (p2, c1, k60).
1779528734: Client auto-B6DE54F8-2504-9209-F47F-D7EFA46E2D24 disconnected.
1779528764: New connection from ::1:43492 on port 1883.
1779528764: New client connected from ::1:43492 as auto-7654A3B7-3BEA-2633-F977-042C4AF5F490 (p2, c1, k60).
1779528764: Client auto-7654A3B7-3BEA-2633-F977-042C4AF5F490 disconnected.
1779528794: New connection from ::1:53518 on port 1883.
1779528794: New client connected from ::1:53518 as auto-40DB7F37-7F65-AD93-AB8E-1C54C908F75E (p2, c1, k60).
1779528794: Client auto-40DB7F37-7F65-AD93-AB8E-1C54C908F75E disconnected.
1779528824: New connection from ::1:40192 on port 1883.
1779528824: New client connected from ::1:40192 as auto-472C635F-B02B-0D23-76BF-24FE17EFD5E6 (p2, c1, k60).
1779528824: Client auto-472C635F-B02B-0D23-76BF-24FE17EFD5E6 disconnected.
1779528854: New connection from ::1:55680 on port 1883.
1779528854: New client connected from ::1:55680 as auto-DB1D6FA7-07F3-7E00-965B-AB276B6E9733 (p2, c1, k60).
1779528854: Client auto-DB1D6FA7-07F3-7E00-965B-AB276B6E9733 disconnected.
1779528884: New connection from ::1:48324 on port 1883.
1779528884: New client connected from ::1:48324 as auto-FD6DF71F-9640-E42A-30F6-866EA8B4653A (p2, c1, k60).
1779528884: Client auto-FD6DF71F-9640-E42A-30F6-866EA8B4653A disconnected.
1779528914: New connection from ::1:43452 on port 1883.
1779528914: New client connected from ::1:43452 as auto-82015635-9C43-C591-677F-78337C3E1A79 (p2, c1, k60).
1779528914: Client auto-82015635-9C43-C591-677F-78337C3E1A79 disconnected.
1779528944: New connection from ::1:35800 on port 1883.
1779528944: New client connected from ::1:35800 as auto-62DF6087-C9D3-3FF0-FA0C-9C15B2EFB996 (p2, c1, k60).
1779528944: Client auto-62DF6087-C9D3-3FF0-FA0C-9C15B2EFB996 disconnected.
1779528974: New connection from ::1:54032 on port 1883.
1779528974: New client connected from ::1:54032 as auto-A441378E-DE03-E428-ECC3-B1F0CB8DFA79 (p2, c1, k60).
1779528974: Client auto-A441378E-DE03-E428-ECC3-B1F0CB8DFA79 disconnected.
1779528975: New client connected from 142.251.110.207:64164 as mqttjs_004475b6 (p2, c1, k60).
1779529004: New connection from ::1:43354 on port 1883.
1779529004: New client connected from ::1:43354 as auto-CAF19C0F-97CB-4769-C44D-47DED0AD0890 (p2, c1, k60).
1779529004: Client auto-CAF19C0F-97CB-4769-C44D-47DED0AD0890 disconnected.
1779529034: New connection from ::1:43988 on port 1883.
1779529034: New client connected from ::1:43988 as auto-703C0C5A-B574-A501-2004-28902C3829A8 (p2, c1, k60).
1779529034: Client auto-703C0C5A-B574-A501-2004-28902C3829A8 disconnected.
1779529064: New connection from ::1:46648 on port 1883.
1779529064: New client connected from ::1:46648 as auto-3ABAC6CC-35AC-D85F-331F-2D409CB8AEFC (p2, c1, k60).
1779529064: Client auto-3ABAC6CC-35AC-D85F-331F-2D409CB8AEFC disconnected.
1779529094: New connection from ::1:40540 on port 1883.
1779529094: New client connected from ::1:40540 as auto-CA072155-B567-BFCF-1C1D-ECC053F44E5B (p2, c1, k60).
1779529094: Client auto-CA072155-B567-BFCF-1C1D-ECC053F44E5B disconnected.
1779529124: New connection from ::1:48240 on port 1883.
1779529124: New client connected from ::1:48240 as auto-AA9E9A04-4A49-EFC0-D63F-1DCFB40C09EC (p2, c1, k60).
1779529124: Client auto-AA9E9A04-4A49-EFC0-D63F-1DCFB40C09EC disconnected.
1779529155: New connection from ::1:54388 on port 1883.
1779529155: New client connected from ::1:54388 as auto-3A7FFBEC-31C4-2E95-6664-77A099FE073A (p2, c1, k60).
1779529155: Client auto-3A7FFBEC-31C4-2E95-6664-77A099FE073A disconnected.
1779529185: New connection from ::1:40206 on port 1883.
1779529185: New client connected from ::1:40206 as auto-F181FEC7-0332-D5FE-83DC-CDBCAC89F308 (p2, c1, k60).
1779529185: Client auto-F181FEC7-0332-D5FE-83DC-CDBCAC89F308 disconnected.
1779529215: New connection from ::1:45074 on port 1883.
1779529215: New client connected from ::1:45074 as auto-938D0DBD-67C0-5F55-8D5E-587DABACE671 (p2, c1, k60).
1779529215: Client auto-938D0DBD-67C0-5F55-8D5E-587DABACE671 disconnected.
1779529241: Saving in-memory database to /mosquitto/data//mosquitto.db.
1779529245: New connection from ::1:45324 on port 1883.
1779529245: New client connected from ::1:45324 as auto-A72ACE7E-725D-6CFE-8DFD-F0C178A99955 (p2, c1, k60).
1779529245: Client auto-A72ACE7E-725D-6CFE-8DFD-F0C178A99955 disconnected.
1779529275: New connection from ::1:34102 on port 1883.
1779529275: New client connected from ::1:34102 as auto-5E8DD8C0-ED17-BDFA-7F46-A9B7DD6F6EA3 (p2, c1, k60).
1779529275: Client auto-5E8DD8C0-ED17-BDFA-7F46-A9B7DD6F6EA3 disconnected.
1779529305: New connection from ::1:45852 on port 1883.
1779529305: New client connected from ::1:45852 as auto-A307212B-67AF-2813-95C2-00703C3203C8 (p2, c1, k60).
1779529305: Client auto-A307212B-67AF-2813-95C2-00703C3203C8 disconnected.
1779529335: New connection from ::1:58652 on port 1883.
1779529335: New client connected from ::1:58652 as auto-AD76B283-1698-7F97-BFB3-7E6C82EFAA0E (p2, c1, k60).
1779529335: Client auto-AD76B283-1698-7F97-BFB3-7E6C82EFAA0E disconnected.
1779529365: New connection from ::1:43314 on port 1883.
1779529365: New client connected from ::1:43314 as auto-43A5DA1F-9371-A304-735C-6194EBC00687 (p2, c1, k60).
1779529365: Client auto-43A5DA1F-9371-A304-735C-6194EBC00687 disconnected.
1779529387: Client mqttjs_004475b6 closed its connection.
1779529395: New connection from ::1:45962 on port 1883.
1779529395: New client connected from ::1:45962 as auto-44B17979-D6E1-2977-AD56-792E60E9608B (p2, c1, k60).
1779529395: Client auto-44B17979-D6E1-2977-AD56-792E60E9608B disconnected.
1779529425: New connection from ::1:57462 on port 1883.
1779529425: New client connected from ::1:57462 as auto-A449B891-8DFA-980B-5CB0-9FDDFFCAC348 (p2, c1, k60).
1779529425: Client auto-A449B891-8DFA-980B-5CB0-9FDDFFCAC348 disconnected.
1779529455: New connection from ::1:45798 on port 1883.
1779529455: New client connected from ::1:45798 as auto-9C5D7D48-245A-6281-1BDC-E832FD01B518 (p2, c1, k60).
1779529455: Client auto-9C5D7D48-245A-6281-1BDC-E832FD01B518 disconnected.
1779529485: New connection from ::1:58256 on port 1883.
1779529485: New client connected from ::1:58256 as auto-1BAEF5CC-D938-0076-73F3-65203676D05F (p2, c1, k60).
1779529485: Client auto-1BAEF5CC-D938-0076-73F3-65203676D05F disconnected.
1779529515: New connection from ::1:58156 on port 1883.
1779529515: New client connected from ::1:58156 as auto-CE432A0A-5BA7-F3DC-EF62-4250F10A5AFD (p2, c1, k60).
1779529515: Client auto-CE432A0A-5BA7-F3DC-EF62-4250F10A5AFD disconnected.
1779529545: New connection from ::1:55604 on port 1883.
1779529545: New client connected from ::1:55604 as auto-D9B0F4FF-C3E4-3103-C5BD-6CFAA2B85912 (p2, c1, k60).
1779529545: Client auto-D9B0F4FF-C3E4-3103-C5BD-6CFAA2B85912 disconnected.
1779529576: New connection from ::1:37490 on port 1883.
1779529576: New client connected from ::1:37490 as auto-D4270023-21B1-69CA-4326-19C52F6BDE14 (p2, c1, k60).
1779529576: Client auto-D4270023-21B1-69CA-4326-19C52F6BDE14 disconnected.
1779529606: New connection from ::1:33676 on port 1883.
1779529606: New client connected from ::1:33676 as auto-08147C74-2057-4DF2-59CA-A40A6F451187 (p2, c1, k60).
1779529606: Client auto-08147C74-2057-4DF2-59CA-A40A6F451187 disconnected.
1779529636: New connection from ::1:46720 on port 1883.
1779529636: New client connected from ::1:46720 as auto-F1F74B8B-5AA9-87DA-27D3-471E6CB7486C (p2, c1, k60).
1779529636: Client auto-F1F74B8B-5AA9-87DA-27D3-471E6CB7486C disconnected.
1779529666: New connection from ::1:43234 on port 1883.
1779529666: New client connected from ::1:43234 as auto-422AB466-3EAA-8842-E768-78F7CA565BF0 (p2, c1, k60).
1779529666: Client auto-422AB466-3EAA-8842-E768-78F7CA565BF0 disconnected.
1779529696: New connection from ::1:40388 on port 1883.
1779529696: New client connected from ::1:40388 as auto-5F6B59DD-ED9F-AB5B-C687-24FFA6327F4B (p2, c1, k60).
1779529696: Client auto-5F6B59DD-ED9F-AB5B-C687-24FFA6327F4B disconnected.
1779529726: New connection from ::1:41694 on port 1883.
1779529726: New client connected from ::1:41694 as auto-AFD9E830-F356-83FA-2130-63D0C0173533 (p2, c1, k60).
1779529726: Client auto-AFD9E830-F356-83FA-2130-63D0C0173533 disconnected.
1779529756: New connection from ::1:41794 on port 1883.
1779529756: New client connected from ::1:41794 as auto-81C24DBC-BBB6-1C1F-0EA8-D1A51024923E (p2, c1, k60).
1779529756: Client auto-81C24DBC-BBB6-1C1F-0EA8-D1A51024923E disconnected.
1779529786: New connection from ::1:34046 on port 1883.
1779529786: New client connected from ::1:34046 as auto-BFABF863-52E0-16E9-04AE-20EF335EB9B2 (p2, c1, k60).
1779529786: Client auto-BFABF863-52E0-16E9-04AE-20EF335EB9B2 disconnected.
1779529816: New connection from ::1:59866 on port 1883.
1779529816: New client connected from ::1:59866 as auto-A3A09FF0-6D28-0F48-2315-9F1FC9FE5D88 (p2, c1, k60).
1779529816: Client auto-A3A09FF0-6D28-0F48-2315-9F1FC9FE5D88 disconnected.
1779529846: New connection from ::1:53448 on port 1883.
1779529846: New client connected from ::1:53448 as auto-6125E6C7-6698-6CF1-E4AF-04389A451A85 (p2, c1, k60).
1779529846: Client auto-6125E6C7-6698-6CF1-E4AF-04389A451A85 disconnected.
1779529876: New connection from ::1:41490 on port 1883.
1779529876: New client connected from ::1:41490 as auto-9B83A0B6-A1E7-912A-0D9B-65A9F6BA1DD9 (p2, c1, k60).
1779529876: Client auto-9B83A0B6-A1E7-912A-0D9B-65A9F6BA1DD9 disconnected.
1779529906: New connection from ::1:38640 on port 1883.
1779529906: New client connected from ::1:38640 as auto-394085AA-3338-185D-9563-8757B3F716C4 (p2, c1, k60).
1779529906: Client auto-394085AA-3338-185D-9563-8757B3F716C4 disconnected.
1779529936: New connection from ::1:49548 on port 1883.
1779529936: New client connected from ::1:49548 as auto-836A46E1-77EC-3F59-F537-E627609055DB (p2, c1, k60).
1779529936: Client auto-836A46E1-77EC-3F59-F537-E627609055DB disconnected.
1779529966: New connection from ::1:39938 on port 1883.
1779529966: New client connected from ::1:39938 as auto-35A53AA1-C974-0826-EFD8-BB935895839D (p2, c1, k60).
1779529966: Client auto-35A53AA1-C974-0826-EFD8-BB935895839D disconnected.
1779529996: New connection from ::1:33978 on port 1883.
1779529996: New client connected from ::1:33978 as auto-A0D67019-B57A-8D1B-8F26-F1C29FC1CE41 (p2, c1, k60).
1779529996: Client auto-A0D67019-B57A-8D1B-8F26-F1C29FC1CE41 disconnected.
1779530026: New connection from ::1:44744 on port 1883.
1779530026: New client connected from ::1:44744 as auto-60C648DA-42CE-4CCD-672C-C3960208B378 (p2, c1, k60).
1779530026: Client auto-60C648DA-42CE-4CCD-672C-C3960208B378 disconnected.
1779530057: New connection from ::1:33122 on port 1883.
1779530057: New client connected from ::1:33122 as auto-78DBBE87-DEFB-6A1A-BC88-7F5C0E0CB029 (p2, c1, k60).
1779530057: Client auto-78DBBE87-DEFB-6A1A-BC88-7F5C0E0CB029 disconnected.
1779530087: New connection from ::1:59822 on port 1883.
1779530087: New client connected from ::1:59822 as auto-225CF605-6596-563A-CB85-12295EE044FB (p2, c1, k60).
1779530087: Client auto-225CF605-6596-563A-CB85-12295EE044FB disconnected.
1779530117: New connection from ::1:56136 on port 1883.
1779530117: New client connected from ::1:56136 as auto-1A8D7BD0-BF8A-991E-5864-DFF09AAB7586 (p2, c1, k60).
1779530117: Client auto-1A8D7BD0-BF8A-991E-5864-DFF09AAB7586 disconnected.
1779530147: New connection from ::1:33250 on port 1883.
1779530147: New client connected from ::1:33250 as auto-99FCA4CF-A9E7-976C-984A-CD3A2EAF93D0 (p2, c1, k60).
1779530147: Client auto-99FCA4CF-A9E7-976C-984A-CD3A2EAF93D0 disconnected.
1779530177: New connection from ::1:42502 on port 1883.
1779530177: New client connected from ::1:42502 as auto-782DE9D5-564D-D422-EC89-77B61469BA9F (p2, c1, k60).
1779530177: Client auto-782DE9D5-564D-D422-EC89-77B61469BA9F disconnected.
1779530207: New connection from ::1:49216 on port 1883.
1779530207: New client connected from ::1:49216 as auto-0F9F004C-B6E7-8F8F-A555-7DC008FDB187 (p2, c1, k60).
1779530207: Client auto-0F9F004C-B6E7-8F8F-A555-7DC008FDB187 disconnected.
1779530237: New connection from ::1:38754 on port 1883.
1779530237: New client connected from ::1:38754 as auto-C92773D0-E461-A3FE-7B9E-A830F8EB4143 (p2, c1, k60).
1779530237: Client auto-C92773D0-E461-A3FE-7B9E-A830F8EB4143 disconnected.
1779530267: New connection from ::1:49248 on port 1883.
1779530267: New client connected from ::1:49248 as auto-818F586C-0918-6A36-EAC9-E9E5CAFA57B7 (p2, c1, k60).
1779530267: Client auto-818F586C-0918-6A36-EAC9-E9E5CAFA57B7 disconnected.
1779530297: New connection from ::1:47248 on port 1883.
1779530297: New client connected from ::1:47248 as auto-5EC88C1E-64EE-B74D-D483-C567A20AEE7B (p2, c1, k60).
1779530297: Client auto-5EC88C1E-64EE-B74D-D483-C567A20AEE7B disconnected.
1779530327: New connection from ::1:46842 on port 1883.
1779530327: New client connected from ::1:46842 as auto-151F9B2A-BE27-19D9-0929-59E550B034C3 (p2, c1, k60).
1779530327: Client auto-151F9B2A-BE27-19D9-0929-59E550B034C3 disconnected.
1779530357: New connection from ::1:38698 on port 1883.
1779530357: New client connected from ::1:38698 as auto-6729151C-E431-F3D9-CB20-8C55BA369B5B (p2, c1, k60).
1779530357: Client auto-6729151C-E431-F3D9-CB20-8C55BA369B5B disconnected.
1779530387: New connection from ::1:32910 on port 1883.
1779530387: New client connected from ::1:32910 as auto-F6F3D57D-D2AE-393D-7E3B-A6013D608527 (p2, c1, k60).
1779530387: Client auto-F6F3D57D-D2AE-393D-7E3B-A6013D608527 disconnected.
1779530417: New connection from ::1:46746 on port 1883.
1779530417: New client connected from ::1:46746 as auto-C49915CE-DBA1-DEA5-3350-BE32E64670F6 (p2, c1, k60).
1779530417: Client auto-C49915CE-DBA1-DEA5-3350-BE32E64670F6 disconnected.
1779530447: New connection from ::1:56956 on port 1883.
1779530447: New client connected from ::1:56956 as auto-1F45A9B3-AEC3-5FB1-57D2-A6419351A400 (p2, c1, k60).
1779530447: Client auto-1F45A9B3-AEC3-5FB1-57D2-A6419351A400 disconnected.
1779530477: New connection from ::1:39280 on port 1883.
1779530477: New client connected from ::1:39280 as auto-B8D5C16A-ECE3-B422-483B-86C223B16556 (p2, c1, k60).
1779530477: Client auto-B8D5C16A-ECE3-B422-483B-86C223B16556 disconnected.
1779530507: New connection from ::1:53854 on port 1883.
1779530507: New client connected from ::1:53854 as auto-76EF771A-AE0F-2C60-F5F4-810F0FC40792 (p2, c1, k60).
1779530507: Client auto-76EF771A-AE0F-2C60-F5F4-810F0FC40792 disconnected.
1779530538: New connection from ::1:56536 on port 1883.
1779530538: New client connected from ::1:56536 as auto-F0F749B3-4CEF-DCCD-79AB-1782D03C6189 (p2, c1, k60).
1779530538: Client auto-F0F749B3-4CEF-DCCD-79AB-1782D03C6189 disconnected.
1779530568: New connection from ::1:43058 on port 1883.
1779530568: New client connected from ::1:43058 as auto-D291D18E-360F-2CBC-1119-FF2FFED2F275 (p2, c1, k60).
1779530568: Client auto-D291D18E-360F-2CBC-1119-FF2FFED2F275 disconnected.
1779530598: New connection from ::1:42876 on port 1883.
1779530598: New client connected from ::1:42876 as auto-3E83D279-816D-93A1-6FA6-DD22518B77AC (p2, c1, k60).
1779530598: Client auto-3E83D279-816D-93A1-6FA6-DD22518B77AC disconnected.
1779531855: New connection from ::1:50444 on port 1883.
1779531855: New client connected from ::1:50444 as auto-D510BB98-2110-DB5D-A968-932F6ECA606F (p2, c1, k60).
1779531855: Client auto-D510BB98-2110-DB5D-A968-932F6ECA606F disconnected.
1779531885: New connection from ::1:60164 on port 1883.
1779531885: New client connected from ::1:60164 as auto-EEF4D9F9-67AD-F614-84C9-56D73A60DA8C (p2, c1, k60).
1779531885: Client auto-EEF4D9F9-67AD-F614-84C9-56D73A60DA8C disconnected.
1779531915: New connection from ::1:46652 on port 1883.
1779531915: New client connected from ::1:46652 as auto-5BA915B1-7714-C3FA-3383-ACD0DE974BF8 (p2, c1, k60).
1779531915: Client auto-5BA915B1-7714-C3FA-3383-ACD0DE974BF8 disconnected.
1779531946: New connection from ::1:57194 on port 1883.
1779531946: New client connected from ::1:57194 as auto-98ED5FF8-67F3-D253-5076-6505B03FB5AF (p2, c1, k60).
1779531946: Client auto-98ED5FF8-67F3-D253-5076-6505B03FB5AF disconnected.
1779531976: New connection from ::1:48164 on port 1883.
1779531976: New client connected from ::1:48164 as auto-897CA9D9-5093-A336-B6B8-7F70D375EEA6 (p2, c1, k60).
1779531976: Client auto-897CA9D9-5093-A336-B6B8-7F70D375EEA6 disconnected.
1779532006: New connection from ::1:36644 on port 1883.
1779532006: New client connected from ::1:36644 as auto-3D7B5489-E1EF-BAEB-DBDD-4570F92D60AD (p2, c1, k60).
1779532006: Client auto-3D7B5489-E1EF-BAEB-DBDD-4570F92D60AD disconnected.
1779532036: New connection from ::1:38002 on port 1883.
1779532036: New client connected from ::1:38002 as auto-682EB0DF-2125-6DCF-E4BF-035819803459 (p2, c1, k60).
1779532036: Client auto-682EB0DF-2125-6DCF-E4BF-035819803459 disconnected.
1779532066: New connection from ::1:52710 on port 1883.
1779532066: New client connected from ::1:52710 as auto-46C41D5D-C531-5075-AF00-19CF68177DCE (p2, c1, k60).
1779532066: Client auto-46C41D5D-C531-5075-AF00-19CF68177DCE disconnected.
1779532096: New connection from ::1:50546 on port 1883.
1779532096: New client connected from ::1:50546 as auto-B1401F3A-4CD1-4DE7-332E-E002E3BB1FC5 (p2, c1, k60).
1779532096: Client auto-B1401F3A-4CD1-4DE7-332E-E002E3BB1FC5 disconnected.
1779532126: New connection from ::1:45082 on port 1883.
1779532126: New client connected from ::1:45082 as auto-3F790D7D-BFC9-5D9B-3BF1-46A1ED2610A2 (p2, c1, k60).
1779532126: Client auto-3F790D7D-BFC9-5D9B-3BF1-46A1ED2610A2 disconnected.
1779532156: New connection from ::1:60010 on port 1883.
1779532156: New client connected from ::1:60010 as auto-0224E452-6B69-4661-9C8F-E78B015565C8 (p2, c1, k60).
1779532156: Client auto-0224E452-6B69-4661-9C8F-E78B015565C8 disconnected.
1779532186: New connection from ::1:47650 on port 1883.
1779532186: New client connected from ::1:47650 as auto-6D52D6FF-6695-9B9F-7D92-EE1B79ABBB7F (p2, c1, k60).
1779532186: Client auto-6D52D6FF-6695-9B9F-7D92-EE1B79ABBB7F disconnected.
1779532216: New connection from ::1:35384 on port 1883.
1779532216: New client connected from ::1:35384 as auto-5CE70691-8A9C-5B86-4919-94DEE01C7A16 (p2, c1, k60).
1779532216: Client auto-5CE70691-8A9C-5B86-4919-94DEE01C7A16 disconnected.
1779532246: New connection from ::1:37818 on port 1883.
1779532246: New client connected from ::1:37818 as auto-2B7A4445-4115-87B9-6527-C23927F2A8C9 (p2, c1, k60).
1779532246: Client auto-2B7A4445-4115-87B9-6527-C23927F2A8C9 disconnected.
1779532270: Saving in-memory database to /mosquitto/data//mosquitto.db.
1779532276: New connection from ::1:56754 on port 1883.
1779532276: New client connected from ::1:56754 as auto-882FE28D-3691-E7C5-D81F-03FB5148D96F (p2, c1, k60).
1779532276: Client auto-882FE28D-3691-E7C5-D81F-03FB5148D96F disconnected.
1779532306: New connection from ::1:52338 on port 1883.
1779532306: New client connected from ::1:52338 as auto-674FE212-9BAA-95CC-E358-7359662F4F22 (p2, c1, k60).
1779532306: Client auto-674FE212-9BAA-95CC-E358-7359662F4F22 disconnected.
1779532336: New connection from ::1:38106 on port 1883.
1779532336: New client connected from ::1:38106 as auto-0EAE5494-A850-2D53-F9F2-D9EAD5024263 (p2, c1, k60).
1779532336: Client auto-0EAE5494-A850-2D53-F9F2-D9EAD5024263 disconnected.
1779532366: New connection from ::1:48214 on port 1883.
1779532366: New client connected from ::1:48214 as auto-732017C0-0846-B7C7-3284-BE897D11233D (p2, c1, k60).
1779532366: Client auto-732017C0-0846-B7C7-3284-BE897D11233D disconnected.
1779532397: New connection from ::1:43160 on port 1883.
1779532397: New client connected from ::1:43160 as auto-1955736A-88FC-0B61-FAD2-0DBC160537B1 (p2, c1, k60).
1779532397: Client auto-1955736A-88FC-0B61-FAD2-0DBC160537B1 disconnected.
1779532427: New connection from ::1:59384 on port 1883.
1779532427: New client connected from ::1:59384 as auto-414ACE6B-5126-402A-E437-38C1C0B33E6A (p2, c1, k60).
1779532427: Client auto-414ACE6B-5126-402A-E437-38C1C0B33E6A disconnected.
1779532457: New connection from ::1:44512 on port 1883.
1779532457: New client connected from ::1:44512 as auto-81F83C11-F22D-CFD6-426D-436FF9C33297 (p2, c1, k60).
1779532457: Client auto-81F83C11-F22D-CFD6-426D-436FF9C33297 disconnected.
1779532487: New connection from ::1:44380 on port 1883.
1779532487: New client connected from ::1:44380 as auto-A019C83D-011B-F328-85C6-8FC56939D81F (p2, c1, k60).
1779532487: Client auto-A019C83D-011B-F328-85C6-8FC56939D81F disconnected.
1779532517: New connection from ::1:57532 on port 1883.
1779532517: New client connected from ::1:57532 as auto-E8C2657E-4104-EBE5-5263-2E25E79ECCE4 (p2, c1, k60).
1779532517: Client auto-E8C2657E-4104-EBE5-5263-2E25E79ECCE4 disconnected.
1779532547: New connection from ::1:56006 on port 1883.
1779532547: New client connected from ::1:56006 as auto-4A674E05-E947-C5D6-927C-B7709E72A8DA (p2, c1, k60).
1779532547: Client auto-4A674E05-E947-C5D6-927C-B7709E72A8DA disconnected.
1779532577: New connection from ::1:58996 on port 1883.
1779532577: New client connected from ::1:58996 as auto-F5CA38E0-889B-7AA3-60BC-B555A4413461 (p2, c1, k60).
1779532577: Client auto-F5CA38E0-889B-7AA3-60BC-B555A4413461 disconnected.
1779532607: New connection from ::1:37594 on port 1883.
1779532607: New client connected from ::1:37594 as auto-FD877948-A239-B755-15A7-368249A09424 (p2, c1, k60).
1779532607: Client auto-FD877948-A239-B755-15A7-368249A09424 disconnected.
1779532637: New connection from ::1:36612 on port 1883.
1779532637: New client connected from ::1:36612 as auto-95C8D9CC-0DC6-104F-EA5D-276D7CDF7688 (p2, c1, k60).
1779532637: Client auto-95C8D9CC-0DC6-104F-EA5D-276D7CDF7688 disconnected.
1779532667: New connection from ::1:42860 on port 1883.
1779532667: New client connected from ::1:42860 as auto-354156E3-3A1F-1CDD-AEC2-9377342C7A22 (p2, c1, k60).
1779532667: Client auto-354156E3-3A1F-1CDD-AEC2-9377342C7A22 disconnected.
1779532697: New connection from ::1:59034 on port 1883.
1779532697: New client connected from ::1:59034 as auto-1EC6695D-5023-825D-D0A6-E8121BBA3479 (p2, c1, k60).
1779532697: Client auto-1EC6695D-5023-825D-D0A6-E8121BBA3479 disconnected.
1779532727: New connection from ::1:56478 on port 1883.
1779532727: New client connected from ::1:56478 as auto-17A02891-C2D9-3C90-886A-0DD8188C7D98 (p2, c1, k60).
1779532727: Client auto-17A02891-C2D9-3C90-886A-0DD8188C7D98 disconnected.
1779532757: New connection from ::1:51012 on port 1883.
1779532757: New client connected from ::1:51012 as auto-2B8B1C79-1470-7592-4949-AC2FB074B4D9 (p2, c1, k60).
1779532757: Client auto-2B8B1C79-1470-7592-4949-AC2FB074B4D9 disconnected.
1779532787: New connection from ::1:56446 on port 1883.
1779532787: New client connected from ::1:56446 as auto-595DE1B5-85DC-7125-80F1-4D8BDF113FAA (p2, c1, k60).
1779532787: Client auto-595DE1B5-85DC-7125-80F1-4D8BDF113FAA disconnected.
1779532817: New connection from ::1:43098 on port 1883.
1779532817: New client connected from ::1:43098 as auto-49A4843B-87F9-B9FD-58C9-9D976CE54297 (p2, c1, k60).
1779532817: Client auto-49A4843B-87F9-B9FD-58C9-9D976CE54297 disconnected.
1779532848: New connection from ::1:39364 on port 1883.
1779532848: New client connected from ::1:39364 as auto-0F5B84E3-F388-0214-60AB-86B10049A764 (p2, c1, k60).
1779532848: Client auto-0F5B84E3-F388-0214-60AB-86B10049A764 disconnected.
1779532878: New connection from ::1:59982 on port 1883.
1779532878: New client connected from ::1:59982 as auto-2798AB66-AC1D-9B7D-15B6-4282525CBE27 (p2, c1, k60).
1779532878: Client auto-2798AB66-AC1D-9B7D-15B6-4282525CBE27 disconnected.
1779532908: New connection from ::1:36864 on port 1883.
1779532908: New client connected from ::1:36864 as auto-99531199-9C88-8613-6737-B7F6DAF24C3A (p2, c1, k60).
1779532908: Client auto-99531199-9C88-8613-6737-B7F6DAF24C3A disconnected.
1779532938: New connection from ::1:47292 on port 1883.
1779532938: New client connected from ::1:47292 as auto-B23B55B8-94DE-59D0-E45E-E1A6862061D9 (p2, c1, k60).
1779532938: Client auto-B23B55B8-94DE-59D0-E45E-E1A6862061D9 disconnected.
1779532968: New connection from ::1:34448 on port 1883.
1779532968: New client connected from ::1:34448 as auto-ECA15E97-1B2E-A582-CE8D-DA93C1A3FBAF (p2, c1, k60).
1779532968: Client auto-ECA15E97-1B2E-A582-CE8D-DA93C1A3FBAF disconnected.
1779532998: New connection from ::1:56544 on port 1883.
1779532998: New client connected from ::1:56544 as auto-CE5B5EEF-F1EA-5002-3189-8AD31DFBB136 (p2, c1, k60).
1779532998: Client auto-CE5B5EEF-F1EA-5002-3189-8AD31DFBB136 disconnected.
1779533028: New connection from ::1:40186 on port 1883.
1779533028: New client connected from ::1:40186 as auto-3DD57A87-3C7A-CA5F-C2C5-DE8FFE57CD82 (p2, c1, k60).
1779533028: Client auto-3DD57A87-3C7A-CA5F-C2C5-DE8FFE57CD82 disconnected.
1779533058: New connection from ::1:44732 on port 1883.
1779533058: New client connected from ::1:44732 as auto-2513D59C-BB0B-84F0-F1B4-BEFB32563098 (p2, c1, k60).
1779533058: Client auto-2513D59C-BB0B-84F0-F1B4-BEFB32563098 disconnected.
1779533088: New connection from ::1:54714 on port 1883.
1779533088: New client connected from ::1:54714 as auto-5BB5930E-08C3-14D8-8A39-E66EF1D21FD5 (p2, c1, k60).
1779533088: Client auto-5BB5930E-08C3-14D8-8A39-E66EF1D21FD5 disconnected.
1779533118: New connection from ::1:44924 on port 1883.
1779533118: New client connected from ::1:44924 as auto-DECFB00D-CA7C-C399-2348-DC7D8ECCA7D4 (p2, c1, k60).
1779533118: Client auto-DECFB00D-CA7C-C399-2348-DC7D8ECCA7D4 disconnected.
1779533148: New connection from ::1:47278 on port 1883.
1779533148: New client connected from ::1:47278 as auto-842E5CEB-086B-7F35-DE7A-73B2CA89C69C (p2, c1, k60).
1779533148: Client auto-842E5CEB-086B-7F35-DE7A-73B2CA89C69C disconnected.
1779533178: New connection from ::1:58196 on port 1883.
1779533178: New client connected from ::1:58196 as auto-0E6328FA-9E07-EE81-F775-1A702224DD90 (p2, c1, k60).
1779533178: Client auto-0E6328FA-9E07-EE81-F775-1A702224DD90 disconnected.
1779533208: New connection from ::1:43064 on port 1883.
1779533208: New client connected from ::1:43064 as auto-B60A53A5-AE09-D276-ACFE-A5136607CB7B (p2, c1, k60).
1779533208: Client auto-B60A53A5-AE09-D276-ACFE-A5136607CB7B disconnected.
1779533239: New connection from ::1:50694 on port 1883.
1779533239: New client connected from ::1:50694 as auto-BAA5AD5C-D49C-FB5D-2D7D-953EE30FF157 (p2, c1, k60).
1779533239: Client auto-BAA5AD5C-D49C-FB5D-2D7D-953EE30FF157 disconnected.
1779533269: New connection from ::1:35518 on port 1883.
1779533269: New client connected from ::1:35518 as auto-1A7204C0-A29D-C40D-96D0-8A692BECDC92 (p2, c1, k60).
1779533269: Client auto-1A7204C0-A29D-C40D-96D0-8A692BECDC92 disconnected.
1779533299: New connection from ::1:58636 on port 1883.
1779533299: New client connected from ::1:58636 as auto-A5908F04-BBB9-A987-EE21-9FBAAC371C99 (p2, c1, k60).
1779533299: Client auto-A5908F04-BBB9-A987-EE21-9FBAAC371C99 disconnected.
1779533329: New connection from ::1:51774 on port 1883.
1779533329: New client connected from ::1:51774 as auto-1ABF396E-5168-B2E8-1D61-41B5026C9044 (p2, c1, k60).
1779533329: Client auto-1ABF396E-5168-B2E8-1D61-41B5026C9044 disconnected.
1779533359: New connection from ::1:34402 on port 1883.
1779533359: New client connected from ::1:34402 as auto-663F44BB-0D92-F24C-A12D-B9B8484DC323 (p2, c1, k60).
1779533359: Client auto-663F44BB-0D92-F24C-A12D-B9B8484DC323 disconnected.
1779533389: New connection from ::1:54788 on port 1883.
1779533389: New client connected from ::1:54788 as auto-A3A46894-2BC8-C908-5A1D-0C3CAD530635 (p2, c1, k60).
1779533389: Client auto-A3A46894-2BC8-C908-5A1D-0C3CAD530635 disconnected.
1779533419: New connection from ::1:58626 on port 1883.
1779533419: New client connected from ::1:58626 as auto-37CDCC48-C373-BE1D-321C-F4C46940322A (p2, c1, k60).
1779533419: Client auto-37CDCC48-C373-BE1D-321C-F4C46940322A disconnected.
1779533449: New connection from ::1:38906 on port 1883.
1779533449: New client connected from ::1:38906 as auto-A95FFD40-EE81-1B0E-0F06-3E8B2354C940 (p2, c1, k60).
1779533449: Client auto-A95FFD40-EE81-1B0E-0F06-3E8B2354C940 disconnected.
1779533479: New connection from ::1:60018 on port 1883.
1779533479: New client connected from ::1:60018 as auto-C323EFF7-6B0E-20E0-00D8-4BC244A477EE (p2, c1, k60).
1779533479: Client auto-C323EFF7-6B0E-20E0-00D8-4BC244A477EE disconnected.
1779533509: New connection from ::1:52764 on port 1883.
1779533509: New client connected from ::1:52764 as auto-13F5E5B9-E97D-8296-30F4-C7C727575B82 (p2, c1, k60).
1779533509: Client auto-13F5E5B9-E97D-8296-30F4-C7C727575B82 disconnected.
1779533539: New connection from ::1:35898 on port 1883.
1779533539: New client connected from ::1:35898 as auto-A17E0784-7A0E-07C2-C124-00B33876A70C (p2, c1, k60).
1779533539: Client auto-A17E0784-7A0E-07C2-C124-00B33876A70C disconnected.
1779533569: New connection from ::1:52860 on port 1883.
1779533569: New client connected from ::1:52860 as auto-CEFA0872-942C-1B01-2697-27E0CA7FB41D (p2, c1, k60).
1779533569: Client auto-CEFA0872-942C-1B01-2697-27E0CA7FB41D disconnected.
1779533599: New connection from ::1:57300 on port 1883.
1779533599: New client connected from ::1:57300 as auto-D98E3E20-A7F3-249C-7894-C7E2A1EE1529 (p2, c1, k60).
1779533599: Client auto-D98E3E20-A7F3-249C-7894-C7E2A1EE1529 disconnected.
1779533629: New connection from ::1:52028 on port 1883.
1779533629: New client connected from ::1:52028 as auto-8E706D40-F7B7-74AE-4848-D57B5E7F1020 (p2, c1, k60).
1779533629: Client auto-8E706D40-F7B7-74AE-4848-D57B5E7F1020 disconnected.
1779533659: New connection from ::1:34040 on port 1883.
1779533659: New client connected from ::1:34040 as auto-C1E16F90-023B-E103-6C69-B38532A8B352 (p2, c1, k60).
1779533659: Client auto-C1E16F90-023B-E103-6C69-B38532A8B352 disconnected.
1779533689: New connection from ::1:59448 on port 1883.
1779533689: New client connected from ::1:59448 as auto-4E05214D-889F-7F51-808D-B906046F6966 (p2, c1, k60).
1779533689: Client auto-4E05214D-889F-7F51-808D-B906046F6966 disconnected.
1779533720: New connection from ::1:45442 on port 1883.
1779533720: New client connected from ::1:45442 as auto-5EF24761-A6D8-D5D6-FDDD-6BCBC0F481F7 (p2, c1, k60).
1779533720: Client auto-5EF24761-A6D8-D5D6-FDDD-6BCBC0F481F7 disconnected.
1779533750: New connection from ::1:34274 on port 1883.
1779533750: New client connected from ::1:34274 as auto-172374B4-A197-F70E-33E8-AA843A10BCEB (p2, c1, k60).
1779533750: Client auto-172374B4-A197-F70E-33E8-AA843A10BCEB disconnected.
1779533780: New connection from ::1:40166 on port 1883.
1779533780: New client connected from ::1:40166 as auto-5E9AC9ED-BF74-EF6E-A37E-5F930C8BCAF4 (p2, c1, k60).
1779533780: Client auto-5E9AC9ED-BF74-EF6E-A37E-5F930C8BCAF4 disconnected.
1779533810: New connection from ::1:48108 on port 1883.
1779533810: New client connected from ::1:48108 as auto-729FB5DB-A5A0-2BC7-ACBB-7B119C96CC72 (p2, c1, k60).
1779533810: Client auto-729FB5DB-A5A0-2BC7-ACBB-7B119C96CC72 disconnected.
1779533840: New connection from ::1:49078 on port 1883.
1779533840: New client connected from ::1:49078 as auto-31187F27-E0F6-124B-9C77-D3EF8A70FFA0 (p2, c1, k60).
1779533840: Client auto-31187F27-E0F6-124B-9C77-D3EF8A70FFA0 disconnected.
1779533870: New connection from ::1:32954 on port 1883.
1779533870: New client connected from ::1:32954 as auto-EF0FF183-18C6-5C1C-7A63-DB92DC9B85CB (p2, c1, k60).
1779533870: Client auto-EF0FF183-18C6-5C1C-7A63-DB92DC9B85CB disconnected.
1779533900: New connection from ::1:58928 on port 1883.
1779533900: New client connected from ::1:58928 as auto-7F6B9888-2CC1-00C8-51D5-A2BC7514F090 (p2, c1, k60).
1779533900: Client auto-7F6B9888-2CC1-00C8-51D5-A2BC7514F090 disconnected.
1779533930: New connection from ::1:49820 on port 1883.
1779533930: New client connected from ::1:49820 as auto-8A36502D-BF74-03CF-57F9-35B64BF3C74F (p2, c1, k60).
1779533930: Client auto-8A36502D-BF74-03CF-57F9-35B64BF3C74F disconnected.
1779533960: New connection from ::1:40912 on port 1883.
1779533960: New client connected from ::1:40912 as auto-78A881AB-6CA5-1E34-BA60-0B34AE6591A1 (p2, c1, k60).
1779533960: Client auto-78A881AB-6CA5-1E34-BA60-0B34AE6591A1 disconnected.
1779533990: New connection from ::1:42160 on port 1883.
1779533990: New client connected from ::1:42160 as auto-3536FA84-B042-D553-4DDC-074737546D97 (p2, c1, k60).
1779533990: Client auto-3536FA84-B042-D553-4DDC-074737546D97 disconnected.
1779534020: New connection from ::1:41232 on port 1883.
1779534020: New client connected from ::1:41232 as auto-D663B149-B789-358F-A346-76E516C3425C (p2, c1, k60).
1779534020: Client auto-D663B149-B789-358F-A346-76E516C3425C disconnected.
1779534050: New connection from ::1:47196 on port 1883.
1779534050: New client connected from ::1:47196 as auto-98E86AA9-A9B5-4C84-BB1B-2ADDEC61C425 (p2, c1, k60).
1779534050: Client auto-98E86AA9-A9B5-4C84-BB1B-2ADDEC61C425 disconnected.
1779534071: Saving in-memory database to /mosquitto/data//mosquitto.db.
1779534080: New connection from ::1:59850 on port 1883.
1779534080: New client connected from ::1:59850 as auto-FE1366A1-CA26-F82D-B218-15E978CC148C (p2, c1, k60).
1779534080: Client auto-FE1366A1-CA26-F82D-B218-15E978CC148C disconnected.
1779534110: New connection from ::1:49166 on port 1883.
1779534110: New client connected from ::1:49166 as auto-0266C101-25AF-0843-0F90-D7FF64A46E23 (p2, c1, k60).
1779534110: Client auto-0266C101-25AF-0843-0F90-D7FF64A46E23 disconnected.
1779534140: New connection from ::1:42290 on port 1883.
1779534140: New client connected from ::1:42290 as auto-E1E3DD45-A615-C8D8-1637-818BBB0C2905 (p2, c1, k60).
1779534140: Client auto-E1E3DD45-A615-C8D8-1637-818BBB0C2905 disconnected.
1779534170: New connection from ::1:58268 on port 1883.
1779534170: New client connected from ::1:58268 as auto-616BCB2C-D85D-CEED-99EE-570F5CA2047F (p2, c1, k60).
1779534170: Client auto-616BCB2C-D85D-CEED-99EE-570F5CA2047F disconnected.
1779534200: New connection from ::1:57082 on port 1883.
1779534200: New client connected from ::1:57082 as auto-A8CC79FF-30A5-77D7-216B-87B9491423A2 (p2, c1, k60).
1779534200: Client auto-A8CC79FF-30A5-77D7-216B-87B9491423A2 disconnected.
1779534230: New connection from ::1:41898 on port 1883.
1779534230: New client connected from ::1:41898 as auto-33A02E7A-A1C9-4B7E-B82F-0EB48E9928D4 (p2, c1, k60).
1779534230: Client auto-33A02E7A-A1C9-4B7E-B82F-0EB48E9928D4 disconnected.
1779534260: New connection from ::1:56492 on port 1883.
1779534260: New client connected from ::1:56492 as auto-5072805E-BDBD-7785-6E10-F4EF87C98C89 (p2, c1, k60).
1779534260: Client auto-5072805E-BDBD-7785-6E10-F4EF87C98C89 disconnected.
1779534291: New connection from ::1:48380 on port 1883.
1779534291: New client connected from ::1:48380 as auto-3FE64620-2C41-7027-DBB7-7B9584911EDD (p2, c1, k60).
1779534291: Client auto-3FE64620-2C41-7027-DBB7-7B9584911EDD disconnected.
1779534321: New connection from ::1:53520 on port 1883.
1779534321: New client connected from ::1:53520 as auto-B001AD9C-EB4C-F400-2C6E-27245C66873C (p2, c1, k60).
1779534321: Client auto-B001AD9C-EB4C-F400-2C6E-27245C66873C disconnected.
1779534351: New connection from ::1:44316 on port 1883.
1779534351: New client connected from ::1:44316 as auto-650E816A-4381-7352-465A-A5873000E02A (p2, c1, k60).
1779534351: Client auto-650E816A-4381-7352-465A-A5873000E02A disconnected.
1779534381: New connection from ::1:49940 on port 1883.
1779534381: New client connected from ::1:49940 as auto-926C78AF-D61A-B652-44FA-B3DC04710667 (p2, c1, k60).
1779534381: Client auto-926C78AF-D61A-B652-44FA-B3DC04710667 disconnected.
1779534411: New connection from ::1:57706 on port 1883.
1779534411: New client connected from ::1:57706 as auto-766F5F94-0838-412B-AE6F-28D98AEE797F (p2, c1, k60).
1779534411: Client auto-766F5F94-0838-412B-AE6F-28D98AEE797F disconnected.
1779534441: New connection from ::1:41722 on port 1883.
1779534441: New client connected from ::1:41722 as auto-88290B5D-0062-AC59-D9B3-DD16E249D235 (p2, c1, k60).
1779534441: Client auto-88290B5D-0062-AC59-D9B3-DD16E249D235 disconnected.
1779534471: New connection from ::1:34674 on port 1883.
1779534471: New client connected from ::1:34674 as auto-0A197A58-505E-CB54-CFAC-E6559B833D17 (p2, c1, k60).
1779534471: Client auto-0A197A58-505E-CB54-CFAC-E6559B833D17 disconnected.
1779534501: New connection from ::1:55650 on port 1883.
1779534501: New client connected from ::1:55650 as auto-75BC2DDE-DA9E-0FD1-6ECD-1FC48FD29940 (p2, c1, k60).
1779534501: Client auto-75BC2DDE-DA9E-0FD1-6ECD-1FC48FD29940 disconnected.
1779534531: New connection from ::1:52822 on port 1883.
1779534531: New client connected from ::1:52822 as auto-5F7E8646-61C4-7A85-A904-3B3036854624 (p2, c1, k60).
1779534531: Client auto-5F7E8646-61C4-7A85-A904-3B3036854624 disconnected.
1779534561: New connection from ::1:37966 on port 1883.
1779534561: New client connected from ::1:37966 as auto-F5CC1DC3-5436-CA68-CCD7-874262C26407 (p2, c1, k60).
1779534561: Client auto-F5CC1DC3-5436-CA68-CCD7-874262C26407 disconnected.
1779534591: New connection from ::1:36246 on port 1883.
1779534591: New client connected from ::1:36246 as auto-2E6D8151-0E95-4CF1-1E72-A65AF23B5C9E (p2, c1, k60).
1779534591: Client auto-2E6D8151-0E95-4CF1-1E72-A65AF23B5C9E disconnected.
1779534621: New connection from ::1:40860 on port 1883.
1779534621: New client connected from ::1:40860 as auto-49EB9B72-4BD0-2BF1-DCBC-32E85E709E2D (p2, c1, k60).
1779534621: Client auto-49EB9B72-4BD0-2BF1-DCBC-32E85E709E2D disconnected.
1779534651: New connection from ::1:51856 on port 1883.
1779534651: New client connected from ::1:51856 as auto-D8201220-7A59-5811-645C-FAF948031CC1 (p2, c1, k60).
1779534651: Client auto-D8201220-7A59-5811-645C-FAF948031CC1 disconnected.
1779534681: New connection from ::1:59182 on port 1883.
1779534681: New client connected from ::1:59182 as auto-22A605AE-723E-0D8B-F298-4637B6899395 (p2, c1, k60).
1779534681: Client auto-22A605AE-723E-0D8B-F298-4637B6899395 disconnected.
1779534711: New connection from ::1:45412 on port 1883.
1779534711: New client connected from ::1:45412 as auto-1AC0244C-34E5-4F29-CCEA-8ACB12A77919 (p2, c1, k60).
1779534711: Client auto-1AC0244C-34E5-4F29-CCEA-8ACB12A77919 disconnected.
1779534741: New connection from ::1:39488 on port 1883.
1779534741: New client connected from ::1:39488 as auto-CABC43B3-4003-32CE-12F4-3210AC4B285E (p2, c1, k60).
1779534741: Client auto-CABC43B3-4003-32CE-12F4-3210AC4B285E disconnected.
1779534771: New connection from ::1:41976 on port 1883.
1779534771: New client connected from ::1:41976 as auto-1F5F079C-3D0F-04DA-2F39-7A26E91524E7 (p2, c1, k60).
1779534771: Client auto-1F5F079C-3D0F-04DA-2F39-7A26E91524E7 disconnected.
1779534802: New connection from ::1:49210 on port 1883.
1779534802: New client connected from ::1:49210 as auto-C63D3759-C806-B72C-180D-02AF02F86247 (p2, c1, k60).
1779534802: Client auto-C63D3759-C806-B72C-180D-02AF02F86247 disconnected.
1779534832: New connection from ::1:48890 on port 1883.
1779534832: New client connected from ::1:48890 as auto-B461F0C4-4EB0-5962-ACF6-E3F3C7038191 (p2, c1, k60).
1779534832: Client auto-B461F0C4-4EB0-5962-ACF6-E3F3C7038191 disconnected.
1779534862: New connection from ::1:57856 on port 1883.
1779534862: New client connected from ::1:57856 as auto-039208D3-7BD5-6FCD-16B1-DA03EE336F98 (p2, c1, k60).
1779534862: Client auto-039208D3-7BD5-6FCD-16B1-DA03EE336F98 disconnected.
1779534892: New connection from ::1:48396 on port 1883.
1779534892: New client connected from ::1:48396 as auto-4195210E-32E4-3119-A9C9-F06F5BD06B2A (p2, c1, k60).
1779534892: Client auto-4195210E-32E4-3119-A9C9-F06F5BD06B2A disconnected.
1779534922: New connection from ::1:37120 on port 1883.
1779534922: New client connected from ::1:37120 as auto-8C86204A-ABE7-2A4C-E527-0E6A33A4A6D9 (p2, c1, k60).
1779534922: Client auto-8C86204A-ABE7-2A4C-E527-0E6A33A4A6D9 disconnected.
1779534952: New connection from ::1:42222 on port 1883.
1779534952: New client connected from ::1:42222 as auto-6E07760D-77BB-47B8-530E-E832DC96BFFF (p2, c1, k60).
1779534952: Client auto-6E07760D-77BB-47B8-530E-E832DC96BFFF disconnected.
1779534982: New connection from ::1:38128 on port 1883.
1779534982: New client connected from ::1:38128 as auto-3AB6C6BB-65E5-E8DB-3026-F6A3D8091645 (p2, c1, k60).
1779534982: Client auto-3AB6C6BB-65E5-E8DB-3026-F6A3D8091645 disconnected.
1779535012: New connection from ::1:41376 on port 1883.
1779535012: New client connected from ::1:41376 as auto-333ADAB9-9770-3B66-940C-A5075E89E8F0 (p2, c1, k60).
1779535012: Client auto-333ADAB9-9770-3B66-940C-A5075E89E8F0 disconnected.
1779535042: New connection from ::1:43298 on port 1883.
1779535042: New client connected from ::1:43298 as auto-8548C264-FBC3-FE67-7900-25D7975CFDDE (p2, c1, k60).
1779535042: Client auto-8548C264-FBC3-FE67-7900-25D7975CFDDE disconnected.
1779535072: New connection from ::1:50532 on port 1883.
1779535072: New client connected from ::1:50532 as auto-0C5921A6-4E8E-2CFC-AC54-E615CE4B1626 (p2, c1, k60).
1779535072: Client auto-0C5921A6-4E8E-2CFC-AC54-E615CE4B1626 disconnected.
1779535102: New connection from ::1:57692 on port 1883.
1779535102: New client connected from ::1:57692 as auto-B9902559-F962-0AB1-AD93-6E49FC98BCFC (p2, c1, k60).
1779535102: Client auto-B9902559-F962-0AB1-AD93-6E49FC98BCFC disconnected.
1779535132: New connection from ::1:34090 on port 1883.
1779535132: New client connected from ::1:34090 as auto-480E04E8-590C-035B-41FB-684A11876485 (p2, c1, k60).
1779535132: Client auto-480E04E8-590C-035B-41FB-684A11876485 disconnected.
1779535162: New connection from ::1:51174 on port 1883.
1779535162: New client connected from ::1:51174 as auto-87371696-66F0-F7FB-B2A8-8594C4FBB675 (p2, c1, k60).
1779535162: Client auto-87371696-66F0-F7FB-B2A8-8594C4FBB675 disconnected.
1779535192: New connection from ::1:52032 on port 1883.
1779535192: New client connected from ::1:52032 as auto-77D58270-19EC-0048-C4BE-8DB7CD3A71DB (p2, c1, k60).
1779535192: Client auto-77D58270-19EC-0048-C4BE-8DB7CD3A71DB disconnected.
1779535222: New connection from ::1:55166 on port 1883.
1779535222: New client connected from ::1:55166 as auto-8EDB7C1B-64F9-C1F5-E9D2-8EFC05F0E7A9 (p2, c1, k60).
1779535222: Client auto-8EDB7C1B-64F9-C1F5-E9D2-8EFC05F0E7A9 disconnected.
1779535252: New connection from ::1:58490 on port 1883.
1779535252: New client connected from ::1:58490 as auto-E9E8E062-345C-91BA-31CD-4DA68137EEB6 (p2, c1, k60).
1779535252: Client auto-E9E8E062-345C-91BA-31CD-4DA68137EEB6 disconnected.
1779535282: New connection from ::1:33136 on port 1883.
1779535282: New client connected from ::1:33136 as auto-8FAC8826-E310-6C43-17ED-7F6B67D36AC0 (p2, c1, k60).
1779535282: Client auto-8FAC8826-E310-6C43-17ED-7F6B67D36AC0 disconnected.
1779535312: New connection from ::1:46170 on port 1883.
1779535312: New client connected from ::1:46170 as auto-DDA9365A-D2E4-933E-AC14-5C60E1A5D415 (p2, c1, k60).
1779535312: Client auto-DDA9365A-D2E4-933E-AC14-5C60E1A5D415 disconnected.
1779535343: New connection from ::1:36944 on port 1883.
1779535343: New client connected from ::1:36944 as auto-03AC1FD4-BFD6-9B91-C0B7-F08F6E4A4035 (p2, c1, k60).
1779535343: Client auto-03AC1FD4-BFD6-9B91-C0B7-F08F6E4A4035 disconnected.
1779535373: New connection from ::1:44598 on port 1883.
1779535373: New client connected from ::1:44598 as auto-AD6337D4-4456-2262-AECA-41261C1AD23C (p2, c1, k60).
1779535373: Client auto-AD6337D4-4456-2262-AECA-41261C1AD23C disconnected.
1779535403: New connection from ::1:50840 on port 1883.
1779535403: New client connected from ::1:50840 as auto-7218306C-587E-7068-370A-5DB4FD7FF2C6 (p2, c1, k60).
1779535403: Client auto-7218306C-587E-7068-370A-5DB4FD7FF2C6 disconnected.
1779535433: New connection from ::1:42756 on port 1883.
1779535433: New client connected from ::1:42756 as auto-7246E71D-61E4-8C5B-2C68-F6D87F0BA17B (p2, c1, k60).
1779535433: Client auto-7246E71D-61E4-8C5B-2C68-F6D87F0BA17B disconnected.
1779535463: New connection from ::1:41598 on port 1883.
1779535463: New client connected from ::1:41598 as auto-2EC3FBC7-A76D-FF8A-1CAA-8CB01CF9C03D (p2, c1, k60).
1779535463: Client auto-2EC3FBC7-A76D-FF8A-1CAA-8CB01CF9C03D disconnected.
1779535493: New connection from ::1:37048 on port 1883.
1779535493: New client connected from ::1:37048 as auto-C6DB1846-8AC7-281A-8282-7B83F5A8CDC9 (p2, c1, k60).
1779535493: Client auto-C6DB1846-8AC7-281A-8282-7B83F5A8CDC9 disconnected.
1779535523: New connection from ::1:53592 on port 1883.
1779535523: New client connected from ::1:53592 as auto-599895BC-384B-47D5-B4BC-FF629EB5B6EB (p2, c1, k60).
1779535523: Client auto-599895BC-384B-47D5-B4BC-FF629EB5B6EB disconnected.
1779535553: New connection from ::1:51610 on port 1883.
1779535553: New client connected from ::1:51610 as auto-EA5B96D6-319A-6A86-F95E-CC084122DD77 (p2, c1, k60).
1779535553: Client auto-EA5B96D6-319A-6A86-F95E-CC084122DD77 disconnected.
1779535583: New connection from ::1:39136 on port 1883.
1779535583: New client connected from ::1:39136 as auto-39639BC5-A007-B02E-7328-6973D3E155D8 (p2, c1, k60).
1779535583: Client auto-39639BC5-A007-B02E-7328-6973D3E155D8 disconnected.
1779535613: New connection from ::1:42910 on port 1883.
1779535613: New client connected from ::1:42910 as auto-0EBF2D10-2868-0F2E-4CDF-ADB39865A27A (p2, c1, k60).
1779535613: Client auto-0EBF2D10-2868-0F2E-4CDF-ADB39865A27A disconnected.
1779535643: New connection from ::1:57898 on port 1883.
1779535643: New client connected from ::1:57898 as auto-0882D842-E9F7-F027-409E-1444A5460D64 (p2, c1, k60).
1779535643: Client auto-0882D842-E9F7-F027-409E-1444A5460D64 disconnected.
1779535673: New connection from ::1:50000 on port 1883.
1779535673: New client connected from ::1:50000 as auto-A0AB30D9-D131-2F17-32DE-0421563F1AF4 (p2, c1, k60).
1779535673: Client auto-A0AB30D9-D131-2F17-32DE-0421563F1AF4 disconnected.
1779535703: New connection from ::1:39966 on port 1883.
1779535703: New client connected from ::1:39966 as auto-A1D2E638-4EEE-3077-D922-890DFF52BC3E (p2, c1, k60).
1779535703: Client auto-A1D2E638-4EEE-3077-D922-890DFF52BC3E disconnected.
1779535733: New connection from ::1:32926 on port 1883.
1779535733: New client connected from ::1:32926 as auto-E0D2118D-38D9-088F-D931-379F0FFCBEEB (p2, c1, k60).
1779535733: Client auto-E0D2118D-38D9-088F-D931-379F0FFCBEEB disconnected.
1779535763: New connection from ::1:56090 on port 1883.
1779535763: New client connected from ::1:56090 as auto-346219CB-4D82-7A1B-C9C2-76DC1D4F2633 (p2, c1, k60).
1779535763: Client auto-346219CB-4D82-7A1B-C9C2-76DC1D4F2633 disconnected.
1779535793: New connection from ::1:40092 on port 1883.
1779535793: New client connected from ::1:40092 as auto-2B0D0C6F-05CB-F7CA-DBE1-2B55B23ED0B4 (p2, c1, k60).
1779535793: Client auto-2B0D0C6F-05CB-F7CA-DBE1-2B55B23ED0B4 disconnected.
1779535823: New connection from ::1:57572 on port 1883.
1779535823: New client connected from ::1:57572 as auto-66D6D568-8669-EC98-46CA-EB3CCC6351F1 (p2, c1, k60).
1779535823: Client auto-66D6D568-8669-EC98-46CA-EB3CCC6351F1 disconnected.
1779535854: New connection from ::1:55222 on port 1883.
1779535854: New client connected from ::1:55222 as auto-1BB6F891-CDF3-E4E9-69CF-12F0584FBDA7 (p2, c1, k60).
1779535854: Client auto-1BB6F891-CDF3-E4E9-69CF-12F0584FBDA7 disconnected.
1779535872: Saving in-memory database to /mosquitto/data//mosquitto.db.
1779535884: New connection from ::1:54976 on port 1883.
1779535884: New client connected from ::1:54976 as auto-F424F5FE-B813-4068-60C1-4575A5090867 (p2, c1, k60).
1779535884: Client auto-F424F5FE-B813-4068-60C1-4575A5090867 disconnected.
1779535914: New connection from ::1:44788 on port 1883.
1779535914: New client connected from ::1:44788 as auto-F871EAAF-9A1C-D6BC-BD91-0BD67E64F637 (p2, c1, k60).
1779535914: Client auto-F871EAAF-9A1C-D6BC-BD91-0BD67E64F637 disconnected.
1779535944: New connection from ::1:39412 on port 1883.
1779535944: New client connected from ::1:39412 as auto-200A4710-E8F5-37E4-36FB-88482B18D908 (p2, c1, k60).
1779535944: Client auto-200A4710-E8F5-37E4-36FB-88482B18D908 disconnected.
1779535974: New connection from ::1:35386 on port 1883.
1779535974: New client connected from ::1:35386 as auto-EB8AC56F-2869-6764-3BEC-1786DB800227 (p2, c1, k60).
1779535974: Client auto-EB8AC56F-2869-6764-3BEC-1786DB800227 disconnected.
1779536004: New connection from ::1:54722 on port 1883.
1779536004: New client connected from ::1:54722 as auto-8AAECA38-E7BC-9001-8EF4-C66B56C747DA (p2, c1, k60).
1779536004: Client auto-8AAECA38-E7BC-9001-8EF4-C66B56C747DA disconnected.
1779536034: New connection from ::1:58020 on port 1883.
1779536034: New client connected from ::1:58020 as auto-CF262756-D002-EBE2-68B5-C19A36D8D914 (p2, c1, k60).
1779536034: Client auto-CF262756-D002-EBE2-68B5-C19A36D8D914 disconnected.
1779536064: New connection from ::1:40204 on port 1883.
1779536064: New client connected from ::1:40204 as auto-3975DF08-0E80-6AA4-BC0F-0C03DA93E147 (p2, c1, k60).
1779536064: Client auto-3975DF08-0E80-6AA4-BC0F-0C03DA93E147 disconnected.
1779536094: New connection from ::1:57096 on port 1883.
1779536094: New client connected from ::1:57096 as auto-7F24CF11-202D-788C-2CAB-43CC9E63D52C (p2, c1, k60).
1779536094: Client auto-7F24CF11-202D-788C-2CAB-43CC9E63D52C disconnected.
1779536124: New connection from ::1:55158 on port 1883.
1779536124: New client connected from ::1:55158 as auto-6C078482-3A6E-77A9-66D4-1E9EAC15800D (p2, c1, k60).
1779536124: Client auto-6C078482-3A6E-77A9-66D4-1E9EAC15800D disconnected.
1779536154: New connection from ::1:44190 on port 1883.
1779536154: New client connected from ::1:44190 as auto-34044494-BDFB-C03A-AA9E-3FF301BE7A63 (p2, c1, k60).
1779536154: Client auto-34044494-BDFB-C03A-AA9E-3FF301BE7A63 disconnected.
1779536184: New connection from ::1:44784 on port 1883.
1779536184: New client connected from ::1:44784 as auto-B6777433-106B-A0FE-AE5D-54B1D44DE879 (p2, c1, k60).
1779536184: Client auto-B6777433-106B-A0FE-AE5D-54B1D44DE879 disconnected.
1779536214: New connection from ::1:41810 on port 1883.
1779536214: New client connected from ::1:41810 as auto-D3BDDB72-F202-10A5-2441-2D8D35C8BF26 (p2, c1, k60).
1779536214: Client auto-D3BDDB72-F202-10A5-2441-2D8D35C8BF26 disconnected.
1779536244: New connection from ::1:42492 on port 1883.
1779536244: New client connected from ::1:42492 as auto-09A7D340-141F-0971-4AB5-8FFBDDC7C8ED (p2, c1, k60).
1779536244: Client auto-09A7D340-141F-0971-4AB5-8FFBDDC7C8ED disconnected.
1779536274: New connection from ::1:49024 on port 1883.
1779536274: New client connected from ::1:49024 as auto-384013DD-98BD-1E75-3C0F-9072AC26AD5B (p2, c1, k60).
1779536274: Client auto-384013DD-98BD-1E75-3C0F-9072AC26AD5B disconnected.
1779536304: New connection from ::1:53842 on port 1883.
1779536304: New client connected from ::1:53842 as auto-CA27E49E-20E0-D7C4-B233-F6AC920ACB46 (p2, c1, k60).
1779536304: Client auto-CA27E49E-20E0-D7C4-B233-F6AC920ACB46 disconnected.
1779536334: New connection from ::1:39604 on port 1883.
1779536334: New client connected from ::1:39604 as auto-3FDC6470-EA2E-74BB-859B-D86A7149B6BE (p2, c1, k60).
1779536334: Client auto-3FDC6470-EA2E-74BB-859B-D86A7149B6BE disconnected.
1779536364: New connection from ::1:40104 on port 1883.
1779536364: New client connected from ::1:40104 as auto-375D4D21-6C37-3322-F0F4-BE10D42FFE9C (p2, c1, k60).
1779536364: Client auto-375D4D21-6C37-3322-F0F4-BE10D42FFE9C disconnected.
1779536395: New connection from ::1:56084 on port 1883.
1779536395: New client connected from ::1:56084 as auto-F501DE84-3F41-E183-BB40-96ACC1813EDB (p2, c1, k60).
1779536395: Client auto-F501DE84-3F41-E183-BB40-96ACC1813EDB disconnected.
1779536425: New connection from ::1:56196 on port 1883.
1779536425: New client connected from ::1:56196 as auto-C475C1BB-7B87-316F-13A3-E4A41E700E2B (p2, c1, k60).
1779536425: Client auto-C475C1BB-7B87-316F-13A3-E4A41E700E2B disconnected.
1779536455: New connection from ::1:54010 on port 1883.
1779536455: New client connected from ::1:54010 as auto-63EAA9C8-FA43-2BC7-C671-2D1267A5AE8C (p2, c1, k60).
1779536455: Client auto-63EAA9C8-FA43-2BC7-C671-2D1267A5AE8C disconnected.
1779536485: New connection from ::1:55922 on port 1883.
1779536485: New client connected from ::1:55922 as auto-A056EEB7-3E2E-5E7A-9462-CFECF41327A6 (p2, c1, k60).
1779536485: Client auto-A056EEB7-3E2E-5E7A-9462-CFECF41327A6 disconnected.
1779536515: New connection from ::1:40866 on port 1883.
1779536515: New client connected from ::1:40866 as auto-C2BCDD21-D79C-A03B-29EE-74578B50B409 (p2, c1, k60).
1779536515: Client auto-C2BCDD21-D79C-A03B-29EE-74578B50B409 disconnected.
1779536545: New connection from ::1:53188 on port 1883.
1779536545: New client connected from ::1:53188 as auto-E89CCE95-7A0D-717F-2EA8-4725B9739ECF (p2, c1, k60).
1779536545: Client auto-E89CCE95-7A0D-717F-2EA8-4725B9739ECF disconnected.
1779536575: New connection from ::1:43700 on port 1883.
1779536575: New client connected from ::1:43700 as auto-C0E08175-A447-6A8F-029F-F5229092CA00 (p2, c1, k60).
1779536575: Client auto-C0E08175-A447-6A8F-029F-F5229092CA00 disconnected.
1779536605: New connection from ::1:51354 on port 1883.
1779536605: New client connected from ::1:51354 as auto-B6D50353-C0C2-EB27-061B-FD5427670F04 (p2, c1, k60).
1779536605: Client auto-B6D50353-C0C2-EB27-061B-FD5427670F04 disconnected.
1779536635: New connection from ::1:41734 on port 1883.
1779536635: New client connected from ::1:41734 as auto-44EF470E-08DF-B62D-0705-05DE4FDEA0E1 (p2, c1, k60).
1779536635: Client auto-44EF470E-08DF-B62D-0705-05DE4FDEA0E1 disconnected.
1779536665: New connection from ::1:44068 on port 1883.
1779536665: New client connected from ::1:44068 as auto-269C4E7A-284C-5B3B-E367-0733DBF663BD (p2, c1, k60).
1779536665: Client auto-269C4E7A-284C-5B3B-E367-0733DBF663BD disconnected.
1779536695: New connection from ::1:40838 on port 1883.
1779536695: New client connected from ::1:40838 as auto-E9A3A105-79BB-5C87-9F99-5965407B398F (p2, c1, k60).
1779536695: Client auto-E9A3A105-79BB-5C87-9F99-5965407B398F disconnected.
1779536725: New connection from ::1:39736 on port 1883.
1779536725: New client connected from ::1:39736 as auto-D362BE1C-6089-C5F2-B0D9-E4D7F6969552 (p2, c1, k60).
1779536725: Client auto-D362BE1C-6089-C5F2-B0D9-E4D7F6969552 disconnected.
1779536755: New connection from ::1:40558 on port 1883.
1779536755: New client connected from ::1:40558 as auto-EE058C69-C120-20B7-2D3F-D7D8D23D8D28 (p2, c1, k60).
1779536755: Client auto-EE058C69-C120-20B7-2D3F-D7D8D23D8D28 disconnected.
1779536785: New connection from ::1:33308 on port 1883.
1779536785: New client connected from ::1:33308 as auto-25D60A2D-B159-C799-DFB5-EF27D60EE6EE (p2, c1, k60).
1779536785: Client auto-25D60A2D-B159-C799-DFB5-EF27D60EE6EE disconnected.
1779536815: New connection from ::1:39646 on port 1883.
1779536815: New client connected from ::1:39646 as auto-5D811919-FC34-B9C9-3D86-827DCAA128C7 (p2, c1, k60).
1779536815: Client auto-5D811919-FC34-B9C9-3D86-827DCAA128C7 disconnected.
1779536845: New connection from ::1:44020 on port 1883.
1779536845: New client connected from ::1:44020 as auto-96F406D3-AB66-5B41-1371-0CE711DC66C3 (p2, c1, k60).
1779536845: Client auto-96F406D3-AB66-5B41-1371-0CE711DC66C3 disconnected.
1779536876: New connection from ::1:40036 on port 1883.
1779536876: New client connected from ::1:40036 as auto-1AE3F5FB-8B05-584E-DC00-DB2AE6803AD6 (p2, c1, k60).
1779536876: Client auto-1AE3F5FB-8B05-584E-DC00-DB2AE6803AD6 disconnected.
1779536906: New connection from ::1:41738 on port 1883.
1779536906: New client connected from ::1:41738 as auto-480129C7-F084-8D15-74BA-74A003526EDF (p2, c1, k60).
1779536906: Client auto-480129C7-F084-8D15-74BA-74A003526EDF disconnected.
1779536936: New connection from ::1:56174 on port 1883.
1779536936: New client connected from ::1:56174 as auto-07EC22FB-463E-A912-5E6F-D54C08DD7ECD (p2, c1, k60).
1779536936: Client auto-07EC22FB-463E-A912-5E6F-D54C08DD7ECD disconnected.
1779536966: New connection from ::1:41608 on port 1883.
1779536966: New client connected from ::1:41608 as auto-FC92A217-6CFA-9E58-4E4E-0C1A8F5B896D (p2, c1, k60).
1779536966: Client auto-FC92A217-6CFA-9E58-4E4E-0C1A8F5B896D disconnected.
1779536996: New connection from ::1:57138 on port 1883.
1779536996: New client connected from ::1:57138 as auto-B7AAFD16-1D90-0F04-0688-A7089A8D92E9 (p2, c1, k60).
1779536996: Client auto-B7AAFD16-1D90-0F04-0688-A7089A8D92E9 disconnected.
1779537026: New connection from ::1:33800 on port 1883.
1779537026: New client connected from ::1:33800 as auto-7675F634-628E-5434-56FE-AE3ED8A2C9FC (p2, c1, k60).
1779537026: Client auto-7675F634-628E-5434-56FE-AE3ED8A2C9FC disconnected.
1779537056: New connection from ::1:45698 on port 1883.
1779537056: New client connected from ::1:45698 as auto-65E8C8A3-FC44-2049-F895-7EDB27A7DB5A (p2, c1, k60).
1779537056: Client auto-65E8C8A3-FC44-2049-F895-7EDB27A7DB5A disconnected.
1779537086: New connection from ::1:39852 on port 1883.
1779537086: New client connected from ::1:39852 as auto-BA8CD221-A54A-69D4-B845-E1405CFF0C5D (p2, c1, k60).
1779537086: Client auto-BA8CD221-A54A-69D4-B845-E1405CFF0C5D disconnected.
1779537116: New connection from ::1:53562 on port 1883.
1779537116: New client connected from ::1:53562 as auto-1CA09487-5A83-178D-14BD-9CFE0CB9B7D1 (p2, c1, k60).
1779537116: Client auto-1CA09487-5A83-178D-14BD-9CFE0CB9B7D1 disconnected.
1779537146: New connection from ::1:35902 on port 1883.
1779537146: New client connected from ::1:35902 as auto-5F103F3D-87F1-D0B5-BEA0-F6213251BD86 (p2, c1, k60).
1779537146: Client auto-5F103F3D-87F1-D0B5-BEA0-F6213251BD86 disconnected.
1779537176: New connection from ::1:47498 on port 1883.
1779537176: New client connected from ::1:47498 as auto-FE2B4D1B-0E90-A6C8-B823-543A07F0C584 (p2, c1, k60).
1779537176: Client auto-FE2B4D1B-0E90-A6C8-B823-543A07F0C584 disconnected.
1779537206: New connection from ::1:39350 on port 1883.
1779537206: New client connected from ::1:39350 as auto-0E05022A-4FB3-0FCC-5713-112F36A93CFB (p2, c1, k60).
1779537206: Client auto-0E05022A-4FB3-0FCC-5713-112F36A93CFB disconnected.
1779537236: New connection from ::1:36590 on port 1883.
1779537236: New client connected from ::1:36590 as auto-4B1BCB2A-3375-BE0E-88EE-6BCE77B7B5EB (p2, c1, k60).
1779537236: Client auto-4B1BCB2A-3375-BE0E-88EE-6BCE77B7B5EB disconnected.
1779537266: New connection from ::1:59138 on port 1883.
1779537266: New client connected from ::1:59138 as auto-EBD6BD75-EE89-71F6-1D42-FB51BE353E18 (p2, c1, k60).
1779537266: Client auto-EBD6BD75-EE89-71F6-1D42-FB51BE353E18 disconnected.
1779537296: New connection from ::1:59816 on port 1883.
1779537296: New client connected from ::1:59816 as auto-4B67DB2C-B8B2-8C39-BF34-1C52AD241571 (p2, c1, k60).
1779537296: Client auto-4B67DB2C-B8B2-8C39-BF34-1C52AD241571 disconnected.
1779537326: New connection from ::1:37964 on port 1883.
1779537326: New client connected from ::1:37964 as auto-124BFEDB-C5AC-7E5D-2A07-3CB1C14AF94B (p2, c1, k60).
1779537326: Client auto-124BFEDB-C5AC-7E5D-2A07-3CB1C14AF94B disconnected.
1779537356: New connection from ::1:46948 on port 1883.
1779537356: New client connected from ::1:46948 as auto-663C1937-E014-B056-8632-722A5E1F85EF (p2, c1, k60).
1779537356: Client auto-663C1937-E014-B056-8632-722A5E1F85EF disconnected.
1779537386: New connection from ::1:33848 on port 1883.
1779537386: New client connected from ::1:33848 as auto-87D620EA-1F0E-8B4D-D31E-9910A5FC2BFD (p2, c1, k60).
1779537386: Client auto-87D620EA-1F0E-8B4D-D31E-9910A5FC2BFD disconnected.
1779537417: New connection from ::1:57760 on port 1883.
1779537417: New client connected from ::1:57760 as auto-B9623439-05B2-5821-EDB6-BBAC344D3B7D (p2, c1, k60).
1779537417: Client auto-B9623439-05B2-5821-EDB6-BBAC344D3B7D disconnected.
1779537447: New connection from ::1:40798 on port 1883.
1779537447: New client connected from ::1:40798 as auto-848BFC2A-438C-5BA8-576D-7516C5CCCB48 (p2, c1, k60).
1779537447: Client auto-848BFC2A-438C-5BA8-576D-7516C5CCCB48 disconnected.
1779537477: New connection from ::1:43510 on port 1883.
1779537477: New client connected from ::1:43510 as auto-6BA06BCC-0CBE-CEA1-833B-8CDC8FA3EA7B (p2, c1, k60).
1779537477: Client auto-6BA06BCC-0CBE-CEA1-833B-8CDC8FA3EA7B disconnected.
1779537507: New connection from ::1:49062 on port 1883.
1779537507: New client connected from ::1:49062 as auto-28148D99-4CF4-F521-7266-49E106717BF6 (p2, c1, k60).
1779537507: Client auto-28148D99-4CF4-F521-7266-49E106717BF6 disconnected.
1779537537: New connection from ::1:41962 on port 1883.
1779537537: New client connected from ::1:41962 as auto-BF9DB267-0EBB-147A-3EB1-AEBBEA0A33E4 (p2, c1, k60).
1779537537: Client auto-BF9DB267-0EBB-147A-3EB1-AEBBEA0A33E4 disconnected.
1779537567: New connection from ::1:41556 on port 1883.
1779537567: New client connected from ::1:41556 as auto-FEADBEBA-9F82-F893-9DEE-E23EBE594151 (p2, c1, k60).
1779537567: Client auto-FEADBEBA-9F82-F893-9DEE-E23EBE594151 disconnected.
1779537597: New connection from ::1:54736 on port 1883.
1779537597: New client connected from ::1:54736 as auto-8B191687-1128-2ABD-734E-0905FBB29E69 (p2, c1, k60).
1779537597: Client auto-8B191687-1128-2ABD-734E-0905FBB29E69 disconnected.
1779537627: New connection from ::1:50314 on port 1883.
1779537627: New client connected from ::1:50314 as auto-A6F2C64A-881D-D96E-D868-8C39D6ACC234 (p2, c1, k60).
1779537627: Client auto-A6F2C64A-881D-D96E-D868-8C39D6ACC234 disconnected.
1779537657: New connection from ::1:55264 on port 1883.
1779537657: New client connected from ::1:55264 as auto-306A4DD0-1655-2EDF-6ED9-CDBE9E4BBB9E (p2, c1, k60).
1779537657: Client auto-306A4DD0-1655-2EDF-6ED9-CDBE9E4BBB9E disconnected.
1779537673: Saving in-memory database to /mosquitto/data//mosquitto.db.
1779537687: New connection from ::1:44336 on port 1883.
1779537687: New client connected from ::1:44336 as auto-36B4B1D3-14B7-E930-805E-72A83D13E541 (p2, c1, k60).
1779537687: Client auto-36B4B1D3-14B7-E930-805E-72A83D13E541 disconnected.
1779537717: New connection from ::1:33290 on port 1883.
1779537717: New client connected from ::1:33290 as auto-653A4790-6F02-3069-65BC-D26AAE3C8B76 (p2, c1, k60).
1779537717: Client auto-653A4790-6F02-3069-65BC-D26AAE3C8B76 disconnected.
1779537747: New connection from ::1:59828 on port 1883.
1779537747: New client connected from ::1:59828 as auto-3BE6EFC9-B8E1-07BB-6032-0995AD0AF789 (p2, c1, k60).
1779537747: Client auto-3BE6EFC9-B8E1-07BB-6032-0995AD0AF789 disconnected.
1779537777: New connection from ::1:37212 on port 1883.
1779537777: New client connected from ::1:37212 as auto-C789E5D7-0494-B7E1-05EB-C73A8372AD61 (p2, c1, k60).
1779537777: Client auto-C789E5D7-0494-B7E1-05EB-C73A8372AD61 disconnected.
1779537807: New connection from ::1:41786 on port 1883.
1779537807: New client connected from ::1:41786 as auto-A48655D0-532B-C219-88C7-2DE946D8F63B (p2, c1, k60).
1779537807: Client auto-A48655D0-532B-C219-88C7-2DE946D8F63B disconnected.
1779537837: New connection from ::1:34704 on port 1883.
1779537837: New client connected from ::1:34704 as auto-B96632F3-CB5B-E6DD-B7C2-FE90F4446D00 (p2, c1, k60).
1779537837: Client auto-B96632F3-CB5B-E6DD-B7C2-FE90F4446D00 disconnected.
1779537867: New connection from ::1:38998 on port 1883.
1779537867: New client connected from ::1:38998 as auto-8F5B16FE-F362-BAD0-C401-8802D4421FA3 (p2, c1, k60).
1779537867: Client auto-8F5B16FE-F362-BAD0-C401-8802D4421FA3 disconnected.
1779537897: New connection from ::1:54430 on port 1883.
1779537897: New client connected from ::1:54430 as auto-222FAF44-C6E5-2B2E-7333-A77F1D8D3067 (p2, c1, k60).
1779537897: Client auto-222FAF44-C6E5-2B2E-7333-A77F1D8D3067 disconnected.
1779537927: New connection from ::1:42128 on port 1883.
1779537928: New client connected from ::1:42128 as auto-3D7FE110-935A-BB6F-32DC-710A1E047F6C (p2, c1, k60).
1779537928: Client auto-3D7FE110-935A-BB6F-32DC-710A1E047F6C disconnected.
1779537958: New connection from ::1:54808 on port 1883.
1779537958: New client connected from ::1:54808 as auto-60B7EFDC-F9A7-60C4-5620-C829029AAB32 (p2, c1, k60).
1779537958: Client auto-60B7EFDC-F9A7-60C4-5620-C829029AAB32 disconnected.
1779537988: New connection from ::1:52794 on port 1883.
1779537988: New client connected from ::1:52794 as auto-F06AC789-892D-AD39-1F76-D4875123F3F3 (p2, c1, k60).
1779537988: Client auto-F06AC789-892D-AD39-1F76-D4875123F3F3 disconnected.
1779538018: New connection from ::1:40176 on port 1883.
1779538018: New client connected from ::1:40176 as auto-76E08F71-8367-8017-C6C0-C976A7B32714 (p2, c1, k60).
1779538018: Client auto-76E08F71-8367-8017-C6C0-C976A7B32714 disconnected.
1779538048: New connection from ::1:36450 on port 1883.
1779538048: New client connected from ::1:36450 as auto-4DB4A2BA-542E-751E-6606-27277608F101 (p2, c1, k60).
1779538048: Client auto-4DB4A2BA-542E-751E-6606-27277608F101 disconnected.
1779538078: New connection from ::1:60408 on port 1883.
1779538078: New client connected from ::1:60408 as auto-1A4A5312-D10C-4B7B-DF8D-1A83E9862A6E (p2, c1, k60).
1779538078: Client auto-1A4A5312-D10C-4B7B-DF8D-1A83E9862A6E disconnected.
1779538108: New connection from ::1:48300 on port 1883.
1779538108: New client connected from ::1:48300 as auto-4CE5AD04-51A7-7BC9-76C9-5631DB2A4221 (p2, c1, k60).
1779538108: Client auto-4CE5AD04-51A7-7BC9-76C9-5631DB2A4221 disconnected.
1779538138: New connection from ::1:41964 on port 1883.
1779538138: New client connected from ::1:41964 as auto-03995F0E-8EAE-C9E8-31B5-89E758D9E739 (p2, c1, k60).
1779538138: Client auto-03995F0E-8EAE-C9E8-31B5-89E758D9E739 disconnected.
1779538168: New connection from ::1:41610 on port 1883.
1779538168: New client connected from ::1:41610 as auto-1C17B3A1-03E6-868B-7CCF-E6555A7D04C9 (p2, c1, k60).
1779538168: Client auto-1C17B3A1-03E6-868B-7CCF-E6555A7D04C9 disconnected.
1779538198: New connection from ::1:60338 on port 1883.
1779538198: New client connected from ::1:60338 as auto-9F716052-3B5E-63BB-44B3-C7D6725CBE6C (p2, c1, k60).
1779538198: Client auto-9F716052-3B5E-63BB-44B3-C7D6725CBE6C disconnected.
1779538228: New connection from ::1:48886 on port 1883.
1779538228: New client connected from ::1:48886 as auto-F0937E4C-B3AC-7DB8-A3D3-E834630459AD (p2, c1, k60).
1779538228: Client auto-F0937E4C-B3AC-7DB8-A3D3-E834630459AD disconnected.
1779538258: New connection from ::1:44124 on port 1883.
1779538258: New client connected from ::1:44124 as auto-734C981A-8E95-C17F-CB5B-576B77E920C6 (p2, c1, k60).
1779538258: Client auto-734C981A-8E95-C17F-CB5B-576B77E920C6 disconnected.
1779538288: New connection from ::1:49178 on port 1883.
1779538288: New client connected from ::1:49178 as auto-6978F29A-A00C-4BC0-48A7-A4CFEB79780A (p2, c1, k60).
1779538288: Client auto-6978F29A-A00C-4BC0-48A7-A4CFEB79780A disconnected.
1779538318: New connection from ::1:48500 on port 1883.
1779538318: New client connected from ::1:48500 as auto-2972F7BD-C5D3-8B19-F374-EC63713A5658 (p2, c1, k60).
1779538318: Client auto-2972F7BD-C5D3-8B19-F374-EC63713A5658 disconnected.
1779538348: New connection from ::1:58022 on port 1883.
1779538348: New client connected from ::1:58022 as auto-A31A6137-421A-8FCD-7154-6391DFAC0C16 (p2, c1, k60).
1779538348: Client auto-A31A6137-421A-8FCD-7154-6391DFAC0C16 disconnected.
1779538378: New connection from ::1:49156 on port 1883.
1779538378: New client connected from ::1:49156 as auto-FF6424A2-592B-4C4D-2154-F983FD50CB85 (p2, c1, k60).
1779538378: Client auto-FF6424A2-592B-4C4D-2154-F983FD50CB85 disconnected.
1779538408: New connection from ::1:47862 on port 1883.
1779538408: New client connected from ::1:47862 as auto-D149138D-DFE2-0E08-0DC7-8C0F5599F2F1 (p2, c1, k60).
1779538408: Client auto-D149138D-DFE2-0E08-0DC7-8C0F5599F2F1 disconnected.
1779538419: New client connected from 142.251.110.207:21678 as mqttjs_004475b6 (p2, c1, k60).
1779538439: New connection from ::1:46772 on port 1883.
1779538439: New client connected from ::1:46772 as auto-93D1CFA9-6049-EDBB-5D84-00A3235488EC (p2, c1, k60).
1779538439: Client auto-93D1CFA9-6049-EDBB-5D84-00A3235488EC disconnected.
1779538864: New connection from ::1:48580 on port 1883.
1779538864: New client connected from ::1:48580 as auto-71169702-D555-BDF9-5962-DCA6A5A02D5C (p2, c1, k60).
1779538864: Client auto-71169702-D555-BDF9-5962-DCA6A5A02D5C disconnected.
1779538894: New connection from ::1:33342 on port 1883.
1779538894: New client connected from ::1:33342 as auto-BE6BA825-8108-FAD1-B570-0C00097A5FE4 (p2, c1, k60).
1779538894: Client auto-BE6BA825-8108-FAD1-B570-0C00097A5FE4 disconnected.
1779538905: Client mqttjs_004475b6 closed its connection.
1779538909: New client connected from 142.251.110.207:19748 as mqttjs_004475b6 (p2, c1, k60).
1779538924: New connection from ::1:50336 on port 1883.
1779538924: New client connected from ::1:50336 as auto-D22C8EF8-98CE-D8DE-37AA-7D3CD4347A09 (p2, c1, k60).
1779538924: Client auto-D22C8EF8-98CE-D8DE-37AA-7D3CD4347A09 disconnected.
1779538954: New connection from ::1:39844 on port 1883.
1779538954: New client connected from ::1:39844 as auto-190B3231-A35B-5F84-02E3-56946299E25C (p2, c1, k60).
1779538954: Client auto-190B3231-A35B-5F84-02E3-56946299E25C disconnected.
1779538984: New connection from ::1:53232 on port 1883.
1779538984: New client connected from ::1:53232 as auto-A2D69C65-D176-D8A1-61E4-0620E63B02A8 (p2, c1, k60).
1779538984: Client auto-A2D69C65-D176-D8A1-61E4-0620E63B02A8 disconnected.
1779539000: Client mqttjs_004475b6 closed its connection.
1779539014: New connection from ::1:56814 on port 1883.
1779539014: New client connected from ::1:56814 as auto-DB1DEBD0-0757-C6A9-B060-EE452E37286B (p2, c1, k60).
1779539014: Client auto-DB1DEBD0-0757-C6A9-B060-EE452E37286B disconnected.
1779539044: New connection from ::1:41772 on port 1883.
1779539044: New client connected from ::1:41772 as auto-923A05DB-EAF5-068B-049F-9E3C621FC37E (p2, c1, k60).
1779539044: Client auto-923A05DB-EAF5-068B-049F-9E3C621FC37E disconnected.
1779539074: New connection from ::1:55754 on port 1883.
1779539074: New client connected from ::1:55754 as auto-F1B3FD1B-F8ED-DE6C-B16D-A5EF746E6CE9 (p2, c1, k60).
1779539074: Client auto-F1B3FD1B-F8ED-DE6C-B16D-A5EF746E6CE9 disconnected.
1779539104: New connection from ::1:60548 on port 1883.
1779539104: New client connected from ::1:60548 as auto-3BBF30AB-72E5-589C-F811-E529B9010502 (p2, c1, k60).
1779539104: Client auto-3BBF30AB-72E5-589C-F811-E529B9010502 disconnected.
1779539134: New connection from ::1:34598 on port 1883.
1779539134: New client connected from ::1:34598 as auto-DACE0BC5-4724-9E8C-9B96-FDD42E6919DA (p2, c1, k60).
1779539134: Client auto-DACE0BC5-4724-9E8C-9B96-FDD42E6919DA disconnected.
1779539164: New connection from ::1:38234 on port 1883.
1779539164: New client connected from ::1:38234 as auto-4942C998-65C5-A5F2-EEED-B96D9A71D97B (p2, c1, k60).
1779539164: Client auto-4942C998-65C5-A5F2-EEED-B96D9A71D97B disconnected.
1779539194: New connection from ::1:34676 on port 1883.
1779539194: New client connected from ::1:34676 as auto-E9FCEDBD-9AF1-1927-93EE-89640E152CE8 (p2, c1, k60).
1779539194: Client auto-E9FCEDBD-9AF1-1927-93EE-89640E152CE8 disconnected.
1779539197: New client connected from 142.251.110.207:40416 as mqttjs_004475b6 (p2, c1, k60).
1779539224: New connection from ::1:43316 on port 1883.
1779539224: New client connected from ::1:43316 as auto-0CEBA165-B143-4E8F-61B8-3FD6B844AE71 (p2, c1, k60).
1779539224: Client auto-0CEBA165-B143-4E8F-61B8-3FD6B844AE71 disconnected.
1779539254: New connection from ::1:39542 on port 1883.
1779539254: New client connected from ::1:39542 as auto-DCA0B8CC-BE14-9612-1BBE-A970F1FBB964 (p2, c1, k60).
1779539254: Client auto-DCA0B8CC-BE14-9612-1BBE-A970F1FBB964 disconnected.
1779539284: New connection from ::1:41100 on port 1883.
1779539284: New client connected from ::1:41100 as auto-C706D896-AE58-6007-4451-4E33C20EA3C3 (p2, c1, k60).
1779539284: Client auto-C706D896-AE58-6007-4451-4E33C20EA3C3 disconnected.
1779539288: Client mqttjs_004475b6 closed its connection.
1779539314: New connection from ::1:58466 on port 1883.
1779539314: New client connected from ::1:58466 as auto-F8C81FE7-1876-B8EF-5B6E-E5C182C6ABEB (p2, c1, k60).
1779539314: Client auto-F8C81FE7-1876-B8EF-5B6E-E5C182C6ABEB disconnected.
1779539344: New connection from ::1:55312 on port 1883.
1779539344: New client connected from ::1:55312 as auto-885A65FE-FAB9-035F-053E-3E985C9C850B (p2, c1, k60).
1779539344: Client auto-885A65FE-FAB9-035F-053E-3E985C9C850B disconnected.
1779539375: New connection from ::1:53074 on port 1883.
1779539375: New client connected from ::1:53074 as auto-97487993-5249-FD36-4865-89C3C682102F (p2, c1, k60).
1779539375: Client auto-97487993-5249-FD36-4865-89C3C682102F disconnected.
1779539405: New connection from ::1:41056 on port 1883.
1779539405: New client connected from ::1:41056 as auto-2A6650B6-F721-12DB-5E6E-65E559477ACD (p2, c1, k60).
1779539405: Client auto-2A6650B6-F721-12DB-5E6E-65E559477ACD disconnected.
1779539435: New connection from ::1:53078 on port 1883.
1779539435: New client connected from ::1:53078 as auto-144D14B0-1069-3AD4-21E7-DAA1F462D25B (p2, c1, k60).
1779539435: Client auto-144D14B0-1069-3AD4-21E7-DAA1F462D25B disconnected.
1779539465: New connection from ::1:40688 on port 1883.
1779539465: New client connected from ::1:40688 as auto-A6788180-C9A1-B538-9271-9C725E7B5CC4 (p2, c1, k60).
1779539465: Client auto-A6788180-C9A1-B538-9271-9C725E7B5CC4 disconnected.
1779539495: New connection from ::1:39046 on port 1883.
1779539495: New client connected from ::1:39046 as auto-95FA9EBB-BF6C-6AB8-314B-A8DFB89C3725 (p2, c1, k60).
1779539495: Client auto-95FA9EBB-BF6C-6AB8-314B-A8DFB89C3725 disconnected.
1779539525: New connection from ::1:56840 on port 1883.
1779539525: New client connected from ::1:56840 as auto-8B026939-FBF2-748F-5366-86DED5F5FC7A (p2, c1, k60).
1779539525: Client auto-8B026939-FBF2-748F-5366-86DED5F5FC7A disconnected.
1779539555: New connection from ::1:50058 on port 1883.
1779539555: New client connected from ::1:50058 as auto-2B29EBBC-24AE-A1D2-C745-A16DC1585250 (p2, c1, k60).
1779539555: Client auto-2B29EBBC-24AE-A1D2-C745-A16DC1585250 disconnected.
1779539585: New connection from ::1:57600 on port 1883.
1779539585: New client connected from ::1:57600 as auto-DF14925D-5F5E-AABF-FD56-30C2747793A9 (p2, c1, k60).
1779539585: Client auto-DF14925D-5F5E-AABF-FD56-30C2747793A9 disconnected.
1779539615: New connection from ::1:37772 on port 1883.
1779539615: New client connected from ::1:37772 as auto-6FE46A10-5A9B-AA79-EB5B-D2312F6583B3 (p2, c1, k60).
1779539615: Client auto-6FE46A10-5A9B-AA79-EB5B-D2312F6583B3 disconnected.
1779539645: New connection from ::1:35616 on port 1883.
1779539645: New client connected from ::1:35616 as auto-AF552DC3-966B-321D-CB82-03C59CA94D39 (p2, c1, k60).
1779539645: Client auto-AF552DC3-966B-321D-CB82-03C59CA94D39 disconnected.
1779539675: New connection from ::1:58800 on port 1883.
1779539675: New client connected from ::1:58800 as auto-33BB47AC-7B5A-2BA6-0250-E446298AB97E (p2, c1, k60).
1779539675: Client auto-33BB47AC-7B5A-2BA6-0250-E446298AB97E disconnected.
1779539705: New connection from ::1:47566 on port 1883.
1779539705: New client connected from ::1:47566 as auto-46A58B00-A6E2-6383-9847-8208232839E8 (p2, c1, k60).
1779539705: Client auto-46A58B00-A6E2-6383-9847-8208232839E8 disconnected.
1779539735: New connection from ::1:37204 on port 1883.
1779539735: New client connected from ::1:37204 as auto-56F15156-8235-A719-9A8E-9DE90E96453E (p2, c1, k60).
1779539735: Client auto-56F15156-8235-A719-9A8E-9DE90E96453E disconnected.
1779539765: New connection from ::1:38430 on port 1883.
1779539765: New client connected from ::1:38430 as auto-79F61921-731A-8E1B-A613-546B1E70C629 (p2, c1, k60).
1779539765: Client auto-79F61921-731A-8E1B-A613-546B1E70C629 disconnected.
1779539795: New connection from ::1:52542 on port 1883.
1779539795: New client connected from ::1:52542 as auto-E83377F6-5D16-4BBB-CCAD-7D7E714238CF (p2, c1, k60).
1779539795: Client auto-E83377F6-5D16-4BBB-CCAD-7D7E714238CF disconnected.
1779539825: New connection from ::1:51164 on port 1883.
1779539825: New client connected from ::1:51164 as auto-0510D8A3-5663-AABD-8FBA-80280AAC74E1 (p2, c1, k60).
1779539825: Client auto-0510D8A3-5663-AABD-8FBA-80280AAC74E1 disconnected.
1779539855: New connection from ::1:58680 on port 1883.
1779539855: New client connected from ::1:58680 as auto-27E80383-55A7-7478-AAE5-BFCAE4FE8BF4 (p2, c1, k60).
1779539855: Client auto-27E80383-55A7-7478-AAE5-BFCAE4FE8BF4 disconnected.
1779539869: Saving in-memory database to /mosquitto/data//mosquitto.db.
1779539886: New connection from ::1:36794 on port 1883.
1779539886: New client connected from ::1:36794 as auto-8796C77A-5A21-185F-E41A-130A7EC16A88 (p2, c1, k60).
1779539886: Client auto-8796C77A-5A21-185F-E41A-130A7EC16A88 disconnected.
1779539916: New connection from ::1:57096 on port 1883.
1779539916: New client connected from ::1:57096 as auto-BC7960E4-D539-FAD3-7868-7580E4DF5272 (p2, c1, k60).
1779539916: Client auto-BC7960E4-D539-FAD3-7868-7580E4DF5272 disconnected.
1779539946: New connection from ::1:44094 on port 1883.
1779539946: New client connected from ::1:44094 as auto-5F582087-5E78-EF8D-DD87-0182CD2AB81F (p2, c1, k60).
1779539946: Client auto-5F582087-5E78-EF8D-DD87-0182CD2AB81F disconnected.
1779539976: New connection from ::1:43786 on port 1883.
1779539976: New client connected from ::1:43786 as auto-F4A6631C-2666-533B-00A0-52022636A974 (p2, c1, k60).
1779539976: Client auto-F4A6631C-2666-533B-00A0-52022636A974 disconnected.
1779540006: New connection from ::1:35474 on port 1883.
1779540006: New client connected from ::1:35474 as auto-63845806-AF4D-03B8-7743-EA1A7BD1A713 (p2, c1, k60).
1779540006: Client auto-63845806-AF4D-03B8-7743-EA1A7BD1A713 disconnected.
1779540036: New connection from ::1:60936 on port 1883.
1779540036: New client connected from ::1:60936 as auto-95EAEE23-89F3-A660-4A96-92B07B0B42A7 (p2, c1, k60).
1779540036: Client auto-95EAEE23-89F3-A660-4A96-92B07B0B42A7 disconnected.
1779540066: New connection from ::1:38058 on port 1883.
1779540066: New client connected from ::1:38058 as auto-1F5ABF70-CDDB-F9C7-B91F-F8926CC5D851 (p2, c1, k60).
1779540066: Client auto-1F5ABF70-CDDB-F9C7-B91F-F8926CC5D851 disconnected.
1779540096: New connection from ::1:51512 on port 1883.
1779540096: New client connected from ::1:51512 as auto-88EDF03B-9320-7B45-8125-E1210007886D (p2, c1, k60).
1779540096: Client auto-88EDF03B-9320-7B45-8125-E1210007886D disconnected.
1779540126: New connection from ::1:60168 on port 1883.
1779540126: New client connected from ::1:60168 as auto-16AA351B-461B-4D68-28F0-C40717F2A57B (p2, c1, k60).
1779540126: Client auto-16AA351B-461B-4D68-28F0-C40717F2A57B disconnected.
1779540156: New connection from ::1:55808 on port 1883.
1779540156: New client connected from ::1:55808 as auto-8F80F2D1-D5A2-9DE1-74D9-821EB7D6BC6F (p2, c1, k60).
1779540156: Client auto-8F80F2D1-D5A2-9DE1-74D9-821EB7D6BC6F disconnected.
1779540186: New connection from ::1:52624 on port 1883.
1779540186: New client connected from ::1:52624 as auto-4DF9EABB-CE2E-1981-DFC3-1452CDCFBF0D (p2, c1, k60).
1779540186: Client auto-4DF9EABB-CE2E-1981-DFC3-1452CDCFBF0D disconnected.
1779540216: New connection from ::1:43336 on port 1883.
1779540216: New client connected from ::1:43336 as auto-07508892-C488-4B65-0514-C3C7CB465BB1 (p2, c1, k60).
1779540216: Client auto-07508892-C488-4B65-0514-C3C7CB465BB1 disconnected.
1779540246: New connection from ::1:57604 on port 1883.
1779540246: New client connected from ::1:57604 as auto-79A5481B-87AB-D377-F8FA-DB5C2045080A (p2, c1, k60).
1779540246: Client auto-79A5481B-87AB-D377-F8FA-DB5C2045080A disconnected.
1779540276: New connection from ::1:50844 on port 1883.
1779540276: New client connected from ::1:50844 as auto-8EC8074E-AEFB-517E-40EF-785A018DF2AA (p2, c1, k60).
1779540276: Client auto-8EC8074E-AEFB-517E-40EF-785A018DF2AA disconnected.
1779540306: New connection from ::1:53240 on port 1883.
1779540306: New client connected from ::1:53240 as auto-21DB4812-0D34-005C-A99D-CE4CF86D9553 (p2, c1, k60).
1779540306: Client auto-21DB4812-0D34-005C-A99D-CE4CF86D9553 disconnected.
1779540336: New connection from ::1:34224 on port 1883.
1779540336: New client connected from ::1:34224 as auto-7D1ADEE9-C484-F08A-B165-114837AE239C (p2, c1, k60).
1779540336: Client auto-7D1ADEE9-C484-F08A-B165-114837AE239C disconnected.
1779540366: New connection from ::1:59944 on port 1883.
1779540366: New client connected from ::1:59944 as auto-D8718513-709A-7BCF-6443-EA4D0C28DFC0 (p2, c1, k60).
1779540366: Client auto-D8718513-709A-7BCF-6443-EA4D0C28DFC0 disconnected.
1779540397: New connection from ::1:39092 on port 1883.
1779540397: New client connected from ::1:39092 as auto-C32918B7-5269-F357-11E3-0BD052ECF2A0 (p2, c1, k60).
1779540397: Client auto-C32918B7-5269-F357-11E3-0BD052ECF2A0 disconnected.
1779540427: New connection from ::1:55008 on port 1883.
1779540427: New client connected from ::1:55008 as auto-D9D411AE-D556-F538-4106-04EF28C7B0B2 (p2, c1, k60).
1779540427: Client auto-D9D411AE-D556-F538-4106-04EF28C7B0B2 disconnected.
1779540457: New connection from ::1:50836 on port 1883.
1779540457: New client connected from ::1:50836 as auto-7F59B131-9912-DCE6-A889-7C3262A33442 (p2, c1, k60).
1779540457: Client auto-7F59B131-9912-DCE6-A889-7C3262A33442 disconnected.
1779540487: New connection from ::1:40320 on port 1883.
1779540487: New client connected from ::1:40320 as auto-CFE79D85-8F30-F53F-1C66-F7C6F1BC9EDD (p2, c1, k60).
1779540487: Client auto-CFE79D85-8F30-F53F-1C66-F7C6F1BC9EDD disconnected.
1779540517: New connection from ::1:49526 on port 1883.
1779540517: New client connected from ::1:49526 as auto-CA4C2DC7-923F-6C67-B88A-F1673F278413 (p2, c1, k60).
1779540517: Client auto-CA4C2DC7-923F-6C67-B88A-F1673F278413 disconnected.
1779540547: New connection from ::1:46370 on port 1883.
1779540547: New client connected from ::1:46370 as auto-5DC7FC2B-0B16-5AED-9577-EB851B5E024C (p2, c1, k60).
1779540547: Client auto-5DC7FC2B-0B16-5AED-9577-EB851B5E024C disconnected.
1779540577: New connection from ::1:35458 on port 1883.
1779540577: New client connected from ::1:35458 as auto-D2C69123-E8E6-E92B-0B0A-825B34962240 (p2, c1, k60).
1779540577: Client auto-D2C69123-E8E6-E92B-0B0A-825B34962240 disconnected.
1779540607: New connection from ::1:52736 on port 1883.
1779540607: New client connected from ::1:52736 as auto-C157D537-A39D-CB7C-8E3C-56DA9A2E6D86 (p2, c1, k60).
1779540607: Client auto-C157D537-A39D-CB7C-8E3C-56DA9A2E6D86 disconnected.
1779540637: New connection from ::1:51354 on port 1883.
1779540637: New client connected from ::1:51354 as auto-D481958E-6108-C328-730D-92065D49345E (p2, c1, k60).
1779540637: Client auto-D481958E-6108-C328-730D-92065D49345E disconnected.
1779540667: New connection from ::1:52360 on port 1883.
1779540667: New client connected from ::1:52360 as auto-2EA964D4-4B72-6FD4-47F5-4315B5914492 (p2, c1, k60).
1779540667: Client auto-2EA964D4-4B72-6FD4-47F5-4315B5914492 disconnected.
1779540697: New connection from ::1:52106 on port 1883.
1779540697: New client connected from ::1:52106 as auto-E4194C2B-4EEA-553C-4E41-38F14204741A (p2, c1, k60).
1779540697: Client auto-E4194C2B-4EEA-553C-4E41-38F14204741A disconnected.
1779540727: New connection from ::1:47552 on port 1883.
1779540727: New client connected from ::1:47552 as auto-1510A36A-75D6-3A76-C346-D0FAF5B7723B (p2, c1, k60).
1779540727: Client auto-1510A36A-75D6-3A76-C346-D0FAF5B7723B disconnected.
1779540757: New connection from ::1:44968 on port 1883.
1779540757: New client connected from ::1:44968 as auto-4CC2E3FE-2FA2-E92C-BC1E-91CC4452BF8E (p2, c1, k60).
1779540757: Client auto-4CC2E3FE-2FA2-E92C-BC1E-91CC4452BF8E disconnected.
1779540787: New connection from ::1:41956 on port 1883.
1779540787: New client connected from ::1:41956 as auto-208C3153-A945-D626-8932-D1B751EFC376 (p2, c1, k60).
1779540787: Client auto-208C3153-A945-D626-8932-D1B751EFC376 disconnected.
1779540817: New connection from ::1:46100 on port 1883.
1779540817: New client connected from ::1:46100 as auto-18A4A714-3128-4893-3841-15ECF550EE46 (p2, c1, k60).
1779540817: Client auto-18A4A714-3128-4893-3841-15ECF550EE46 disconnected.
1779540847: New connection from ::1:46210 on port 1883.
1779540847: New client connected from ::1:46210 as auto-19AA07DE-4149-43B1-417C-8D6E2D3D2FAC (p2, c1, k60).
1779540847: Client auto-19AA07DE-4149-43B1-417C-8D6E2D3D2FAC disconnected.
1779540877: New connection from ::1:58216 on port 1883.
1779540877: New client connected from ::1:58216 as auto-07C84229-B2C1-ECD6-2AD4-CD9714337245 (p2, c1, k60).
1779540877: Client auto-07C84229-B2C1-ECD6-2AD4-CD9714337245 disconnected.
1779540907: New connection from ::1:41290 on port 1883.
1779540907: New client connected from ::1:41290 as auto-5644A576-1227-615D-1156-95B395C99F02 (p2, c1, k60).
1779540907: Client auto-5644A576-1227-615D-1156-95B395C99F02 disconnected.
1779540937: New connection from ::1:57154 on port 1883.
1779540937: New client connected from ::1:57154 as auto-D2F44621-D075-019D-58A4-28107E64F7D5 (p2, c1, k60).
1779540937: Client auto-D2F44621-D075-019D-58A4-28107E64F7D5 disconnected.
1779540968: New connection from ::1:38382 on port 1883.
1779540968: New client connected from ::1:38382 as auto-A097D3F8-72FA-AF28-A5A5-F8AF24F08358 (p2, c1, k60).
1779540968: Client auto-A097D3F8-72FA-AF28-A5A5-F8AF24F08358 disconnected.
1779540998: New connection from ::1:38850 on port 1883.
1779540998: New client connected from ::1:38850 as auto-2DEFE26E-A83A-5612-1F23-0190E0E050FF (p2, c1, k60).
1779540998: Client auto-2DEFE26E-A83A-5612-1F23-0190E0E050FF disconnected.
1779541028: New connection from ::1:49100 on port 1883.
1779541028: New client connected from ::1:49100 as auto-1F00B3B9-DE24-C18C-044A-F3E58A8F775E (p2, c1, k60).
1779541028: Client auto-1F00B3B9-DE24-C18C-044A-F3E58A8F775E disconnected.
1779541058: New connection from ::1:36650 on port 1883.
1779541058: New client connected from ::1:36650 as auto-383D68D1-6693-5BFC-B28D-2F096F9CBC6A (p2, c1, k60).
1779541058: Client auto-383D68D1-6693-5BFC-B28D-2F096F9CBC6A disconnected.
1779541088: New connection from ::1:49878 on port 1883.
1779541088: New client connected from ::1:49878 as auto-9F7DEF87-2B36-6CA3-2161-0692C0443332 (p2, c1, k60).
1779541088: Client auto-9F7DEF87-2B36-6CA3-2161-0692C0443332 disconnected.
1779541118: New connection from ::1:46012 on port 1883.
1779541118: New client connected from ::1:46012 as auto-18BBDE96-82A0-CEE0-2CE3-42E37E252D89 (p2, c1, k60).
1779541118: Client auto-18BBDE96-82A0-CEE0-2CE3-42E37E252D89 disconnected.
1779541132: New client connected from 142.251.110.207:63835 as mqttjs_004475b6 (p2, c1, k60).
1779541148: New connection from ::1:56378 on port 1883.
1779541148: New client connected from ::1:56378 as auto-76D6424E-389B-3CDE-154A-FA9C0BA592A9 (p2, c1, k60).
1779541148: Client auto-76D6424E-389B-3CDE-154A-FA9C0BA592A9 disconnected.
1779541178: New connection from ::1:38754 on port 1883.
1779541178: New client connected from ::1:38754 as auto-82AFC70F-D99F-D5DA-F067-3006FDACF809 (p2, c1, k60).
1779541178: Client auto-82AFC70F-D99F-D5DA-F067-3006FDACF809 disconnected.
1779541208: New connection from ::1:37030 on port 1883.
1779541208: New client connected from ::1:37030 as auto-224482F2-DF91-C9D8-E8E4-C5AC5F76567D (p2, c1, k60).
1779541208: Client auto-224482F2-DF91-C9D8-E8E4-C5AC5F76567D disconnected.
1779541223: Client mqttjs_004475b6 closed its connection.
1779541238: New connection from ::1:57470 on port 1883.
1779541238: New client connected from ::1:57470 as auto-463C8562-F6A2-9811-52AA-BCE5BB26DF92 (p2, c1, k60).
1779541238: Client auto-463C8562-F6A2-9811-52AA-BCE5BB26DF92 disconnected.
1779541268: New connection from ::1:33016 on port 1883.
1779541268: New client connected from ::1:33016 as auto-F1D9D18F-D7C2-1DD3-934C-B7B070D38472 (p2, c1, k60).
1779541268: Client auto-F1D9D18F-D7C2-1DD3-934C-B7B070D38472 disconnected.
1779541298: New connection from ::1:60642 on port 1883.
1779541298: New client connected from ::1:60642 as auto-C88DE726-4F99-9798-69A2-9DEB8D61F35B (p2, c1, k60).
1779541298: Client auto-C88DE726-4F99-9798-69A2-9DEB8D61F35B disconnected.
1779541328: New connection from ::1:37422 on port 1883.
1779541328: New client connected from ::1:37422 as auto-1E3FD466-D975-8575-14EA-EEF3634A9D09 (p2, c1, k60).
1779541328: Client auto-1E3FD466-D975-8575-14EA-EEF3634A9D09 disconnected.
1779541358: New connection from ::1:37734 on port 1883.
1779541358: New client connected from ::1:37734 as auto-20F56A89-9232-D0C6-7DA8-9263CDDCDA55 (p2, c1, k60).
1779541358: Client auto-20F56A89-9232-D0C6-7DA8-9263CDDCDA55 disconnected.
1779541388: New connection from ::1:44882 on port 1883.
1779541388: New client connected from ::1:44882 as auto-C8053CB8-FE77-35B0-AF89-DFF7092E0BC6 (p2, c1, k60).
1779541388: Client auto-C8053CB8-FE77-35B0-AF89-DFF7092E0BC6 disconnected.
1779541418: New connection from ::1:45764 on port 1883.
1779541418: New client connected from ::1:45764 as auto-CD6B2D38-0A32-1CCE-702B-71B78878A3D3 (p2, c1, k60).
1779541418: Client auto-CD6B2D38-0A32-1CCE-702B-71B78878A3D3 disconnected.
1779541449: New connection from ::1:38880 on port 1883.
1779541449: New client connected from ::1:38880 as auto-2166EAA8-5943-EAF3-478F-26903E326813 (p2, c1, k60).
1779541449: Client auto-2166EAA8-5943-EAF3-478F-26903E326813 disconnected.
1779541479: New connection from ::1:54784 on port 1883.
1779541479: New client connected from ::1:54784 as auto-065B0472-A0A1-AAC9-B477-4C753CB49BE9 (p2, c1, k60).
1779541479: Client auto-065B0472-A0A1-AAC9-B477-4C753CB49BE9 disconnected.
1779541509: New connection from ::1:58782 on port 1883.
1779541509: New client connected from ::1:58782 as auto-504C3F59-56E9-BE45-9F23-42B2724A879F (p2, c1, k60).
1779541509: Client auto-504C3F59-56E9-BE45-9F23-42B2724A879F disconnected.
1779541539: New connection from ::1:55388 on port 1883.
1779541539: New client connected from ::1:55388 as auto-E7FA26EB-98FA-FBBF-112C-A30183367CC3 (p2, c1, k60).
1779541539: Client auto-E7FA26EB-98FA-FBBF-112C-A30183367CC3 disconnected.
1779541569: New connection from ::1:35440 on port 1883.
1779541569: New client connected from ::1:35440 as auto-8AE123DB-19AD-0F9B-531F-C46F94F48D9F (p2, c1, k60).
1779541569: Client auto-8AE123DB-19AD-0F9B-531F-C46F94F48D9F disconnected.
1779541599: New connection from ::1:39902 on port 1883.
1779541599: New client connected from ::1:39902 as auto-39136A72-35B3-EB94-9178-A86684C9D68D (p2, c1, k60).
1779541599: Client auto-39136A72-35B3-EB94-9178-A86684C9D68D disconnected.
1779541629: New connection from ::1:54270 on port 1883.
1779541629: New client connected from ::1:54270 as auto-FF0C90DE-D2DC-B5DC-9730-0B70C463DA82 (p2, c1, k60).
1779541629: Client auto-FF0C90DE-D2DC-B5DC-9730-0B70C463DA82 disconnected.
1779541659: New connection from ::1:34160 on port 1883.
1779541659: New client connected from ::1:34160 as auto-ACF90970-BC0B-9499-377C-06A9C5089DF3 (p2, c1, k60).
1779541659: Client auto-ACF90970-BC0B-9499-377C-06A9C5089DF3 disconnected.
1779541670: Saving in-memory database to /mosquitto/data//mosquitto.db.
1779541689: New connection from ::1:47148 on port 1883.
1779541689: New client connected from ::1:47148 as auto-52E68AA4-BF9D-6E81-A87F-34511F1AA583 (p2, c1, k60).
1779541689: Client auto-52E68AA4-BF9D-6E81-A87F-34511F1AA583 disconnected.
1779541719: New connection from ::1:38002 on port 1883.
1779541719: New client connected from ::1:38002 as auto-A0F9565A-6530-F5E8-D6F2-B7943A2F4023 (p2, c1, k60).
1779541719: Client auto-A0F9565A-6530-F5E8-D6F2-B7943A2F4023 disconnected.
1779541749: New connection from ::1:47124 on port 1883.
1779541749: New client connected from ::1:47124 as auto-5B0E6C4B-9809-A73A-9076-6D3624CCAFC3 (p2, c1, k60).
1779541749: Client auto-5B0E6C4B-9809-A73A-9076-6D3624CCAFC3 disconnected.
1779541779: New connection from ::1:42656 on port 1883.
1779541779: New client connected from ::1:42656 as auto-AC994FA7-8CED-7AF3-2325-DA712CCCD662 (p2, c1, k60).
1779541779: Client auto-AC994FA7-8CED-7AF3-2325-DA712CCCD662 disconnected.
1779541809: New connection from ::1:42578 on port 1883.
1779541809: New client connected from ::1:42578 as auto-64A41BFF-821E-C229-94EE-3C4FDFACF5C4 (p2, c1, k60).
1779541809: Client auto-64A41BFF-821E-C229-94EE-3C4FDFACF5C4 disconnected.
1779541824: New client connected from 142.251.110.207:35806 as mqttjs_004475b6 (p2, c1, k60).
1779541839: New connection from ::1:59904 on port 1883.
1779541839: New client connected from ::1:59904 as auto-9E35B009-A8B1-4706-9F3E-D8611AAE159B (p2, c1, k60).
1779541839: Client auto-9E35B009-A8B1-4706-9F3E-D8611AAE159B disconnected.
1779541869: New connection from ::1:47262 on port 1883.
1779541869: New client connected from ::1:47262 as auto-2E804FD0-024D-1459-3778-72D98B991D11 (p2, c1, k60).
1779541869: Client auto-2E804FD0-024D-1459-3778-72D98B991D11 disconnected.
1779541900: New connection from ::1:60476 on port 1883.
1779541900: New client connected from ::1:60476 as auto-8C986347-5CF9-387A-CD09-4B5821AD84D6 (p2, c1, k60).
1779541900: Client auto-8C986347-5CF9-387A-CD09-4B5821AD84D6 disconnected.
1779541930: New connection from ::1:52838 on port 1883.
1779541930: New client connected from ::1:52838 as auto-B0A0C3FB-7E36-ACC7-A684-67FEAFAD6591 (p2, c1, k60).
1779541930: Client auto-B0A0C3FB-7E36-ACC7-A684-67FEAFAD6591 disconnected.
1779541960: New connection from ::1:52682 on port 1883.
1779541960: New client connected from ::1:52682 as auto-3581B4A8-37BB-928E-52D5-5EE24874A8A5 (p2, c1, k60).
1779541960: Client auto-3581B4A8-37BB-928E-52D5-5EE24874A8A5 disconnected.
1779541990: New connection from ::1:44122 on port 1883.
1779541990: New client connected from ::1:44122 as auto-7AAA871A-3A89-7912-B78F-97A35269EFE3 (p2, c1, k60).
1779541990: Client auto-7AAA871A-3A89-7912-B78F-97A35269EFE3 disconnected.
1779542020: New connection from ::1:52750 on port 1883.
1779542020: New client connected from ::1:52750 as auto-16C055F2-5E30-DBD4-B621-16C59C5A059A (p2, c1, k60).
1779542020: Client auto-16C055F2-5E30-DBD4-B621-16C59C5A059A disconnected.
1779542050: New connection from ::1:37636 on port 1883.
1779542050: New client connected from ::1:37636 as auto-9B7004D9-D232-04DD-64D3-501EFEB7F737 (p2, c1, k60).
1779542050: Client auto-9B7004D9-D232-04DD-64D3-501EFEB7F737 disconnected.
1779542080: New connection from ::1:49658 on port 1883.
1779542080: New client connected from ::1:49658 as auto-C1B2C367-AF4E-1CFA-701E-13ED9968730B (p2, c1, k60).
1779542080: Client auto-C1B2C367-AF4E-1CFA-701E-13ED9968730B disconnected.
1779542110: New connection from ::1:47648 on port 1883.
1779542110: New client connected from ::1:47648 as auto-2C8FA28E-CF47-A260-0592-F1624F025E31 (p2, c1, k60).
1779542110: Client auto-2C8FA28E-CF47-A260-0592-F1624F025E31 disconnected.
1779542140: New connection from ::1:57442 on port 1883.
1779542140: New client connected from ::1:57442 as auto-16D6DA4C-ED18-EC16-D5AA-5D1BCEE58EE6 (p2, c1, k60).
1779542140: Client auto-16D6DA4C-ED18-EC16-D5AA-5D1BCEE58EE6 disconnected.
1779542170: New connection from ::1:60622 on port 1883.
1779542170: New client connected from ::1:60622 as auto-44A16E47-EF4B-5D8C-0C07-FCBABBDC10F7 (p2, c1, k60).
1779542170: Client auto-44A16E47-EF4B-5D8C-0C07-FCBABBDC10F7 disconnected.
1779542200: New connection from ::1:47210 on port 1883.
1779542200: New client connected from ::1:47210 as auto-224ED4AC-E1C7-A453-A5F6-BC67E0E94AFF (p2, c1, k60).
1779542200: Client auto-224ED4AC-E1C7-A453-A5F6-BC67E0E94AFF disconnected.
1779542230: New connection from ::1:55466 on port 1883.
1779542230: New client connected from ::1:55466 as auto-704D9696-D6DC-6845-7AAD-F04E81D27FF9 (p2, c1, k60).
1779542230: Client auto-704D9696-D6DC-6845-7AAD-F04E81D27FF9 disconnected.
1779542260: New connection from ::1:57546 on port 1883.
1779542260: New client connected from ::1:57546 as auto-F4611933-DB1F-79A6-2168-2009EC1FA75F (p2, c1, k60).
1779542260: Client auto-F4611933-DB1F-79A6-2168-2009EC1FA75F disconnected.
1779542290: New connection from ::1:47040 on port 1883.
1779542290: New client connected from ::1:47040 as auto-FD367CAD-8D21-4F93-5A5F-6CC5049749C1 (p2, c1, k60).
1779542290: Client auto-FD367CAD-8D21-4F93-5A5F-6CC5049749C1 disconnected.
1779542320: New connection from ::1:43396 on port 1883.
1779542320: New client connected from ::1:43396 as auto-F40F91F7-2F32-12B1-91AC-DAC26A793C0B (p2, c1, k60).
1779542320: Client auto-F40F91F7-2F32-12B1-91AC-DAC26A793C0B disconnected.
1779542327: Client mqttjs_004475b6 closed its connection.
1779542350: New connection from ::1:34044 on port 1883.
1779542350: New client connected from ::1:34044 as auto-F204EFBE-EB24-9D8E-7666-DE2F88C3C261 (p2, c1, k60).
1779542350: Client auto-F204EFBE-EB24-9D8E-7666-DE2F88C3C261 disconnected.
1779542381: New connection from ::1:48902 on port 1883.
1779542381: New client connected from ::1:48902 as auto-80E6C599-0E0F-97BE-714B-505A09F88767 (p2, c1, k60).
1779542381: Client auto-80E6C599-0E0F-97BE-714B-505A09F88767 disconnected.
1779542411: New connection from ::1:55838 on port 1883.
1779542411: New client connected from ::1:55838 as auto-3AE27452-9783-514C-92B6-F5B743F86A16 (p2, c1, k60).
1779542411: Client auto-3AE27452-9783-514C-92B6-F5B743F86A16 disconnected.
1779542441: New connection from ::1:33590 on port 1883.
1779542441: New client connected from ::1:33590 as auto-7D45D759-F770-112A-57A3-EC36295340BC (p2, c1, k60).
1779542441: Client auto-7D45D759-F770-112A-57A3-EC36295340BC disconnected.
1779542471: New connection from ::1:58556 on port 1883.
1779542471: New client connected from ::1:58556 as auto-8FBB5B35-60D5-02D9-1423-BCE4642BEFBE (p2, c1, k60).
1779542471: Client auto-8FBB5B35-60D5-02D9-1423-BCE4642BEFBE disconnected.
1779542501: New connection from ::1:59742 on port 1883.
1779542501: New client connected from ::1:59742 as auto-E2D9259E-9395-62A2-EFF0-F6F67D47F0F9 (p2, c1, k60).
1779542501: Client auto-E2D9259E-9395-62A2-EFF0-F6F67D47F0F9 disconnected.
1779542531: New connection from ::1:39856 on port 1883.
1779542531: New client connected from ::1:39856 as auto-88D617C6-BAE1-D051-510E-D5EBE4420B38 (p2, c1, k60).
1779542531: Client auto-88D617C6-BAE1-D051-510E-D5EBE4420B38 disconnected.
1779542561: New connection from ::1:57754 on port 1883.
1779542561: New client connected from ::1:57754 as auto-86ED6462-0CEA-1531-125D-B0ED7E77EC7F (p2, c1, k60).
1779542561: Client auto-86ED6462-0CEA-1531-125D-B0ED7E77EC7F disconnected.
1779542591: New connection from ::1:39730 on port 1883.
1779542591: New client connected from ::1:39730 as auto-DEF2E727-8A77-8AF1-2E75-BEB618F855D0 (p2, c1, k60).
1779542591: Client auto-DEF2E727-8A77-8AF1-2E75-BEB618F855D0 disconnected.
1779542621: New connection from ::1:43278 on port 1883.
1779542621: New client connected from ::1:43278 as auto-8BCF1A2A-3345-29D5-80FF-8B483384A671 (p2, c1, k60).
1779542621: Client auto-8BCF1A2A-3345-29D5-80FF-8B483384A671 disconnected.
1779542651: New connection from ::1:59804 on port 1883.
1779542651: New client connected from ::1:59804 as auto-85A9F50D-EBF6-FDB2-05FE-B267672B8143 (p2, c1, k60).
1779542651: Client auto-85A9F50D-EBF6-FDB2-05FE-B267672B8143 disconnected.
1779542681: New connection from ::1:41546 on port 1883.
1779542681: New client connected from ::1:41546 as auto-38CB518C-5C3B-4BD8-8202-47C46E8B6ABF (p2, c1, k60).
1779542681: Client auto-38CB518C-5C3B-4BD8-8202-47C46E8B6ABF disconnected.
1779542711: New connection from ::1:59814 on port 1883.
1779542711: New client connected from ::1:59814 as auto-375FCFCD-006C-1C5D-1B02-3C89A3132027 (p2, c1, k60).
1779542711: Client auto-375FCFCD-006C-1C5D-1B02-3C89A3132027 disconnected.
1779542741: New connection from ::1:47796 on port 1883.
1779542741: New client connected from ::1:47796 as auto-888AFDAC-A5ED-EEC0-322D-DB407DCF008F (p2, c1, k60).
1779542741: Client auto-888AFDAC-A5ED-EEC0-322D-DB407DCF008F disconnected.
1779542771: New connection from ::1:33214 on port 1883.
1779542771: New client connected from ::1:33214 as auto-D5353161-4F3B-F233-830B-DDEBB2FFAABB (p2, c1, k60).
1779542771: Client auto-D5353161-4F3B-F233-830B-DDEBB2FFAABB disconnected.
1779542801: New connection from ::1:40328 on port 1883.
1779542801: New client connected from ::1:40328 as auto-C9F50E8F-2770-77E1-1DAB-13F1E67E3664 (p2, c1, k60).
1779542801: Client auto-C9F50E8F-2770-77E1-1DAB-13F1E67E3664 disconnected.
1779542831: New connection from ::1:58630 on port 1883.
1779542831: New client connected from ::1:58630 as auto-B6794E52-7D83-4863-095C-5B7EEF9B00C6 (p2, c1, k60).
1779542831: Client auto-B6794E52-7D83-4863-095C-5B7EEF9B00C6 disconnected.
1779542861: New connection from ::1:47860 on port 1883.
1779542861: New client connected from ::1:47860 as auto-34B21B99-780C-E58A-20DD-82E6DB4BE5BE (p2, c1, k60).
1779542861: Client auto-34B21B99-780C-E58A-20DD-82E6DB4BE5BE disconnected.
1779542892: New connection from ::1:34940 on port 1883.
1779542892: New client connected from ::1:34940 as auto-80B86477-C2C7-F4C7-5CA0-E3FA7D95AADC (p2, c1, k60).
1779542892: Client auto-80B86477-C2C7-F4C7-5CA0-E3FA7D95AADC disconnected.
1779542922: New connection from ::1:44860 on port 1883.
1779542922: New client connected from ::1:44860 as auto-443BF922-76B8-1BAD-FB8F-5AA9421FB9BA (p2, c1, k60).
1779542922: Client auto-443BF922-76B8-1BAD-FB8F-5AA9421FB9BA disconnected.
1779542952: New connection from ::1:38518 on port 1883.
1779542952: New client connected from ::1:38518 as auto-21C2CD04-A2FB-EECE-E013-37ECF3E4543B (p2, c1, k60).
1779542952: Client auto-21C2CD04-A2FB-EECE-E013-37ECF3E4543B disconnected.
1779542982: New connection from ::1:36664 on port 1883.
1779542982: New client connected from ::1:36664 as auto-1D808422-B4C0-FC75-5110-227E6FFCCC5D (p2, c1, k60).
1779542982: Client auto-1D808422-B4C0-FC75-5110-227E6FFCCC5D disconnected.
1779543012: New connection from ::1:49906 on port 1883.
1779543012: New client connected from ::1:49906 as auto-E78D30A4-E49F-E30F-093E-A9CC65EED48D (p2, c1, k60).
1779543012: Client auto-E78D30A4-E49F-E30F-093E-A9CC65EED48D disconnected.
1779543042: New connection from ::1:48676 on port 1883.
1779543042: New client connected from ::1:48676 as auto-28CCBF75-B41E-CF4B-CCD5-7D490E56BDA9 (p2, c1, k60).
1779543042: Client auto-28CCBF75-B41E-CF4B-CCD5-7D490E56BDA9 disconnected.
1779543072: New connection from ::1:56394 on port 1883.
1779543072: New client connected from ::1:56394 as auto-F18744A8-7E0C-5662-8490-2CF925FFA269 (p2, c1, k60).
1779543072: Client auto-F18744A8-7E0C-5662-8490-2CF925FFA269 disconnected.
1779543102: New connection from ::1:56548 on port 1883.
1779543102: New client connected from ::1:56548 as auto-831171D9-70F8-36B6-3710-AD3015E9B391 (p2, c1, k60).
1779543102: Client auto-831171D9-70F8-36B6-3710-AD3015E9B391 disconnected.
1779543132: New connection from ::1:53902 on port 1883.
1779543132: New client connected from ::1:53902 as auto-8CD9C249-9646-8DBB-F7CC-4D6DCF6211CF (p2, c1, k60).
1779543132: Client auto-8CD9C249-9646-8DBB-F7CC-4D6DCF6211CF disconnected.
1779543162: New connection from ::1:40726 on port 1883.
1779543162: New client connected from ::1:40726 as auto-7BCF6256-CFE5-0CCC-E933-15A422FACC55 (p2, c1, k60).
1779543162: Client auto-7BCF6256-CFE5-0CCC-E933-15A422FACC55 disconnected.
1779543192: New connection from ::1:51192 on port 1883.
1779543192: New client connected from ::1:51192 as auto-13E18392-80B3-AFCB-391C-FA3B013BC6F1 (p2, c1, k60).
1779543192: Client auto-13E18392-80B3-AFCB-391C-FA3B013BC6F1 disconnected.
1779543222: New connection from ::1:50090 on port 1883.
1779543222: New client connected from ::1:50090 as auto-6B4172A3-A870-D6A6-8634-D7A17B968FE7 (p2, c1, k60).
1779543222: Client auto-6B4172A3-A870-D6A6-8634-D7A17B968FE7 disconnected.
1779543252: New connection from ::1:56082 on port 1883.
1779543252: New client connected from ::1:56082 as auto-DC5F685B-78AD-8D4A-939F-238E653925CA (p2, c1, k60).
1779543252: Client auto-DC5F685B-78AD-8D4A-939F-238E653925CA disconnected.
1779543282: New connection from ::1:59068 on port 1883.
1779543282: New client connected from ::1:59068 as auto-682F2E6D-161B-439B-989A-E10F7FFC7DEA (p2, c1, k60).
1779543282: Client auto-682F2E6D-161B-439B-989A-E10F7FFC7DEA disconnected.
1779543312: New connection from ::1:60428 on port 1883.
1779543312: New client connected from ::1:60428 as auto-2DEF0195-C9A0-8F27-945E-58D79FE96DD1 (p2, c1, k60).
1779543312: Client auto-2DEF0195-C9A0-8F27-945E-58D79FE96DD1 disconnected.
1779543342: New connection from ::1:52676 on port 1883.
1779543342: New client connected from ::1:52676 as auto-E1D18081-CA0A-3F94-5F68-509038711716 (p2, c1, k60).
1779543342: Client auto-E1D18081-CA0A-3F94-5F68-509038711716 disconnected.
1779543372: New connection from ::1:35364 on port 1883.
1779543372: New client connected from ::1:35364 as auto-F59F6205-D68B-B6BE-8E22-853F6B374E87 (p2, c1, k60).
1779543372: Client auto-F59F6205-D68B-B6BE-8E22-853F6B374E87 disconnected.
1779543403: New connection from ::1:52532 on port 1883.
1779543403: New client connected from ::1:52532 as auto-604D78F0-D5DE-A7C4-BE85-BB93790975E4 (p2, c1, k60).
1779543403: Client auto-604D78F0-D5DE-A7C4-BE85-BB93790975E4 disconnected.
1779543433: New connection from ::1:52344 on port 1883.
1779543433: New client connected from ::1:52344 as auto-A296DD58-119A-9EBA-735F-FFEB0EBC4DDD (p2, c1, k60).
1779543433: Client auto-A296DD58-119A-9EBA-735F-FFEB0EBC4DDD disconnected.
1779543463: New connection from ::1:40416 on port 1883.
1779543463: New client connected from ::1:40416 as auto-0C367341-5252-9BB4-98E0-7F2FF4C1C333 (p2, c1, k60).
1779543463: Client auto-0C367341-5252-9BB4-98E0-7F2FF4C1C333 disconnected.
1779543471: Saving in-memory database to /mosquitto/data//mosquitto.db.
1779543493: New connection from ::1:53192 on port 1883.
1779543493: New client connected from ::1:53192 as auto-0849E677-75F6-3DF2-C29A-78409F6EB26B (p2, c1, k60).
1779543493: Client auto-0849E677-75F6-3DF2-C29A-78409F6EB26B disconnected.
1779543523: New connection from ::1:37306 on port 1883.
1779543523: New client connected from ::1:37306 as auto-21302193-06C6-0341-518B-C9D26F2E8DAC (p2, c1, k60).
1779543523: Client auto-21302193-06C6-0341-518B-C9D26F2E8DAC disconnected.
1779543553: New connection from ::1:52352 on port 1883.
1779543553: New client connected from ::1:52352 as auto-E4BD7625-082C-08E2-959C-E01645CA1AED (p2, c1, k60).
1779543553: Client auto-E4BD7625-082C-08E2-959C-E01645CA1AED disconnected.
1779543583: New connection from ::1:45284 on port 1883.
1779543583: New client connected from ::1:45284 as auto-6869F44B-E5DC-F59C-BF81-EECE37A2E6C1 (p2, c1, k60).
1779543583: Client auto-6869F44B-E5DC-F59C-BF81-EECE37A2E6C1 disconnected.
1779543613: New connection from ::1:51824 on port 1883.
1779543613: New client connected from ::1:51824 as auto-CECEBE6F-1A07-E975-E91C-C15A764E9088 (p2, c1, k60).
1779543613: Client auto-CECEBE6F-1A07-E975-E91C-C15A764E9088 disconnected.
1779543643: New connection from ::1:50034 on port 1883.
1779543643: New client connected from ::1:50034 as auto-6415AE1D-2C90-CFF2-928D-018956B5AEF9 (p2, c1, k60).
1779543643: Client auto-6415AE1D-2C90-CFF2-928D-018956B5AEF9 disconnected.
1779543673: New connection from ::1:55804 on port 1883.
1779543673: New client connected from ::1:55804 as auto-6D41D49E-1927-1E2B-A067-17F13A47935F (p2, c1, k60).
1779543673: Client auto-6D41D49E-1927-1E2B-A067-17F13A47935F disconnected.
1779543685: New client connected from 142.251.110.207:46874 as mqttjs_004475b6 (p2, c1, k60).
1779543703: New connection from ::1:35382 on port 1883.
1779543703: New client connected from ::1:35382 as auto-B057BC8C-EE7C-2791-4B93-CDAC2754788F (p2, c1, k60).
1779543703: Client auto-B057BC8C-EE7C-2791-4B93-CDAC2754788F disconnected.
1779543733: New connection from ::1:33918 on port 1883.
1779543733: New client connected from ::1:33918 as auto-907013BA-249F-C075-06DA-9E441AE170AA (p2, c1, k60).
1779543733: Client auto-907013BA-249F-C075-06DA-9E441AE170AA disconnected.
1779543763: New connection from ::1:33398 on port 1883.
1779543763: New client connected from ::1:33398 as auto-BE7AE09C-F50B-2E47-3CBD-4E665F4A1ED7 (p2, c1, k60).
1779543763: Client auto-BE7AE09C-F50B-2E47-3CBD-4E665F4A1ED7 disconnected.
1779543776: Client mqttjs_004475b6 closed its connection.
1779543793: New connection from ::1:45486 on port 1883.
1779543793: New client connected from ::1:45486 as auto-FDF05E8D-63CF-40B0-A6AE-6850153EB6EC (p2, c1, k60).
1779543793: Client auto-FDF05E8D-63CF-40B0-A6AE-6850153EB6EC disconnected.
1779543823: New connection from ::1:40338 on port 1883.
1779543823: New client connected from ::1:40338 as auto-6BA8FA20-7564-DA4D-3FE5-086E19D9B611 (p2, c1, k60).
1779543823: Client auto-6BA8FA20-7564-DA4D-3FE5-086E19D9B611 disconnected.
1779543853: New connection from ::1:36716 on port 1883.
1779543853: New client connected from ::1:36716 as auto-FA18A521-F2E6-BE0A-1163-03513466413F (p2, c1, k60).
1779543853: Client auto-FA18A521-F2E6-BE0A-1163-03513466413F disconnected.
1779543883: New connection from ::1:54652 on port 1883.
1779543883: New client connected from ::1:54652 as auto-B9739372-5A77-0C6A-FC8D-4651E964897E (p2, c1, k60).
1779543883: Client auto-B9739372-5A77-0C6A-FC8D-4651E964897E disconnected.
1779543913: New connection from ::1:59486 on port 1883.
1779543913: New client connected from ::1:59486 as auto-AD9BCB19-34EA-16C4-68B8-50B28AD7A574 (p2, c1, k60).
1779543913: Client auto-AD9BCB19-34EA-16C4-68B8-50B28AD7A574 disconnected.
1779543944: New connection from ::1:34086 on port 1883.
1779543944: New client connected from ::1:34086 as auto-EC9890A3-8003-E00A-FBB8-B4E34FF19444 (p2, c1, k60).
1779543944: Client auto-EC9890A3-8003-E00A-FBB8-B4E34FF19444 disconnected.
1779543974: New connection from ::1:40644 on port 1883.
1779543974: New client connected from ::1:40644 as auto-481A19B0-7C61-4631-3494-F6B4405C3483 (p2, c1, k60).
1779543974: Client auto-481A19B0-7C61-4631-3494-F6B4405C3483 disconnected.
1779544004: New connection from ::1:43056 on port 1883.
1779544004: New client connected from ::1:43056 as auto-D577153D-3F20-7804-8D46-A5CB09648276 (p2, c1, k60).
1779544004: Client auto-D577153D-3F20-7804-8D46-A5CB09648276 disconnected.
1779544034: New connection from ::1:56028 on port 1883.
1779544034: New client connected from ::1:56028 as auto-17E15CE3-D2F3-5C0B-A8CF-F8F00CB675CA (p2, c1, k60).
1779544034: Client auto-17E15CE3-D2F3-5C0B-A8CF-F8F00CB675CA disconnected.
1779544064: New connection from ::1:47868 on port 1883.
1779544064: New client connected from ::1:47868 as auto-14A3E8E8-B428-92DE-FE8B-E72E726EFA10 (p2, c1, k60).
1779544064: Client auto-14A3E8E8-B428-92DE-FE8B-E72E726EFA10 disconnected.
1779544094: New connection from ::1:38620 on port 1883.
1779544094: New client connected from ::1:38620 as auto-F82E50C5-124B-2DEC-5093-940EEA783AA3 (p2, c1, k60).
1779544094: Client auto-F82E50C5-124B-2DEC-5093-940EEA783AA3 disconnected.
1779544124: New connection from ::1:53936 on port 1883.
1779544124: New client connected from ::1:53936 as auto-899B1B26-175D-A44D-4570-AF592DCB71A4 (p2, c1, k60).
1779544124: Client auto-899B1B26-175D-A44D-4570-AF592DCB71A4 disconnected.
1779544154: New connection from ::1:34532 on port 1883.
1779544154: New client connected from ::1:34532 as auto-56227DB1-7AF7-9D5D-4B9E-D1EDAD81E1E5 (p2, c1, k60).
1779544154: Client auto-56227DB1-7AF7-9D5D-4B9E-D1EDAD81E1E5 disconnected.
1779544184: New connection from ::1:39076 on port 1883.
1779544184: New client connected from ::1:39076 as auto-AEF407FB-9970-D684-0484-F5BE3367947D (p2, c1, k60).
1779544184: Client auto-AEF407FB-9970-D684-0484-F5BE3367947D disconnected.
1779544214: New connection from ::1:59714 on port 1883.
1779544214: New client connected from ::1:59714 as auto-754C8C84-25BF-297A-A197-F6E467A4A24B (p2, c1, k60).
1779544214: Client auto-754C8C84-25BF-297A-A197-F6E467A4A24B disconnected.
1779544244: New connection from ::1:48702 on port 1883.
1779544244: New client connected from ::1:48702 as auto-B63D29E6-B00F-3950-763B-9DF7EF0EB825 (p2, c1, k60).
1779544244: Client auto-B63D29E6-B00F-3950-763B-9DF7EF0EB825 disconnected.
1779544274: New connection from ::1:57792 on port 1883.
1779544274: New client connected from ::1:57792 as auto-F394BA3E-8EA4-AB4D-9737-9B956FDD402C (p2, c1, k60).
1779544274: Client auto-F394BA3E-8EA4-AB4D-9737-9B956FDD402C disconnected.
1779544304: New connection from ::1:57920 on port 1883.
1779544304: New client connected from ::1:57920 as auto-C85F7854-1F01-780E-7F64-3B9761B0D693 (p2, c1, k60).
1779544304: Client auto-C85F7854-1F01-780E-7F64-3B9761B0D693 disconnected.
1779544334: New connection from ::1:58470 on port 1883.
1779544334: New client connected from ::1:58470 as auto-D19D6017-9DCF-8902-0D54-511692202A40 (p2, c1, k60).
1779544334: Client auto-D19D6017-9DCF-8902-0D54-511692202A40 disconnected.
1779544364: New connection from ::1:40514 on port 1883.
1779544364: New client connected from ::1:40514 as auto-1534D1F1-08B4-2C10-0A3E-4FB93C7729AD (p2, c1, k60).
1779544364: Client auto-1534D1F1-08B4-2C10-0A3E-4FB93C7729AD disconnected.
1779544394: New connection from ::1:42948 on port 1883.
1779544394: New client connected from ::1:42948 as auto-8AEEA914-5C99-414D-BC9C-4CFBAA32E719 (p2, c1, k60).
1779544394: Client auto-8AEEA914-5C99-414D-BC9C-4CFBAA32E719 disconnected.
1779544408: New client connected from 142.251.110.207:21946 as mqttjs_004475b6 (p2, c1, k60).
1779544424: New connection from ::1:42576 on port 1883.
1779544424: New client connected from ::1:42576 as auto-F19C6E78-4CD7-43BA-36A2-9284087F139A (p2, c1, k60).
1779544424: Client auto-F19C6E78-4CD7-43BA-36A2-9284087F139A disconnected.
1779544455: New connection from ::1:36504 on port 1883.
1779544455: New client connected from ::1:36504 as auto-60D4CAC9-4021-4369-6C2D-275C7FE26943 (p2, c1, k60).
1779544455: Client auto-60D4CAC9-4021-4369-6C2D-275C7FE26943 disconnected.
1779544485: New connection from ::1:44368 on port 1883.
1779544485: New client connected from ::1:44368 as auto-2C9A522F-D4D5-373E-4D28-ADEDF761BAC0 (p2, c1, k60).
1779544485: Client auto-2C9A522F-D4D5-373E-4D28-ADEDF761BAC0 disconnected.
1779544499: Client mqttjs_004475b6 closed its connection.
1779544515: New connection from ::1:42570 on port 1883.
1779544515: New client connected from ::1:42570 as auto-E3CEDF12-4EE8-F426-2326-A725C18CD023 (p2, c1, k60).
1779544515: Client auto-E3CEDF12-4EE8-F426-2326-A725C18CD023 disconnected.
1779544545: New connection from ::1:56506 on port 1883.
1779544545: New client connected from ::1:56506 as auto-226CD54D-B833-983B-E6F4-EEDB40901755 (p2, c1, k60).
1779544545: Client auto-226CD54D-B833-983B-E6F4-EEDB40901755 disconnected.
1779544575: New connection from ::1:41806 on port 1883.
1779544575: New client connected from ::1:41806 as auto-B06128BA-407F-875F-9AC1-C633C19C01D7 (p2, c1, k60).
1779544575: Client auto-B06128BA-407F-875F-9AC1-C633C19C01D7 disconnected.
1779544605: New connection from ::1:47858 on port 1883.
1779544605: New client connected from ::1:47858 as auto-F4062561-BAE5-6F96-C0A6-35568E14E354 (p2, c1, k60).
1779544605: Client auto-F4062561-BAE5-6F96-C0A6-35568E14E354 disconnected.
1779544635: New connection from ::1:53814 on port 1883.
1779544635: New client connected from ::1:53814 as auto-FA80D265-6E4F-CF5C-A3B8-2F8626728982 (p2, c1, k60).
1779544635: Client auto-FA80D265-6E4F-CF5C-A3B8-2F8626728982 disconnected.
1779544665: New connection from ::1:39078 on port 1883.
1779544665: New client connected from ::1:39078 as auto-C474D37A-5218-8266-C6DB-B7366F4A2A53 (p2, c1, k60).
1779544665: Client auto-C474D37A-5218-8266-C6DB-B7366F4A2A53 disconnected.
1779544695: New connection from ::1:44926 on port 1883.
1779544695: New client connected from ::1:44926 as auto-7870A517-EE9F-4ACC-B7D8-0E0A13A3ED4A (p2, c1, k60).
1779544695: Client auto-7870A517-EE9F-4ACC-B7D8-0E0A13A3ED4A disconnected.
1779544725: New connection from ::1:33938 on port 1883.
1779544725: New client connected from ::1:33938 as auto-57229A6E-C706-D7A7-38EF-C90C8D28C844 (p2, c1, k60).
1779544725: Client auto-57229A6E-C706-D7A7-38EF-C90C8D28C844 disconnected.
1779544755: New connection from ::1:53928 on port 1883.
1779544755: New client connected from ::1:53928 as auto-1D14FFA2-E8E8-D830-7B1E-C29801431547 (p2, c1, k60).
1779544755: Client auto-1D14FFA2-E8E8-D830-7B1E-C29801431547 disconnected.
1779544785: New connection from ::1:57176 on port 1883.
1779544785: New client connected from ::1:57176 as auto-23C25B34-B003-9BE6-3A48-5CDF97EBCF90 (p2, c1, k60).
1779544785: Client auto-23C25B34-B003-9BE6-3A48-5CDF97EBCF90 disconnected.
1779544815: New connection from ::1:48474 on port 1883.
1779544815: New client connected from ::1:48474 as auto-BD8252BD-78DE-63CE-402B-F733558DF652 (p2, c1, k60).
1779544815: Client auto-BD8252BD-78DE-63CE-402B-F733558DF652 disconnected.
1779544845: New connection from ::1:49630 on port 1883.
1779544845: New client connected from ::1:49630 as auto-6FBBD79F-8E0D-A1E8-E46F-31878E097C99 (p2, c1, k60).
1779544845: Client auto-6FBBD79F-8E0D-A1E8-E46F-31878E097C99 disconnected.
1779544875: New connection from ::1:46034 on port 1883.
1779544875: New client connected from ::1:46034 as auto-1EAC18AE-AE8E-8708-BDBE-159E066665B3 (p2, c1, k60).
1779544875: Client auto-1EAC18AE-AE8E-8708-BDBE-159E066665B3 disconnected.
1779544905: New connection from ::1:41068 on port 1883.
1779544905: New client connected from ::1:41068 as auto-699EFB60-C328-980C-B09E-CC256817E978 (p2, c1, k60).
1779544905: Client auto-699EFB60-C328-980C-B09E-CC256817E978 disconnected.
1779544936: New connection from ::1:37672 on port 1883.
1779544936: New client connected from ::1:37672 as auto-10F12901-D1D6-B53A-D473-83440B5C8EB2 (p2, c1, k60).
1779544936: Client auto-10F12901-D1D6-B53A-D473-83440B5C8EB2 disconnected.
1779544966: New connection from ::1:41710 on port 1883.
1779544966: New client connected from ::1:41710 as auto-287A7C12-CA77-4AB3-CDD4-CD229C2AA649 (p2, c1, k60).
1779544966: Client auto-287A7C12-CA77-4AB3-CDD4-CD229C2AA649 disconnected.
1779544996: New connection from ::1:47546 on port 1883.
1779544996: New client connected from ::1:47546 as auto-407B9FCB-DC8B-36DA-C379-5D4BECE3978A (p2, c1, k60).
1779544996: Client auto-407B9FCB-DC8B-36DA-C379-5D4BECE3978A disconnected.
1779545026: New connection from ::1:36590 on port 1883.
1779545026: New client connected from ::1:36590 as auto-2C25D657-DAE8-BC0A-8407-E2C6A9D3A05D (p2, c1, k60).
1779545026: Client auto-2C25D657-DAE8-BC0A-8407-E2C6A9D3A05D disconnected.
1779545056: New connection from ::1:58206 on port 1883.
1779545056: New client connected from ::1:58206 as auto-E2D50476-6922-9214-6FBB-C767FE516A55 (p2, c1, k60).
1779545056: Client auto-E2D50476-6922-9214-6FBB-C767FE516A55 disconnected.
1779545086: New connection from ::1:54402 on port 1883.
1779545086: New client connected from ::1:54402 as auto-37F19B0E-D622-7739-937A-30B48218EB4E (p2, c1, k60).
1779545086: Client auto-37F19B0E-D622-7739-937A-30B48218EB4E disconnected.
1779545116: New connection from ::1:51978 on port 1883.
1779545116: New client connected from ::1:51978 as auto-4637C965-D1B8-8B1C-7319-78A4B75379CC (p2, c1, k60).
1779545116: Client auto-4637C965-D1B8-8B1C-7319-78A4B75379CC disconnected.
1779545146: New connection from ::1:50868 on port 1883.
1779545146: New client connected from ::1:50868 as auto-1D5E7FD0-460E-5DA6-8CD1-351AC33B1148 (p2, c1, k60).
1779545146: Client auto-1D5E7FD0-460E-5DA6-8CD1-351AC33B1148 disconnected.
1779545176: New connection from ::1:40458 on port 1883.
1779545176: New client connected from ::1:40458 as auto-BA167291-6AFB-CBF9-E2BF-15487AE4CEC1 (p2, c1, k60).
1779545176: Client auto-BA167291-6AFB-CBF9-E2BF-15487AE4CEC1 disconnected.
1779545206: New connection from ::1:33380 on port 1883.
1779545206: New client connected from ::1:33380 as auto-286C569A-C5E2-74B2-3FD3-29836D9D0023 (p2, c1, k60).
1779545206: Client auto-286C569A-C5E2-74B2-3FD3-29836D9D0023 disconnected.
1779545236: New connection from ::1:36270 on port 1883.
1779545236: New client connected from ::1:36270 as auto-0FEF219E-74B2-D859-6AEF-7D0C9CD9393E (p2, c1, k60).
1779545236: Client auto-0FEF219E-74B2-D859-6AEF-7D0C9CD9393E disconnected.
1779545266: New connection from ::1:44922 on port 1883.
1779545266: New client connected from ::1:44922 as auto-0918E79C-A3CF-5B5E-4717-F433FD013075 (p2, c1, k60).
1779545266: Client auto-0918E79C-A3CF-5B5E-4717-F433FD013075 disconnected.
1779545272: Saving in-memory database to /mosquitto/data//mosquitto.db.
1779545296: New connection from ::1:35948 on port 1883.
1779545296: New client connected from ::1:35948 as auto-CC1C17E4-2A54-1605-8D06-C36F88B67EFC (p2, c1, k60).
1779545296: Client auto-CC1C17E4-2A54-1605-8D06-C36F88B67EFC disconnected.
1779545326: New connection from ::1:36844 on port 1883.
1779545326: New client connected from ::1:36844 as auto-F4DC6237-0410-D762-E6FD-8DB06EA285EF (p2, c1, k60).
1779545326: Client auto-F4DC6237-0410-D762-E6FD-8DB06EA285EF disconnected.
1779545356: New connection from ::1:44438 on port 1883.
1779545356: New client connected from ::1:44438 as auto-EB343012-3154-58C2-6D3A-8B72D5B7CE82 (p2, c1, k60).
1779545356: Client auto-EB343012-3154-58C2-6D3A-8B72D5B7CE82 disconnected.
1779545386: New connection from ::1:54766 on port 1883.
1779545386: New client connected from ::1:54766 as auto-A6FEE457-52DF-F670-1629-9FA39853CF63 (p2, c1, k60).
1779545386: Client auto-A6FEE457-52DF-F670-1629-9FA39853CF63 disconnected.
1779545416: New connection from ::1:53912 on port 1883.
1779545416: New client connected from ::1:53912 as auto-4104BE08-D852-7FB0-5F89-EC7CEABC2494 (p2, c1, k60).
1779545416: Client auto-4104BE08-D852-7FB0-5F89-EC7CEABC2494 disconnected.
1779545447: New connection from ::1:52856 on port 1883.
1779545447: New client connected from ::1:52856 as auto-71E081F6-A0F4-417C-68B9-85EEEC0F7842 (p2, c1, k60).
1779545447: Client auto-71E081F6-A0F4-417C-68B9-85EEEC0F7842 disconnected.
1779545477: New connection from ::1:59666 on port 1883.
1779545477: New client connected from ::1:59666 as auto-AB1204F5-7DDE-574F-A098-CA8C57788A0D (p2, c1, k60).
1779545477: Client auto-AB1204F5-7DDE-574F-A098-CA8C57788A0D disconnected.
1779545507: New connection from ::1:54734 on port 1883.
1779545507: New client connected from ::1:54734 as auto-B20D4A22-0511-B3FF-B1D7-C8F9DD003975 (p2, c1, k60).
1779545507: Client auto-B20D4A22-0511-B3FF-B1D7-C8F9DD003975 disconnected.
1779545537: New connection from ::1:40498 on port 1883.
1779545537: New client connected from ::1:40498 as auto-05D2023F-9674-FE4D-33AD-13DCD0A20C6F (p2, c1, k60).
1779545537: Client auto-05D2023F-9674-FE4D-33AD-13DCD0A20C6F disconnected.
1779545567: New connection from ::1:44246 on port 1883.
1779545567: New client connected from ::1:44246 as auto-83099D46-D35B-1EDD-9B70-22A3CC05BDFB (p2, c1, k60).
1779545567: Client auto-83099D46-D35B-1EDD-9B70-22A3CC05BDFB disconnected.
1779545597: New connection from ::1:35508 on port 1883.
1779545597: New client connected from ::1:35508 as auto-E437E2A2-C855-14F6-69FE-BE9A9ABA45F1 (p2, c1, k60).
1779545597: Client auto-E437E2A2-C855-14F6-69FE-BE9A9ABA45F1 disconnected.
1779545627: New connection from ::1:57296 on port 1883.
1779545627: New client connected from ::1:57296 as auto-FF96011F-0C70-357D-4049-7CB4D13C4AD8 (p2, c1, k60).
1779545627: Client auto-FF96011F-0C70-357D-4049-7CB4D13C4AD8 disconnected.
1779545657: New connection from ::1:35104 on port 1883.
1779545657: New client connected from ::1:35104 as auto-8ED193E3-EFB6-0273-876E-893B19C9C784 (p2, c1, k60).
1779545657: Client auto-8ED193E3-EFB6-0273-876E-893B19C9C784 disconnected.
